Datetime,Global_active_power_sum,Global_active_power_mean,Global_active_power_max,Global_active_power_min,Global_active_power_std,Global_reactive_power_mean,Voltage_mean,Global_intensity_mean,Sub_metering_1,Sub_metering_2,Sub_metering_3,Daily_energy_kWh,Sub_metering_remainder,date,day,day_of_week,day_name,is_weekend,month,month_name,year,quarter,day_of_year,Lag_1_kWh,Lag_7_kWh,Rolling_Mean_7
2006-12-16,1209.176,3.0534747474747475,7.706,0.284,1.0263378212904992,0.08818686868686867,236.24376262626262,13.082828282828283,0.0,546.0,4926.0,20.152933333333333,14680.933333333334,2006-12-16,16,5,Saturday,1,12,Dec,2006,4,350,20.152933333333333,20.152933333333333,20.152933333333333
2006-12-17,3390.46,2.354486111111111,7.064,0.206,1.2057954435344829,0.1569486111111111,240.0870277777778,9.999027777777778,2033.0,4187.0,13341.0,56.507666666666665,36946.666666666664,2006-12-17,17,6,Sunday,1,12,Dec,2006,4,351,20.152933333333333,20.152933333333333,38.3303
2006-12-18,2203.826,1.5304347222222223,6.158,0.202,1.0050741549206366,0.11235555555555556,241.23169444444446,6.421666666666667,1063.0,2621.0,14018.0,36.73043333333333,19028.433333333327,2006-12-18,18,0,Monday,0,12,Dec,2006,4,352,56.507666666666665,20.152933333333333,37.79701111111111
2006-12-19,1666.194,1.1570791666666667,7.84,0.194,1.23760241627707,0.10482083333333334,241.9993125,4.926388888888889,839.0,7602.0,6197.0,27.7699,13131.900000000001,2006-12-19,19,1,Tuesday,0,12,Dec,2006,4,353,36.73043333333333,20.152933333333333,35.29023333333333
2006-12-20,2225.748,1.5456583333333334,5.988,0.202,1.3209679795468874,0.11180416666666666,242.30806249999998,6.467361111111111,0.0,2648.0,14063.0,37.095800000000004,20384.800000000003,2006-12-20,20,2,Wednesday,0,12,Dec,2006,4,354,27.7699,20.152933333333333,35.65134666666667
2006-12-21,1717.114,1.1924402777777778,5.854,0.194,0.9933702942045325,0.10011527777777778,241.0419027777778,5.028194444444445,1765.0,2623.0,10421.0,28.618566666666666,13809.566666666666,2006-12-21,21,3,Thursday,0,12,Dec,2006,4,355,37.095800000000004,20.152933333333333,34.479216666666666
2006-12-22,2341.338,1.6259291666666669,7.884,0.202,1.436179939204263,0.12979583333333333,241.1845486111111,6.872916666666667,3151.0,350.0,11131.0,39.0223,24390.300000000003,2006-12-22,22,4,Friday,0,12,Dec,2006,4,356,28.618566666666666,20.152933333333333,35.12822857142857
2006-12-23,4773.386,3.314851388888889,8.698,0.208,1.5032763052392701,0.15379861111111112,240.1360763888889,14.028055555555557,2669.0,425.0,14726.0,79.55643333333335,61736.43333333335,2006-12-23,23,5,Saturday,1,12,Dec,2006,4,357,39.0223,20.152933333333333,43.61444285714286
2006-12-24,2550.012,1.7708416666666669,6.824,0.196,1.2753698232947774,0.10409722222222223,241.6874375,7.640416666666667,1703.0,5082.0,6891.0,42.5002,28824.199999999997,2006-12-24,24,6,Sunday,1,12,Dec,2006,4,358,79.55643333333335,56.507666666666665,41.61337619047619
2006-12-25,2743.12,1.9049444444444443,6.702,0.198,1.4257552983044437,0.1668611111111111,243.39993055555558,7.951527777777779,6620.0,1962.0,5795.0,45.718666666666664,31341.666666666664,2006-12-25,25,0,Monday,0,12,Dec,2006,4,359,42.5002,36.73043333333333,42.89740952380953
2006-12-26,3934.11,2.7320208333333333,6.496,0.418,0.9575494766645732,0.11465416666666667,241.6254375,11.347916666666666,1086.0,2533.0,14979.0,65.5685,46970.5,2006-12-26,26,1,Tuesday,0,12,Dec,2006,4,360,45.718666666666664,27.7699,48.29720952380952
2006-12-27,1528.76,1.0616388888888888,5.56,0.21,0.8255954029902615,0.12423749999999999,243.76736111111111,4.5175,0.0,314.0,6976.0,25.479333333333333,18189.333333333332,2006-12-27,27,2,Wednesday,0,12,Dec,2006,4,361,65.5685,37.095800000000004,46.63771428571429
2006-12-28,2072.638,1.4393319444444443,9.132,0.218,1.4362921419326407,0.14505277777777778,243.26833333333335,6.086250000000001,2207.0,4419.0,9176.0,34.54396666666666,18741.96666666666,2006-12-28,28,3,Thursday,0,12,Dec,2006,4,362,25.479333333333333,28.618566666666666,47.4842
2006-12-29,3174.392,2.204438888888889,7.238,0.216,1.313412920632707,0.13638472222222223,240.87130555555555,9.271388888888888,1252.0,5162.0,11329.0,52.90653333333333,35163.533333333326,2006-12-29,29,4,Friday,0,12,Dec,2006,4,363,34.54396666666666,39.0223,49.4676619047619
2006-12-30,2802.336,1.9460666666666666,9.078,0.204,1.7485844906606818,0.21716666666666667,240.53597222222223,8.318888888888889,3147.0,7938.0,12515.0,46.7056,23105.6,2006-12-30,30,5,Saturday,1,12,Dec,2006,4,364,52.90653333333333,79.55643333333335,44.7746857142857
2006-12-31,3494.196,2.426525,6.722,0.206,1.1642050770809431,0.10475833333333334,239.8965763888889,10.199583333333333,0.0,347.0,6502.0,58.236599999999996,51387.6,2006-12-31,31,6,Sunday,1,12,Dec,2006,4,365,46.7056,42.5002,47.02274285714286
2007-01-01,2749.004,1.9090305555555556,3.558,0.204,0.9120673043449209,0.10289305555555556,240.12897916666665,7.916944444444444,0.0,352.0,5880.0,45.81673333333333,39584.73333333333,2007-01-01,1,0,Monday,0,1,Jan,2007,1,1,58.236599999999996,45.718666666666664,47.03675238095237
2007-01-02,1269.236,0.8814138888888889,3.688,0.358,0.702746183396342,0.13218194444444445,241.94377777777777,3.7140277777777775,0.0,348.0,6562.0,21.153933333333335,14243.933333333334,2007-01-02,2,1,Tuesday,0,1,Jan,2007,1,2,45.81673333333333,65.5685,40.69181428571428
2007-01-03,1014.054,0.7042041666666666,5.19,0.23,0.562507154444502,0.13661666666666666,243.5570902777778,3.0140277777777778,0.0,344.0,4765.0,16.9009,11791.900000000001,2007-01-03,3,2,Wednesday,0,1,Jan,2007,1,3,21.153933333333335,25.479333333333333,39.46632380952381
2007-01-04,3259.412,2.2634805555555553,5.976,0.26,1.16080006300786,0.1404875,239.7502986111111,9.478194444444444,1051.0,7597.0,10896.0,54.32353333333333,34779.53333333333,2007-01-04,4,3,Thursday,0,1,Jan,2007,1,4,16.9009,34.54396666666666,42.291976190476184
2007-01-05,2713.364,1.8842805555555555,5.73,0.222,1.0255427941793696,0.12024583333333333,240.49576388888892,7.885138888888889,1483.0,379.0,7602.0,45.22273333333333,35758.73333333333,2007-01-05,5,4,Friday,0,1,Jan,2007,1,5,54.32353333333333,52.90653333333333,41.194290476190474
2007-01-06,1508.378,1.047484722222222,8.044,0.234,0.9631602971114509,0.13346388888888888,239.67305555555555,4.543888888888889,1336.0,402.0,5678.0,25.139633333333332,17723.63333333333,2007-01-06,6,5,Saturday,1,1,Jan,2007,1,6,45.22273333333333,46.7056,38.113438095238095
2007-01-07,2447.62,1.6997361111111111,7.774,0.24,1.6683028431485156,0.17088472222222223,240.90248611111113,7.282638888888889,1987.0,8177.0,12810.0,40.79366666666667,17819.666666666664,2007-01-07,7,6,Sunday,1,1,Jan,2007,1,7,25.139633333333332,58.236599999999996,35.62159047619048
2007-01-08,2241.36,1.5565,4.97,0.216,0.9102043970863523,0.14414444444444446,239.5769513888889,6.551666666666667,0.0,467.0,17547.0,37.356,19342.0,2007-01-08,8,0,Monday,0,1,Jan,2007,1,8,40.79366666666667,45.81673333333333,34.41291428571429
2007-01-09,1869.054,1.2979541666666667,8.67,0.202,1.2559920993228828,0.14392222222222223,240.48752083333335,5.521111111111111,1688.0,4267.0,9790.0,31.1509,15405.900000000001,2007-01-09,9,1,Tuesday,0,1,Jan,2007,1,9,37.356,21.153933333333335,35.84105238095238
2007-01-10,2154.8,1.496388888888889,6.836,0.212,1.2914481935287252,0.15864722222222222,241.02745138888892,6.357777777777779,771.0,4456.0,11012.0,35.913333333333334,19674.333333333336,2007-01-10,10,2,Wednesday,0,1,Jan,2007,1,10,31.1509,16.9009,38.557114285714285
2007-01-11,2255.194,1.5661069444444444,7.754,0.21,1.484719248333794,0.1597361111111111,241.1556875,6.658333333333333,1378.0,2170.0,12415.0,37.58656666666666,21623.566666666666,2007-01-11,11,3,Thursday,0,1,Jan,2007,1,11,35.913333333333334,54.32353333333333,36.16611904761904
2007-01-12,1461.296,1.014788888888889,6.478,0.206,0.9285887817857009,0.13829166666666665,241.53820833333336,4.309166666666666,0.0,439.0,8276.0,24.354933333333335,15639.933333333334,2007-01-12,12,4,Friday,0,1,Jan,2007,1,12,37.58656666666666,45.22273333333333,33.18500476190476
2007-01-13,3186.814,2.2130652777777775,9.272,0.212,1.9013055099110159,0.2019,239.28361111111113,9.453055555555554,7806.0,2975.0,11341.0,53.113566666666664,30991.566666666666,2007-01-13,13,5,Saturday,1,1,Jan,2007,1,13,24.354933333333335,25.139633333333332,37.18128095238096
2007-01-14,3011.029,2.090992361111111,7.64,0.202,1.3837106076802297,0.15790069444444446,238.81780555555557,8.971666666666668,1777.0,4215.0,12991.5,50.183816666666665,31200.316666666666,2007-01-14,14,6,Sunday,1,1,Jan,2007,1,14,53.113566666666664,40.79366666666667,38.52273095238095
2007-01-15,2148.678,1.4921375,5.896,0.208,0.9610469913121188,0.12143055555555557,241.2409097222222,6.261527777777778,1099.0,2239.0,15163.0,35.811299999999996,17310.299999999996,2007-01-15,15,0,Monday,0,1,Jan,2007,1,15,50.183816666666665,37.356,38.302059523809525
2007-01-16,1686.404,1.1711138888888888,5.57,0.212,0.996140637902623,0.12876944444444444,241.94475694444446,4.975972222222222,2063.0,644.0,6583.0,28.106733333333334,18816.733333333334,2007-01-16,16,1,Tuesday,0,1,Jan,2007,1,16,35.811299999999996,31.1509,37.86717857142857
2007-01-17,2847.688,1.977561111111111,8.0,0.206,1.4381090691128076,0.13941111111111112,241.00525,8.283888888888889,3500.0,5737.0,16064.0,47.46146666666667,22160.466666666667,2007-01-17,17,2,Wednesday,0,1,Jan,2007,1,17,28.106733333333334,35.913333333333334,39.516911904761905
2007-01-18,1821.462,1.2649041666666667,6.808,0.212,1.0897883769725356,0.12341111111111111,240.89359722222224,5.3425,0.0,336.0,13491.0,30.3577,16530.7,2007-01-18,18,3,Thursday,0,1,Jan,2007,1,18,47.46146666666667,37.58656666666666,38.48421666666666
2007-01-19,1480.44,1.0280833333333335,6.132,0.198,0.9973114846221709,0.11809166666666666,240.16094444444445,4.37625,2103.0,330.0,7172.0,24.674,15069.0,2007-01-19,19,4,Friday,0,1,Jan,2007,1,19,30.3577,24.354933333333335,38.52979761904761
2007-01-20,3133.732,2.1762027777777777,8.658,0.218,1.5066381088692833,0.16552916666666667,238.8674722222222,9.348055555555556,4324.0,5222.0,11440.0,52.22886666666667,31242.86666666667,2007-01-20,20,5,Saturday,1,1,Jan,2007,1,20,24.674,53.113566666666664,38.40341190476191
2007-01-21,3407.262,2.366154166666667,8.018,0.206,1.8551407862702094,0.15953888888888887,238.96811805555558,10.190694444444444,10346.0,5567.0,11599.0,56.7877,29275.700000000004,2007-01-21,21,6,Sunday,1,1,Jan,2007,1,21,52.22886666666667,50.183816666666665,39.34682380952381
2007-01-22,2180.494,1.5142319444444445,7.722,0.212,1.234595759646174,0.1171125,241.60313194444444,6.355277777777778,1054.0,2983.0,11361.0,36.34156666666667,20943.566666666673,2007-01-22,22,0,Monday,0,1,Jan,2007,1,22,56.7877,35.811299999999996,39.42257619047619
2007-01-23,1777.64,1.2344722222222222,6.036,0.202,1.2269238580701172,0.09602777777777778,242.76255555555556,5.260833333333333,0.0,1064.0,5061.0,29.627333333333336,23502.333333333336,2007-01-23,23,1,Tuesday,0,1,Jan,2007,1,23,36.34156666666667,28.106733333333334,39.63980476190476
2007-01-24,2987.854,2.074898611111111,7.248,0.212,1.172317007860733,0.12365277777777778,241.45769444444446,8.733611111111111,3464.0,2480.0,11744.0,49.79756666666666,32109.56666666666,2007-01-24,24,2,Wednesday,0,1,Jan,2007,1,24,29.627333333333336,47.46146666666667,39.97353333333334
2007-01-25,1596.344,1.1085722222222223,5.832,0.206,0.9896069121153739,0.10011111111111111,243.42436111111112,4.629305555555556,1158.0,262.0,11239.0,26.605733333333333,13946.733333333334,2007-01-25,25,3,Thursday,0,1,Jan,2007,1,25,49.79756666666666,30.3577,39.4375380952381
2007-01-26,1617.972,1.1235916666666665,5.024,0.208,0.902378535578748,0.09923749999999999,242.77179166666667,4.721388888888889,1163.0,261.0,8238.0,26.9662,17304.2,2007-01-26,26,4,Friday,0,1,Jan,2007,1,26,26.605733333333333,24.674,39.76499523809524
2007-01-27,2044.072,1.4194944444444444,6.204,0.214,1.1191024895776895,0.10294583333333332,241.61656944444442,5.949861111111111,1170.0,3896.0,12374.0,34.06786666666667,16627.86666666667,2007-01-27,27,5,Saturday,1,1,Jan,2007,1,27,26.9662,52.22886666666667,37.170566666666666
2007-01-28,3092.425,2.1475173611111114,7.552,0.224,1.3526013630155005,0.10668611111111112,240.30152083333334,9.133888888888889,3466.0,3997.5,12061.0,51.54041666666667,32015.91666666667,2007-01-28,28,6,Sunday,1,1,Jan,2007,1,28,34.06786666666667,56.7877,36.42095476190476
2007-01-29,1982.664,1.37685,4.908,0.222,0.933933443707787,0.11506666666666666,240.9295972222222,5.788888888888889,1123.0,294.0,15254.0,33.0444,16373.400000000001,2007-01-29,29,0,Monday,0,1,Jan,2007,1,29,51.54041666666667,36.34156666666667,35.94993095238095
2007-01-30,1707.798,1.1859708333333334,6.166,0.228,1.1651166165719002,0.1256486111111111,241.84087499999998,5.028194444444445,1123.0,1424.0,8149.0,28.4633,17767.3,2007-01-30,30,1,Tuesday,0,1,Jan,2007,1,30,33.0444,29.627333333333336,35.78364047619048
2007-01-31,2363.752,1.6414944444444444,6.59,0.226,1.2872800788324854,0.12915833333333332,239.92113194444443,6.923611111111111,0.0,5950.0,15052.0,39.39586666666666,18393.86666666666,2007-01-31,31,2,Wednesday,0,1,Jan,2007,1,31,28.4633,49.79756666666666,34.29768333333333
2007-02-01,1824.76,1.2671944444444445,7.482,0.222,1.107042024571097,0.10435000000000001,240.3921388888889,5.3325000000000005,1170.0,386.0,13145.0,30.412666666666667,15711.666666666668,2007-02-01,1,3,Thursday,0,2,Feb,2007,1,32,39.39586666666666,26.605733333333333,34.84153095238095
2007-02-02,1667.736,1.15815,5.448,0.22,0.9902841673858678,0.09690416666666667,240.3343888888889,4.870833333333334,0.0,356.0,11338.0,27.7956,16101.599999999999,2007-02-02,2,4,Friday,0,2,Feb,2007,1,33,30.412666666666667,26.9662,34.96001666666667
2007-02-03,4029.722,2.7984180555555556,7.904,0.236,1.3898937081788412,0.17071111111111112,238.91019444444444,11.815972222222221,4746.0,4573.0,17834.0,67.16203333333334,40009.03333333334,2007-02-03,3,5,Saturday,1,2,Feb,2007,1,34,27.7956,34.06786666666667,39.68775476190477
2007-02-04,3595.94,2.4971805555555555,7.698,0.22,1.2693117539592433,0.12950972222222223,239.63333333333333,10.565416666666668,3391.0,4597.0,14472.0,59.93233333333333,37472.333333333336,2007-02-04,4,6,Sunday,1,2,Feb,2007,1,35,67.16203333333334,51.54041666666667,40.8866
2007-02-05,1645.28,1.1425555555555555,5.816,0.222,1.0649207859938055,0.10224166666666668,240.81031249999998,4.820416666666667,896.0,2564.0,7849.0,27.421333333333333,16112.333333333332,2007-02-05,5,0,Monday,0,2,Feb,2007,1,36,59.93233333333333,33.0444,40.08330476190476
2007-02-06,1273.48,0.8843611111111112,4.816,0.214,0.7795022111362108,0.09900416666666667,241.26415972222225,3.7719444444444448,1185.0,405.0,4517.0,21.224666666666668,15117.666666666668,2007-02-06,6,1,Tuesday,0,2,Feb,2007,1,37,27.421333333333333,28.4633,39.04921428571429
2007-02-07,2328.018,1.6166791666666667,6.694,0.218,1.1937195517184798,0.12340833333333333,241.14969444444444,6.791666666666667,3299.0,3513.0,11986.0,38.8003,20002.300000000003,2007-02-07,7,2,Wednesday,0,2,Feb,2007,1,38,21.224666666666668,39.39586666666666,38.964133333333336
2007-02-08,1801.414,1.2509819444444443,5.58,0.216,1.052445327392917,0.09645555555555554,241.79730555555554,5.248333333333334,2226.0,366.0,10157.0,30.023566666666667,17274.566666666666,2007-02-08,8,3,Thursday,0,2,Feb,2007,1,39,38.8003,30.412666666666667,38.908547619047624
2007-02-09,1620.198,1.1251375000000001,6.146,0.218,1.0075205699836784,0.10976805555555556,241.74044444444445,4.727222222222222,0.0,3045.0,9770.0,27.003300000000003,14188.300000000003,2007-02-09,9,4,Friday,0,2,Feb,2007,1,40,30.023566666666667,27.7956,38.79536190476191
2007-02-10,2829.328,1.964811111111111,6.88,0.254,1.506024559569056,0.1340097222222222,240.0368263888889,8.303749999999999,5071.0,2831.0,14405.0,47.15546666666667,24848.466666666667,2007-02-10,10,5,Saturday,1,2,Feb,2007,1,41,27.003300000000003,67.16203333333334,35.93728095238095
2007-02-11,3571.228,2.4800194444444443,7.426,0.252,1.2343661608050598,0.1418847222222222,239.5061458333333,10.526805555555557,2430.0,4765.0,13114.0,59.52046666666667,39211.466666666674,2007-02-11,11,6,Sunday,1,2,Feb,2007,1,42,47.15546666666667,59.93233333333333,35.87844285714286
2007-02-12,1877.61,1.3038958333333333,6.514,0.222,1.0520934900786523,0.09493333333333334,240.09850000000003,5.503472222222222,2227.0,399.0,11517.0,31.293499999999998,17150.499999999996,2007-02-12,12,0,Monday,0,2,Feb,2007,1,43,59.52046666666667,27.421333333333333,36.43160952380952
2007-02-13,1414.546,0.9823236111111111,4.972,0.214,0.9400883244759495,0.09352638888888888,241.16685416666667,4.14375,0.0,2828.0,6256.0,23.575766666666667,14491.766666666666,2007-02-13,13,1,Tuesday,0,2,Feb,2007,1,44,31.293499999999998,21.224666666666668,36.76748095238095
2007-02-14,2498.672,1.735188888888889,6.008,0.212,1.3674042417678116,0.14062916666666667,240.3753888888889,7.315138888888888,3295.0,3793.0,11579.0,41.644533333333335,22977.533333333333,2007-02-14,14,2,Wednesday,0,2,Feb,2007,1,45,23.575766666666667,38.8003,37.17379999999999
2007-02-15,1985.346,1.3787125,7.234,0.246,1.226902915355341,0.11525277777777777,240.66922222222223,5.820277777777778,0.0,2363.0,14028.0,33.0891,16698.1,2007-02-15,15,3,Thursday,0,2,Feb,2007,1,46,41.644533333333335,30.023566666666667,37.61173333333334
2007-02-16,1702.528,1.182311111111111,6.316,0.252,1.1356684238903967,0.1053375,240.82094444444442,5.0465277777777775,1148.0,859.0,8689.0,28.375466666666668,17679.466666666667,2007-02-16,16,4,Friday,0,2,Feb,2007,1,47,33.0891,27.003300000000003,37.80775714285714
2007-02-17,2076.912,1.4423,7.33,0.214,1.2620182624621759,0.16595,239.31603472222224,6.129166666666666,1765.0,2226.0,7157.0,34.615199999999994,23467.199999999997,2007-02-17,17,5,Saturday,1,2,Feb,2007,1,48,28.375466666666668,47.15546666666667,36.01629047619048
2007-02-18,3829.762,2.6595569444444447,7.16,0.226,1.5581848979008395,0.17744583333333333,239.17080555555557,11.238888888888889,6107.0,8003.0,13129.0,63.82936666666667,36590.366666666676,2007-02-18,18,6,Sunday,1,2,Feb,2007,1,49,34.615199999999994,59.52046666666667,36.63184761904762
2007-02-19,2186.614,1.5184819444444444,7.682,0.218,1.3736757781673479,0.12262777777777778,239.78958333333333,6.442222222222222,1634.0,2900.0,13085.0,36.44356666666667,18824.566666666666,2007-02-19,19,0,Monday,0,2,Feb,2007,1,50,63.82936666666667,31.293499999999998,37.36757142857143
2007-02-20,3149.928,2.18745,8.374,0.25,1.2994659394792045,0.1299708333333333,239.86544444444445,9.168472222222222,2058.0,5191.0,9713.0,52.498799999999996,35536.799999999996,2007-02-20,20,1,Tuesday,0,2,Feb,2007,1,51,36.44356666666667,23.575766666666667,41.499433333333336
2007-02-21,2072.874,1.4394958333333332,8.974,0.21,1.2632524415356827,0.13185416666666666,240.46096527777777,6.0744444444444445,3527.0,2332.0,11548.0,34.5479,17140.9,2007-02-21,21,2,Wednesday,0,2,Feb,2007,1,52,52.498799999999996,41.644533333333335,40.48562857142857
2007-02-22,3377.42,2.3454305555555557,9.41,0.252,1.5606845431367138,0.09593333333333334,238.62018055555555,9.880277777777778,1409.0,4165.0,12285.0,56.290333333333336,38431.333333333336,2007-02-22,22,3,Thursday,0,2,Feb,2007,1,53,34.5479,33.0891,43.800090476190476
2007-02-23,1313.48,0.9121388888888889,5.468,0.206,0.7174993270934723,0.1037111111111111,240.68596527777777,3.825416666666667,0.0,503.0,10786.0,21.891333333333332,10602.333333333332,2007-02-23,23,4,Friday,0,2,Feb,2007,1,54,56.290333333333336,28.375466666666668,42.87378571428571
2007-02-24,714.922,0.4964736111111111,2.464,0.204,0.5261700347682237,0.0848625,239.86310416666666,2.0858333333333334,0.0,363.0,3562.0,11.915366666666667,7990.366666666667,2007-02-24,24,5,Saturday,1,2,Feb,2007,1,55,21.891333333333332,34.615199999999994,39.63095238095239
2007-02-25,501.74,0.3484305555555556,1.536,0.21,0.2741823564661453,0.07898333333333334,241.6815486111111,1.462222222222222,0.0,329.0,1660.0,8.362333333333334,6373.333333333334,2007-02-25,25,6,Sunday,1,2,Feb,2007,1,56,11.915366666666667,63.82936666666667,31.707090476190476
2007-02-26,568.484,0.3947805555555556,1.558,0.21,0.34001052456379266,0.07519444444444444,241.27359027777777,1.658888888888889,0.0,331.0,2830.0,9.474733333333335,6313.733333333335,2007-02-26,26,0,Monday,0,2,Feb,2007,1,57,8.362333333333334,36.44356666666667,27.854400000000002
2007-02-27,518.112,0.35979999999999995,1.47,0.21,0.2854327589866136,0.07861388888888889,242.94427083333332,1.5245833333333334,0.0,314.0,1924.0,8.6352,6397.199999999999,2007-02-27,27,1,Tuesday,0,2,Feb,2007,1,58,9.474733333333335,52.498799999999996,21.58817142857143
2007-02-28,520.774,0.36164861111111113,1.486,0.21,0.29002752522942277,0.07873055555555555,242.15959027777777,1.5284722222222222,0.0,340.0,1973.0,8.679566666666666,6366.566666666666,2007-02-28,28,2,Wednesday,0,2,Feb,2007,1,59,8.6352,34.5479,17.89269523809524
2007-03-01,517.564,0.3594194444444444,1.472,0.208,0.2912436378801564,0.07474166666666666,241.3214027777778,1.508888888888889,0.0,316.0,1980.0,8.626066666666667,6330.066666666666,2007-03-01,1,3,Thursday,0,3,Mar,2007,1,60,8.679566666666666,56.290333333333336,11.083514285714285
2007-03-02,515.688,0.35811666666666664,1.468,0.208,0.28547255533083393,0.0743111111111111,240.59159722222225,1.5068055555555557,0.0,340.0,1969.0,8.5948,6285.799999999999,2007-03-02,2,4,Friday,0,3,Mar,2007,1,61,8.626066666666667,21.891333333333332,9.184009523809523
2007-03-03,819.122,0.5688347222222222,4.242,0.206,0.5387863595652465,0.09374444444444444,241.28808333333336,2.401111111111111,0.0,347.0,4597.0,13.652033333333332,8708.033333333331,2007-03-03,3,5,Saturday,1,3,Mar,2007,1,62,8.5948,11.915366666666667,9.432104761904762
2007-03-04,2090.7,1.4518749999999998,10.67,0.208,1.8109022660060146,0.12200138888888888,240.0297986111111,6.158194444444444,1476.0,8711.0,9408.0,34.845,15250.0,2007-03-04,4,6,Sunday,1,3,Mar,2007,1,63,13.652033333333332,8.362333333333334,13.215342857142856
2007-03-05,2660.332,1.8474527777777776,9.486,0.208,1.6879739517249077,0.14302499999999999,240.03090972222222,7.840277777777778,5727.0,12109.0,10026.0,44.33886666666667,16476.86666666667,2007-03-05,5,0,Monday,0,3,Mar,2007,1,64,34.845,9.474733333333335,18.195933333333333
2007-03-06,1246.5,0.865625,6.508,0.202,0.9187487115240117,0.12926944444444444,240.98806944444445,3.6956944444444444,0.0,1740.0,4700.0,20.775,14335.0,2007-03-06,6,1,Tuesday,0,3,Mar,2007,1,65,44.33886666666667,8.6352,19.93019047619048
2007-03-07,2375.206,1.6494486111111113,5.98,0.204,1.3953245602192672,0.11888888888888888,240.3235625,6.935,1076.0,4761.0,15513.0,39.58676666666667,18236.76666666667,2007-03-07,7,2,Wednesday,0,3,Mar,2007,1,66,20.775,8.679566666666666,24.345504761904767
2007-03-08,1572.132,1.0917583333333334,6.354,0.224,1.239105966765082,0.13014166666666666,240.66542361111112,4.665138888888889,2180.0,3385.0,6655.0,26.2022,13982.2,2007-03-08,8,3,Thursday,0,3,Mar,2007,1,67,39.58676666666667,8.626066666666667,26.856380952380952
2007-03-09,1272.612,0.8837583333333334,5.444,0.22,0.7856486526119284,0.08280416666666666,240.88846527777778,3.73125,1093.0,345.0,8631.0,21.2102,11141.2,2007-03-09,9,4,Friday,0,3,Mar,2007,1,68,26.2022,8.5948,28.658580952380955
2007-03-10,2484.712,1.7254944444444444,6.35,0.22,1.3745720587342531,0.16911666666666667,239.80283333333335,7.341944444444445,4130.0,5422.0,10979.0,41.41186666666667,20880.86666666667,2007-03-10,10,5,Saturday,1,3,Mar,2007,1,69,21.2102,13.652033333333332,32.624271428571426
2007-03-11,3480.636,2.417108333333333,7.142,0.228,1.1711840682325403,0.12039861111111111,240.00729166666667,10.121527777777779,4810.0,3420.0,9500.0,58.0106,40280.6,2007-03-11,11,6,Sunday,1,3,Mar,2007,1,70,41.41186666666667,34.845,35.93364285714286
2007-03-12,1950.668,1.3546305555555556,6.078,0.216,1.0449341322929513,0.0933486111111111,240.55871527777776,5.728472222222222,1403.0,2841.0,12353.0,32.51113333333333,15914.133333333335,2007-03-12,12,0,Monday,0,3,Mar,2007,1,71,58.0106,44.33886666666667,34.243966666666665
2007-03-13,1290.144,0.8959333333333334,5.77,0.212,0.9987887068291796,0.08799861111111111,240.89796527777779,3.8056944444444443,1350.0,3859.0,5323.0,21.5024,10970.400000000001,2007-03-13,13,1,Tuesday,0,3,Mar,2007,1,72,32.51113333333333,20.775,34.347880952380955
2007-03-14,1793.364,1.2453916666666667,6.114,0.224,1.1545171624784376,0.10939027777777777,240.77729166666666,5.2675,3485.0,480.0,8607.0,29.889400000000002,17317.4,2007-03-14,14,2,Wednesday,0,3,Mar,2007,1,73,21.5024,39.58676666666667,32.96254285714286
2007-03-15,1884.814,1.3088986111111112,4.574,0.21,1.083266627363986,0.11064305555555555,240.28049305555552,5.523194444444444,0.0,3263.0,11036.0,31.413566666666668,17114.56666666667,2007-03-15,15,3,Thursday,0,3,Mar,2007,1,74,29.889400000000002,26.2022,33.70702380952381
2007-03-16,1702.054,1.1819819444444446,5.342,0.222,1.0731534029298813,0.09042222222222222,239.52713194444445,4.992361111111111,1106.0,4604.0,5370.0,28.36756666666667,17287.56666666667,2007-03-16,16,4,Friday,0,3,Mar,2007,1,75,31.413566666666668,21.2102,34.729504761904764
2007-03-17,2028.09,1.4083958333333333,5.642,0.206,1.1748510583451204,0.08824166666666666,238.22465277777778,5.946111111111111,2208.0,359.0,12275.0,33.8015,18959.5,2007-03-17,17,5,Saturday,1,3,Mar,2007,1,76,28.36756666666667,41.41186666666667,33.64230952380952
2007-03-18,2371.046,1.6465597222222221,7.994,0.226,1.5691392099571915,0.1676736111111111,241.04781944444443,7.007916666666667,6564.0,7369.0,5856.0,39.51743333333333,19728.433333333327,2007-03-18,18,6,Sunday,1,3,Mar,2007,1,77,33.8015,58.0106,31.000428571428568
2007-03-19,2152.518,1.4948041666666667,7.452,0.214,1.250325636187626,0.10053055555555557,240.49709027777777,6.281944444444444,1648.0,2686.0,14118.0,35.8753,17423.300000000003,2007-03-19,19,0,Monday,0,3,Mar,2007,1,78,39.51743333333333,32.51113333333333,31.481023809523812
2007-03-20,2086.228,1.4487694444444446,6.55,0.216,1.4397605611912994,0.11449305555555556,240.8156388888889,6.151249999999999,3745.0,2837.0,11255.0,34.77046666666667,16933.466666666674,2007-03-20,20,1,Tuesday,0,3,Mar,2007,1,79,35.8753,21.5024,33.376461904761904
2007-03-21,2142.092,1.487563888888889,5.88,0.218,1.056957014609023,0.09918750000000001,240.98664583333334,6.237222222222223,1865.0,4133.0,12335.0,35.70153333333334,17368.53333333334,2007-03-21,21,2,Wednesday,0,3,Mar,2007,1,80,34.77046666666667,29.889400000000002,34.20676666666667
2007-03-22,1454.978,1.010401388888889,5.744,0.202,0.9165850646170801,0.07904583333333333,241.76352777777777,4.223055555555556,353.0,736.0,10462.0,24.249633333333335,12698.633333333335,2007-03-22,22,3,Thursday,0,3,Mar,2007,1,81,35.70153333333334,31.413566666666668,33.183347619047616
2007-03-23,1309.008,0.9090333333333334,4.314,0.204,0.8196419693301586,0.08297777777777778,241.64547916666666,3.80375,1127.0,777.0,8369.0,21.8168,11543.8,2007-03-23,23,4,Friday,0,3,Mar,2007,1,82,24.249633333333335,28.36756666666667,32.247523809523805
2007-03-24,2968.43,2.0614097222222223,7.186,0.2,1.5966665184052828,0.13265555555555555,239.70447222222222,8.703333333333333,3707.0,5797.0,16382.0,49.47383333333333,23587.83333333333,2007-03-24,24,5,Saturday,1,3,Mar,2007,1,83,21.8168,33.8015,34.486428571428576
2007-03-25,3336.653,2.317120138888889,7.918,0.242,1.2018202115370298,0.16402777777777777,240.03453819444442,9.717152777777779,4630.0,3600.0,9358.0,55.61088333333333,38022.883333333324,2007-03-25,25,6,Sunday,1,3,Mar,2007,1,84,49.47383333333333,39.51743333333333,36.785492857142856
2007-03-26,1416.082,0.9833902777777779,5.804,0.218,0.8601080514017377,0.11178194444444445,241.3368125,4.183055555555556,1088.0,344.0,9096.0,23.601366666666667,13073.366666666669,2007-03-26,26,0,Monday,0,3,Mar,2007,1,85,55.61088333333333,35.8753,35.03207380952381
2007-03-27,1105.14,0.7674583333333334,5.938,0.212,0.9524884118844431,0.10536527777777778,240.60197916666664,3.296527777777778,0.0,3019.0,3697.0,18.419,11703.0,2007-03-27,27,1,Tuesday,0,3,Mar,2007,1,86,23.601366666666667,34.77046666666667,32.69615
2007-03-28,2333.898,1.6207625,6.714,0.218,1.3273216739403761,0.13647083333333335,240.4446111111111,6.854583333333333,1122.0,8527.0,13888.0,38.8983,15361.299999999996,2007-03-28,28,2,Wednesday,0,3,Mar,2007,1,87,18.419,35.70153333333334,33.15283095238095
2007-03-29,1590.406,1.1044486111111111,6.49,0.212,1.099647947389622,0.13798333333333332,240.5366875,4.676805555555556,1162.0,460.0,10724.0,26.506766666666667,14160.766666666666,2007-03-29,29,3,Thursday,0,3,Mar,2007,1,88,38.8983,24.249633333333335,33.475278571428575
2007-03-30,1402.394,0.9738847222222222,5.098,0.214,0.8902802616655321,0.12578333333333333,241.03922916666667,4.189583333333333,1094.0,468.0,8217.0,23.373233333333335,13594.233333333334,2007-03-30,30,4,Friday,0,3,Mar,2007,1,89,26.506766666666667,21.8168,33.69762619047619
2007-03-31,3509.51,2.4371597222222223,7.098,0.308,1.3013207283857426,0.16076666666666667,239.26077083333334,10.264722222222222,2620.0,7707.0,17682.0,58.49183333333334,30482.833333333336,2007-03-31,31,5,Saturday,1,3,Mar,2007,1,90,23.373233333333335,49.47383333333333,34.985911904761906
2007-04-01,2785.9519999999998,1.9346888888888887,8.16,0.222,1.4205547499176876,0.1406611111111111,240.02448611111112,8.149444444444445,4629.0,5401.0,19509.0,46.43253333333333,16893.533333333333,2007-04-01,1,6,Sunday,1,4,Apr,2007,2,91,58.49183333333334,55.61088333333333,33.67471904761904
2007-04-02,1960.778,1.3616513888888888,6.338,0.206,1.0475510383267197,0.12106666666666667,240.46011805555557,5.71263888888889,1755.0,970.0,16641.0,32.679633333333335,13313.633333333335,2007-04-02,2,0,Monday,0,4,Apr,2007,2,92,46.43253333333333,23.601366666666667,34.97161428571429
2007-04-03,1642.82,1.1408472222222221,7.928,0.21,1.3179436312459225,0.11719444444444443,240.50495833333335,4.84625,3630.0,1042.0,7637.0,27.380333333333333,15071.333333333332,2007-04-03,3,1,Tuesday,0,4,Apr,2007,2,93,32.679633333333335,18.419,36.25180476190476
2007-04-04,2051.868,1.4249083333333332,6.266,0.212,1.1245997783660833,0.11966527777777779,240.33178472222224,5.98625,3434.0,420.0,14748.0,34.1978,15595.800000000003,2007-04-04,4,2,Wednesday,0,4,Apr,2007,2,94,27.380333333333333,38.8983,35.58030476190476
2007-04-05,1844.078,1.2806097222222221,8.102,0.21,1.423730535253956,0.16981805555555557,241.1731041666667,5.491527777777778,1086.0,4277.0,10523.0,30.73463333333333,14848.633333333331,2007-04-05,5,3,Thursday,0,4,Apr,2007,2,95,34.1978,26.506766666666667,36.184285714285714
2007-04-06,1601.14,1.111902777777778,5.812,0.224,1.004046197184094,0.09945416666666666,241.18445138888887,4.688611111111111,0.0,5466.0,9166.0,26.68566666666667,12053.666666666672,2007-04-06,6,4,Friday,0,4,Apr,2007,2,96,30.73463333333333,23.373233333333335,36.65749047619048
2007-04-07,1553.924,1.079113888888889,5.44,0.216,1.1766989566381523,0.09634027777777777,240.37859027777776,4.564583333333333,1127.0,3111.0,5923.0,25.898733333333332,15737.733333333334,2007-04-07,7,5,Saturday,1,4,Apr,2007,2,97,26.68566666666667,58.49183333333334,32.001333333333335
2007-04-08,1608.816,1.1172333333333333,3.598,0.208,0.9118121863839936,0.0943625,240.34918055555556,4.719861111111111,0.0,485.0,3545.0,26.8136,22783.600000000002,2007-04-08,8,6,Sunday,1,4,Apr,2007,2,98,25.898733333333332,46.43253333333333,29.19862857142857
2007-04-09,1000.92,0.6950833333333333,3.766,0.21,0.7570647599311926,0.1111875,240.55048611111113,2.974583333333333,2667.0,514.0,3801.0,16.682,9700.0,2007-04-09,9,0,Monday,0,4,Apr,2007,2,99,26.8136,32.679633333333335,26.91325238095238
2007-04-10,777.364,0.5398361111111112,3.076,0.212,0.45382389928818184,0.10343055555555555,240.8137013888889,2.347361111111111,209.0,742.0,2572.0,12.956066666666667,9433.066666666668,2007-04-10,10,1,Tuesday,0,4,Apr,2007,2,100,16.682,27.380333333333333,24.852642857142857
2007-04-11,887.482,0.6163069444444444,2.906,0.212,0.5147247497304727,0.13364305555555556,241.1548263888889,2.61875,0.0,1112.0,6421.0,14.791366666666667,7258.366666666667,2007-04-11,11,2,Wednesday,0,4,Apr,2007,2,101,12.956066666666667,34.1978,22.08029523809524
2007-04-12,537.706,0.37340694444444444,1.542,0.21,0.2811334567809056,0.10264722222222224,240.25606249999998,1.5979166666666667,0.0,541.0,1818.0,8.961766666666668,6602.766666666668,2007-04-12,12,3,Thursday,0,4,Apr,2007,2,102,14.791366666666667,30.73463333333333,18.969885714285713
2007-04-13,551.022,0.3826541666666667,1.466,0.21,0.2865075458925478,0.10530555555555554,240.05048611111113,1.6433333333333333,0.0,558.0,1988.0,9.1837,6637.700000000001,2007-04-13,13,4,Friday,0,4,Apr,2007,2,103,8.961766666666668,26.68566666666667,16.469604761904762
2007-04-14,554.268,0.38490833333333335,1.526,0.212,0.2879180206029285,0.1080625,240.31314583333332,1.6513888888888888,0.0,578.0,2008.0,9.2378,6651.799999999999,2007-04-14,14,5,Saturday,1,4,Apr,2007,2,104,9.1837,25.898733333333332,14.089471428571429
2007-04-15,726.164,0.5042805555555555,3.906,0.122,0.5637374478558692,0.11912777777777779,240.23668750000002,2.1865277777777776,0.0,1026.0,2893.0,12.102733333333333,8183.733333333334,2007-04-15,15,6,Sunday,1,4,Apr,2007,2,105,9.2378,26.8136,11.987919047619046
2007-04-16,952.39,0.6613819444444444,6.026,0.124,0.8049052663453741,0.12921805555555557,240.6571388888889,2.8724999999999996,952.0,1305.0,4656.0,15.873166666666666,8960.166666666666,2007-04-16,16,0,Monday,0,4,Apr,2007,2,106,12.102733333333333,16.682,11.872371428571427
2007-04-17,1223.734,0.8498152777777778,6.41,0.14,0.8766192161247344,0.15163472222222224,240.19566666666668,3.6908333333333334,1532.0,389.0,6199.0,20.395566666666664,12275.566666666662,2007-04-17,17,1,Tuesday,0,4,Apr,2007,2,107,15.873166666666666,12.956066666666667,12.935157142857141
2007-04-18,998.246,0.6932263888888889,6.054,0.122,0.776786698419657,0.11473888888888888,240.14677777777777,2.9954166666666664,1579.0,355.0,3430.0,16.637433333333334,11273.433333333334,2007-04-18,18,2,Wednesday,0,4,Apr,2007,2,108,20.395566666666664,14.791366666666667,13.19888095238095
2007-04-19,1028.658,0.7143458333333332,5.798,0.128,0.6297265959661628,0.10393055555555555,240.42984027777777,3.055833333333333,733.0,1605.0,5748.0,17.144299999999998,9058.3,2007-04-19,19,3,Thursday,0,4,Apr,2007,2,109,16.637433333333334,8.961766666666668,14.367814285714285
2007-04-20,822.58,0.5712361111111112,5.814,0.118,0.7870400207407172,0.10114305555555557,240.13289583333332,2.494861111111111,1069.0,360.0,3499.0,13.709666666666667,8781.666666666668,2007-04-20,20,4,Friday,0,4,Apr,2007,2,110,17.144299999999998,9.1837,15.01438095238095
2007-04-21,1673.656,1.162261111111111,7.336,0.112,1.2294766984072902,0.14767916666666667,239.21323611111112,5.035694444444444,6575.0,463.0,11129.0,27.894266666666667,9727.266666666666,2007-04-21,21,5,Saturday,1,4,Apr,2007,2,111,13.709666666666667,9.2378,17.679590476190477
2007-04-22,2233.714,1.5511902777777777,6.958,0.138,1.2789670812424907,0.1855513888888889,239.60888194444442,6.688472222222222,4264.0,2287.0,11102.0,37.228566666666666,19575.566666666666,2007-04-22,22,6,Sunday,1,4,Apr,2007,2,112,27.894266666666667,12.102733333333333,21.26899523809524
2007-04-23,1054.566,0.7323375,4.676,0.104,0.7502263656421679,0.09419444444444444,237.23564583333334,3.264166666666666,1402.0,506.0,6005.0,17.5761,9663.099999999999,2007-04-23,23,0,Monday,0,4,Apr,2007,2,113,37.228566666666666,15.873166666666666,21.51227142857143
2007-04-24,1032.1,0.716736111111111,5.638,0.108,0.7279933312101591,0.09393333333333334,235.3449236111111,3.1448611111111116,1125.0,527.0,6680.0,17.201666666666664,8869.666666666664,2007-04-24,24,1,Tuesday,0,4,Apr,2007,2,114,17.5761,20.395566666666664,21.056
2007-04-25,1264.162,0.8778902777777778,4.602,0.106,0.8892194524704038,0.11439999999999999,234.94111111111113,3.858055555555556,0.0,1469.0,8812.0,21.069366666666667,10788.366666666669,2007-04-25,25,2,Wednesday,0,4,Apr,2007,2,115,17.201666666666664,16.637433333333334,21.68913333333333
2007-04-26,1275.466,0.8857402777777778,5.394,0.106,0.8845660879257086,0.11361527777777777,234.7872986111111,3.92375,1324.0,1845.0,7163.0,21.257766666666665,10925.766666666666,2007-04-26,26,3,Thursday,0,4,Apr,2007,2,116,21.069366666666667,17.144299999999998,22.27677142857143
2007-04-27,1094.332,0.7599527777777778,4.658,0.104,0.90268431626783,0.11245,235.21616666666668,3.3125,1772.0,545.0,4756.0,18.23886666666667,11165.866666666669,2007-04-27,27,4,Friday,0,4,Apr,2007,2,117,21.257766666666665,13.709666666666667,22.9238
2007-04-28,650.5456670247046,0.4517678243227115,1.478,0.39292910848549945,0.0961785570979279,0.18252905105024467,235.89338099340614,2.010105770378327,0.0,18.0,0.0,10.842427783745077,10824.427783745077,2007-04-28,28,5,Saturday,1,4,Apr,2007,2,118,18.23886666666667,27.894266666666667,20.487823016725486
2007-04-29,493.38096670247046,0.34262567132116006,0.392859291084855,0.2923920515574651,0.029032623965302456,0.13331283566058003,235.28055719656282,1.5105800214822773,0.0,0.0,0.0,8.22301611170784,8223.01611170784,2007-04-29,29,6,Sunday,1,4,Apr,2007,2,119,10.842427783745077,37.228566666666666,16.344172937445656
2007-04-30,647.3593662728249,0.44955511546723953,3.966,0.138,0.563852585788351,0.10566297440028642,234.80638472669767,1.979314208139396,1214.0,500.0,1131.0,10.78932277121375,7944.322771213749,2007-04-30,30,0,Monday,0,4,Apr,2007,2,120,8.22301611170784,17.5761,15.374633333333334
2007-05-01,1663.858,1.1554569444444445,6.096,0.126,1.1133166682055684,0.12611666666666668,234.6787013888889,5.073333333333333,4005.0,995.0,8546.0,27.730966666666667,14184.966666666667,2007-05-01,1,1,Tuesday,0,5,May,2007,2,121,10.78932277121375,17.201666666666664,16.87881904761905
2007-05-02,1003.486,0.6968652777777777,5.76,0.122,0.6677569965471921,0.11117500000000001,235.58207638888888,3.1415277777777777,7.0,1490.0,3754.0,16.724766666666667,11473.766666666666,2007-05-02,2,2,Wednesday,0,5,May,2007,2,122,27.730966666666667,21.069366666666667,16.258161904761906
2007-05-03,1090.238,0.7571097222222223,4.712,0.106,0.8035407669721325,0.10482083333333334,235.1348888888889,3.307638888888889,1906.0,1725.0,7836.0,18.170633333333335,6703.633333333335,2007-05-03,3,3,Thursday,0,5,May,2007,2,123,16.724766666666667,21.257766666666665,15.817142857142857
2007-05-04,998.128,0.6931444444444445,5.702,0.112,0.8905908783202836,0.12134722222222223,235.71019444444443,3.0780555555555553,2259.0,538.0,3990.0,16.635466666666666,9848.466666666667,2007-05-04,4,4,Friday,0,5,May,2007,2,124,18.170633333333335,18.23886666666667,15.588085714285715
2007-05-05,1563.052,1.0854527777777778,5.642,0.11,1.036089373685157,0.12090416666666667,235.03502083333333,4.736111111111111,2913.0,2493.0,11303.0,26.050866666666664,9341.866666666665,2007-05-05,5,5,Saturday,1,5,May,2007,2,125,16.635466666666666,10.842427783745077,17.76071984041737
2007-05-06,2102.104,1.4597944444444444,6.126,0.13,1.116840837353394,0.12662222222222222,234.4096527777778,6.409027777777778,3215.0,949.0,10095.0,35.035066666666665,20776.066666666666,2007-05-06,6,6,Sunday,1,5,May,2007,2,126,26.050866666666664,8.22301611170784,21.591012776840063
2007-05-07,1643.664,1.1414333333333333,7.572,0.118,1.1717913614878464,0.11730416666666667,234.5369722222222,4.980972222222222,946.0,4935.0,9433.0,27.3944,12080.400000000001,2007-05-07,7,0,Monday,0,5,May,2007,2,127,35.035066666666665,10.78932277121375,23.963166666666666
2007-05-08,1789.292,1.2425638888888888,7.672,0.128,1.1678211300900476,0.12611944444444445,234.9062361111111,5.356388888888889,4581.0,2011.0,8777.0,29.82153333333333,14452.533333333333,2007-05-08,8,1,Tuesday,0,5,May,2007,2,128,27.3944,27.730966666666667,24.261819047619046
2007-05-09,1665.736,1.1567611111111111,6.356,0.116,1.1485286347731307,0.12741944444444445,234.8737222222222,5.056111111111111,3018.0,5631.0,9474.0,27.76226666666667,9639.26666666667,2007-05-09,9,2,Wednesday,0,5,May,2007,2,129,29.82153333333333,16.724766666666667,25.838604761904765
2007-05-10,707.884,0.4915861111111111,4.276,0.112,0.6202291811855025,0.11688472222222222,235.79625694444442,2.2068055555555555,946.0,534.0,3261.0,11.798066666666667,7057.0666666666675,2007-05-10,10,3,Thursday,0,5,May,2007,2,130,27.76226666666667,18.170633333333335,24.928238095238097
2007-05-11,979.154,0.6799680555555555,4.724,0.11,0.6778406146796981,0.09173333333333333,235.22975694444443,3.027638888888889,926.0,491.0,6471.0,16.319233333333333,8431.233333333334,2007-05-11,11,4,Friday,0,5,May,2007,2,131,11.798066666666667,16.635466666666666,24.883061904761906
2007-05-12,1441.566,1.0010875000000001,7.172,0.148,1.0008804674875291,0.14525833333333332,234.72290277777776,4.360555555555555,2247.0,1075.0,10408.0,24.0261,10296.099999999999,2007-05-12,12,5,Saturday,1,5,May,2007,2,132,16.319233333333333,26.050866666666664,24.59380952380953
2007-05-13,1634.738,1.1352347222222223,5.562,0.142,1.0523378020684186,0.15324305555555554,235.7087083333333,4.969166666666667,3612.0,2414.0,8958.0,27.245633333333334,12261.633333333335,2007-05-13,13,6,Sunday,1,5,May,2007,2,133,24.0261,35.035066666666665,23.481033333333333
2007-05-14,1467.782,1.0192930555555555,5.62,0.2,1.1082444055781084,0.2073277777777778,235.69006944444445,4.574166666666667,3176.0,2417.0,5517.0,24.463033333333332,13353.033333333333,2007-05-14,14,0,Monday,0,5,May,2007,2,134,27.245633333333334,27.3944,23.062266666666666
2007-05-15,904.392,0.62805,4.228,0.226,0.46545960637874606,0.07720972222222222,235.61199305555556,2.7333333333333334,0.0,408.0,5318.0,15.073200000000002,9347.200000000003,2007-05-15,15,1,Tuesday,0,5,May,2007,2,135,24.463033333333332,29.82153333333333,20.955361904761904
2007-05-16,1692.944,1.1756555555555555,5.64,0.206,1.0040077013247248,0.09437083333333333,235.26081250000001,5.071805555555556,2213.0,5756.0,9077.0,28.215733333333333,11169.733333333334,2007-05-16,16,2,Wednesday,0,5,May,2007,2,136,15.073200000000002,27.76226666666667,21.020142857142854
2007-05-17,1231.816,0.8554277777777778,5.81,0.214,0.7975003863439966,0.09110277777777777,235.86845833333334,3.720972222222222,1014.0,2073.0,7687.0,20.530266666666666,9756.266666666666,2007-05-17,17,3,Thursday,0,5,May,2007,2,137,28.215733333333333,11.798066666666667,22.267599999999998
2007-05-18,1631.53,1.1330069444444444,6.126,0.206,1.1266190739665571,0.11892916666666667,235.9945972222222,4.876666666666666,3270.0,3913.0,8116.0,27.192166666666665,11893.166666666664,2007-05-18,18,4,Friday,0,5,May,2007,2,138,20.530266666666666,16.319233333333333,23.820876190476188
2007-05-19,1429.442,0.9926680555555556,4.524,0.216,0.9131887610044533,0.11656805555555556,234.94472222222223,4.319305555555555,4683.0,530.0,7022.0,23.824033333333333,11589.033333333333,2007-05-19,19,5,Saturday,1,5,May,2007,2,139,27.192166666666665,24.0261,23.792009523809526
2007-05-20,1968.328,1.3668944444444444,5.344,0.218,1.2517567208071467,0.13023055555555557,235.34811805555555,5.941527777777777,5420.0,1733.0,7611.0,32.80546666666667,18041.466666666667,2007-05-20,20,6,Sunday,1,5,May,2007,2,140,23.824033333333333,27.245633333333334,24.586271428571425
2007-05-21,1120.062,0.7778208333333333,4.572,0.206,0.6164935151215594,0.08144444444444444,234.6919097222222,3.338611111111111,0.0,468.0,9060.0,18.6677,9139.7,2007-05-21,21,0,Monday,0,5,May,2007,2,141,32.80546666666667,24.463033333333332,23.758366666666664
2007-05-22,1132.852,0.7867027777777779,5.328,0.2,0.9379385261289804,0.089525,235.48057638888892,3.3998611111111114,931.0,3966.0,3984.0,18.88086666666667,9999.866666666669,2007-05-22,22,1,Tuesday,0,5,May,2007,2,142,18.6677,15.073200000000002,24.302319047619047
2007-05-23,1464.936,1.0173166666666666,5.432,0.204,0.8089247350422476,0.11519305555555555,234.81249305555554,4.3975,956.0,3792.0,8119.0,24.415599999999998,11548.599999999999,2007-05-23,23,2,Wednesday,0,5,May,2007,2,143,18.88086666666667,28.215733333333333,23.759442857142858
2007-05-24,1154.388,0.8016583333333333,5.462,0.204,0.9463775961434627,0.0941388888888889,235.5460625,3.462083333333333,955.0,4116.0,4746.0,19.2398,9422.8,2007-05-24,24,3,Thursday,0,5,May,2007,2,144,24.415599999999998,20.530266666666666,23.575090476190475
2007-05-25,1614.22,1.1209861111111112,6.98,0.206,1.3490825440710879,0.12124166666666666,234.44720138888886,4.863472222222222,8060.0,586.0,6539.0,26.903666666666666,11718.666666666668,2007-05-25,25,4,Friday,0,5,May,2007,2,145,19.2398,27.192166666666665,23.53387619047619
2007-05-26,1512.248,1.0501722222222223,4.974,0.216,0.8965671436140525,0.12100000000000001,235.0698888888889,4.562777777777778,2373.0,2754.0,8628.0,25.204133333333335,11449.133333333335,2007-05-26,26,5,Saturday,1,5,May,2007,2,146,26.903666666666666,23.824033333333333,23.731033333333333
2007-05-27,2153.808,1.4957,6.776,0.218,1.4121226735065446,0.15270416666666667,234.90843750000002,6.5065277777777775,4366.0,5534.0,10444.0,35.8968,15552.799999999996,2007-05-27,27,6,Sunday,1,5,May,2007,2,147,25.204133333333335,32.80546666666667,24.172652380952382
2007-05-28,1637.468,1.1371305555555555,5.798,0.204,0.982652924989621,0.10493055555555555,234.90657638888888,4.921944444444445,4554.0,473.0,9586.0,27.291133333333335,12678.133333333335,2007-05-28,28,0,Monday,0,5,May,2007,2,148,35.8968,18.6677,25.404571428571426
2007-05-29,1061.34,0.7370416666666666,4.226,0.206,0.6835899582814526,0.07864166666666667,235.6943472222222,3.2072222222222218,0.0,1907.0,4332.0,17.689,11450.0,2007-05-29,29,1,Tuesday,0,5,May,2007,2,149,27.291133333333335,18.88086666666667,25.234304761904763
2007-05-30,1609.866,1.1179625,6.124,0.204,0.9941799369476279,0.10212361111111111,234.83139583333335,4.8284722222222225,2250.0,5948.0,7804.0,26.8311,10829.099999999999,2007-05-30,30,2,Wednesday,0,5,May,2007,2,150,17.689,24.415599999999998,25.57937619047619
2007-05-31,938.55,0.6517708333333333,4.5,0.198,0.6546671065614045,0.08999027777777778,235.09652777777777,2.7918055555555554,935.0,477.0,3552.0,15.6425,10678.5,2007-05-31,31,3,Thursday,0,5,May,2007,2,151,26.8311,19.2398,25.065476190476193
2007-06-01,1045.37,0.7259513888888888,5.354,0.204,0.5796601869303919,0.09954513888888888,235.32296527777777,3.1349305555555556,0.0,483.0,7664.0,17.422833333333333,9275.833333333332,2007-06-01,1,4,Friday,0,6,Jun,2007,2,152,15.6425,26.903666666666666,23.711071428571433
2007-06-02,1484.362,1.0308069444444445,6.602,0.21,1.005027681684657,0.11535277777777778,234.4690277777778,4.474027777777778,3971.0,1250.0,7633.0,24.73936666666667,11885.366666666669,2007-06-02,2,5,Saturday,1,6,Jun,2007,2,153,17.422833333333333,25.204133333333335,23.64467619047619
2007-06-03,2108.026,1.4639069444444444,6.79,0.218,1.383839311774835,0.12670694444444444,234.762375,6.352916666666667,4985.0,7529.0,8334.0,35.133766666666666,14285.766666666663,2007-06-03,3,6,Sunday,1,6,Jun,2007,2,154,24.73936666666667,35.8968,23.535671428571426
2007-06-04,911.618,0.6330680555555556,4.452,0.18,0.6471509815054634,0.15499444444444446,234.7480694444444,2.8222222222222224,1585.0,836.0,4533.0,15.193633333333334,8239.633333333335,2007-06-04,4,0,Monday,0,6,Jun,2007,2,155,35.133766666666666,27.291133333333335,21.807457142857146
2007-06-05,1458.892,1.0131194444444445,5.518,0.182,0.9256658432015404,0.17756388888888888,234.6927638888889,4.465138888888889,4484.0,1027.0,6448.0,24.314866666666667,12355.866666666669,2007-06-05,5,1,Tuesday,0,6,Jun,2007,2,156,15.193633333333334,17.689,22.754009523809522
2007-06-06,1695.813,1.1776479166666667,5.326,0.176,0.9159884556771489,0.16059097222222224,234.62111458333337,5.111736111111111,3330.0,829.0,11679.0,28.263550000000002,12425.550000000003,2007-06-06,6,2,Wednesday,0,6,Jun,2007,2,157,24.314866666666667,26.8311,22.95864523809524
2007-06-07,985.002,0.6840291666666667,3.682,0.17,0.570441962433701,0.11967638888888889,234.47880555555554,2.9823611111111115,985.0,699.0,3959.0,16.4167,10773.699999999997,2007-06-07,7,3,Thursday,0,6,Jun,2007,2,158,28.263550000000002,15.6425,23.069245238095238
2007-06-08,2148.046,1.491698611111111,7.614,0.172,1.5189161055330969,0.1595361111111111,236.19744444444444,6.448194444444444,2799.0,11440.0,11380.0,35.80076666666666,10181.766666666663,2007-06-08,8,4,Friday,0,6,Jun,2007,2,159,16.4167,17.422833333333333,25.694664285714282
2007-06-09,1105.26,0.7675416666666667,4.548,0.19,0.5746689722494784,0.16193888888888888,240.697375,3.3024305555555555,852.0,620.0,6920.0,18.421,10029.0,2007-06-09,9,5,Saturday,1,6,Jun,2007,2,160,35.80076666666666,24.73936666666667,24.792040476190476
2007-06-10,1340.812,0.9311194444444444,5.842,0.1,0.9533170514548389,0.1660361111111111,240.84428472222223,4.005694444444444,4202.0,1924.0,5983.0,22.346866666666664,10237.866666666665,2007-06-10,10,6,Sunday,1,6,Jun,2007,2,161,18.421,35.133766666666666,22.965340476190477
2007-06-11,794.654,0.5518430555555556,5.044,0.11,0.5405142125691673,0.13516250000000002,240.85674999999998,2.4179166666666667,0.0,487.0,5328.0,13.244233333333334,7429.233333333334,2007-06-11,11,0,Monday,0,6,Jun,2007,2,162,22.346866666666664,15.193633333333334,22.68685476190476
2007-06-12,918.766,0.6380319444444444,6.092,0.096,0.7423191176058569,0.1502888888888889,240.2248958333333,2.8586111111111108,1882.0,475.0,3898.0,15.312766666666667,9057.766666666666,2007-06-12,12,1,Tuesday,0,6,Jun,2007,2,163,13.244233333333334,24.314866666666667,21.400840476190474
2007-06-13,927.272,0.643938888888889,4.652,0.098,0.6418128395971308,0.144625,240.39760416666667,2.8175,957.0,857.0,5216.0,15.454533333333334,8424.533333333335,2007-06-13,13,2,Wednesday,0,6,Jun,2007,2,164,15.312766666666667,28.263550000000002,19.57098095238095
2007-06-14,1259.084,0.8743638888888889,6.476,0.096,1.140624795356451,0.1609,239.84778472222223,3.783333333333333,3322.0,2147.0,7054.0,20.984733333333335,8461.733333333334,2007-06-14,14,3,Thursday,0,6,Jun,2007,2,165,15.454533333333334,16.4167,20.223557142857143
2007-06-15,989.604,0.687225,5.376,0.084,0.8744788830819298,0.1748347222222222,240.46438194444445,3.0662499999999997,2269.0,4011.0,4547.0,16.4934,5666.4000000000015,2007-06-15,15,4,Friday,0,6,Jun,2007,2,166,20.984733333333335,35.80076666666666,17.465361904761902
2007-06-16,2017.762,1.4012236111111112,4.928,0.098,1.1384460423059093,0.21358194444444445,239.50169444444444,5.975,3289.0,4498.0,11108.0,33.62936666666666,14734.366666666661,2007-06-16,16,5,Saturday,1,6,Jun,2007,2,167,16.4934,18.421,19.637985714285715
2007-06-17,1947.09,1.3521458333333334,6.436,0.098,1.2606173910643648,0.1665375,240.21918055555554,5.7693055555555555,4124.0,5038.0,8734.0,32.451499999999996,14555.499999999996,2007-06-17,17,6,Sunday,1,6,Jun,2007,2,168,33.62936666666666,22.346866666666664,21.081504761904764
2007-06-18,678.474,0.47116250000000004,4.638,0.084,0.5378472687350507,0.1255625,240.77620138888886,2.07875,0.0,529.0,4241.0,11.3079,6537.9,2007-06-18,18,0,Monday,0,6,Jun,2007,2,169,32.451499999999996,13.244233333333334,20.804885714285714
2007-06-19,845.306,0.5870180555555555,5.202,0.084,0.6098512365753233,0.13067083333333332,240.26706944444445,2.5656944444444445,973.0,537.0,4386.0,14.088433333333334,8192.433333333334,2007-06-19,19,1,Tuesday,0,6,Jun,2007,2,170,11.3079,15.312766666666667,20.629980952380954
2007-06-20,1074.286,0.7460319444444445,6.496,0.082,0.9445425594703705,0.1578486111111111,240.15616666666668,3.3068055555555556,1761.0,2588.0,5106.0,17.904766666666667,8449.766666666666,2007-06-20,20,2,Wednesday,0,6,Jun,2007,2,171,14.088433333333334,15.454533333333334,20.980014285714283
2007-06-21,806.946,0.5603791666666667,6.522,0.106,0.7320067351481772,0.15454583333333333,240.57494444444444,2.500833333333333,932.0,2400.0,3711.0,13.4491,6406.1,2007-06-21,21,3,Thursday,0,6,Jun,2007,2,172,17.904766666666667,20.984733333333335,19.90349523809524
2007-06-22,566.294,0.3932597222222222,4.22,0.116,0.4091433098492055,0.14480972222222224,240.83563194444443,1.807361111111111,0.0,951.0,3482.0,9.438233333333333,5005.233333333334,2007-06-22,22,4,Friday,0,6,Jun,2007,2,173,13.4491,16.4934,18.895614285714284
2007-06-23,477.56600000000003,0.33164305555555557,2.926,0.118,0.3504713281607939,0.13411111111111113,240.31896527777778,1.5356944444444445,0.0,786.0,2402.0,7.959433333333334,4771.433333333334,2007-06-23,23,5,Saturday,1,6,Jun,2007,2,174,9.438233333333333,33.62936666666666,15.228480952380952
2007-06-24,714.656,0.49628888888888884,3.34,0.12,0.4554032644837405,0.12455694444444444,241.1322152777778,2.207638888888889,0.0,791.0,3449.0,11.910933333333332,7670.9333333333325,2007-06-24,24,6,Sunday,1,6,Jun,2007,2,175,7.959433333333334,32.451499999999996,12.294114285714286
2007-06-25,1072.202,0.7445847222222223,7.164,0.112,1.0551576756133465,0.13699305555555558,240.4222638888889,3.25,1985.0,3621.0,4816.0,17.870033333333332,7448.033333333333,2007-06-25,25,0,Monday,0,6,Jun,2007,2,176,11.910933333333332,11.3079,13.231561904761904
2007-06-26,944.908,0.6561861111111111,7.29,0.118,0.8681204118235873,0.12668055555555555,240.09450694444448,2.877083333333333,971.0,1334.0,5231.0,15.748466666666667,8212.466666666667,2007-06-26,26,1,Tuesday,0,6,Jun,2007,2,177,17.870033333333332,14.088433333333334,13.468709523809524
2007-06-27,1480.826,1.0283513888888889,7.436,0.122,1.3484467584290216,0.1437486111111111,239.7584097222222,4.429166666666666,2603.0,6451.0,7270.0,24.680433333333333,8356.433333333334,2007-06-27,27,2,Wednesday,0,6,Jun,2007,2,178,15.748466666666667,17.904766666666667,14.436661904761905
2007-06-28,1295.438,0.8996097222222222,6.2,0.15,0.8790952139443763,0.15100416666666666,239.4236666666667,3.8895833333333334,0.0,4368.0,9541.0,21.590633333333336,7681.633333333335,2007-06-28,28,3,Thursday,0,6,Jun,2007,2,179,24.680433333333333,13.4491,15.599738095238095
2007-06-29,1304.482,0.9058902777777778,5.188,0.124,1.0090209163512869,0.14325208333333334,240.17944444444447,3.9406944444444445,4363.0,667.0,6797.0,21.741366666666668,9914.366666666669,2007-06-29,29,4,Friday,0,6,Jun,2007,2,180,21.590633333333336,9.438233333333333,17.35732857142857
2007-06-30,1335.314,0.9273013888888889,6.376,0.126,0.9601203788599469,0.1308013888888889,240.01161111111108,3.9715277777777778,3049.0,792.0,8376.0,22.255233333333333,10038.233333333334,2007-06-30,30,5,Saturday,1,6,Jun,2007,2,181,21.741366666666668,7.959433333333334,19.399585714285713
2007-07-01,1026.664,0.7129611111111112,2.966,0.156,0.6277467508463966,0.11975555555555556,240.06715277777778,3.080694444444444,969.0,736.0,4690.0,17.111066666666666,10716.066666666666,2007-07-01,1,6,Sunday,1,7,Jul,2007,3,182,22.255233333333333,11.910933333333332,20.142461904761905
2007-07-02,967.032,0.67155,6.694,0.11,1.0351852185440764,0.1228638888888889,240.6718125,2.9277777777777776,1018.0,5281.0,3445.0,16.1172,6373.200000000001,2007-07-02,2,0,Monday,0,7,Jul,2007,3,183,17.111066666666666,17.870033333333332,19.892057142857144
2007-07-03,1059.912,0.73605,6.702,0.166,0.9378837993727058,0.1252347222222222,240.1869375,3.2306944444444445,467.0,3214.0,4695.0,17.665200000000002,9289.2,2007-07-03,3,1,Tuesday,0,7,Jul,2007,3,184,16.1172,15.748466666666667,20.16587619047619
2007-07-04,1003.41,0.6968125,5.346,0.144,0.8583840229797379,0.1759263888888889,240.65963194444444,3.0954166666666665,2329.0,2218.0,5632.0,16.723499999999998,6544.499999999996,2007-07-04,4,2,Wednesday,0,7,Jul,2007,3,185,17.665200000000002,24.680433333333333,19.02917142857143
2007-07-05,1057.29,0.7342291666666666,5.564,0.124,0.9024028276551288,0.17133055555555557,240.44444444444446,3.2331944444444445,2922.0,770.0,3973.0,17.6215,9956.5,2007-07-05,5,3,Thursday,0,7,Jul,2007,3,186,16.723499999999998,21.590633333333336,18.462152380952382
2007-07-06,1069.5240000000001,0.7427250000000001,7.24,0.124,1.1142556611111636,0.1523263888888889,240.5994513888889,3.2686111111111114,2826.0,3563.0,4005.0,17.825400000000002,7431.4000000000015,2007-07-06,6,4,Friday,0,7,Jul,2007,3,187,17.6215,21.741366666666668,17.90272857142857
2007-07-07,1358.206,0.943198611111111,6.962,0.11,0.8970723842263242,0.14864166666666667,239.91013888888887,4.034861111111111,997.0,3047.0,10177.0,22.636766666666666,8415.766666666666,2007-07-07,7,5,Saturday,1,7,Jul,2007,3,188,17.825400000000002,22.255233333333333,17.957233333333335
2007-07-08,1089.08,0.7563055555555555,6.17,0.13,0.8100484227650541,0.13674999999999998,240.33889583333334,3.289305555555556,1825.0,2831.0,5277.0,18.151333333333334,8218.333333333332,2007-07-08,8,6,Sunday,1,7,Jul,2007,3,189,22.636766666666666,17.111066666666666,18.105842857142857
2007-07-09,1180.158,0.8195541666666666,5.914,0.134,0.7998017430567812,0.1197375,240.6176458333333,3.51625,923.0,594.0,9386.0,19.6693,8766.3,2007-07-09,9,0,Monday,0,7,Jul,2007,3,190,18.151333333333334,16.1172,18.613285714285716
2007-07-10,908.324,0.6307805555555556,6.284,0.124,0.8656840661990105,0.12239166666666666,239.98305555555555,2.786111111111111,67.0,2227.0,4631.0,15.138733333333333,8213.733333333334,2007-07-10,10,1,Tuesday,0,7,Jul,2007,3,191,19.6693,17.665200000000002,18.252361904761905
2007-07-11,722.352,0.5016333333333333,4.166,0.12,0.6022924876857788,0.10684444444444444,241.0300347222222,2.1994444444444445,1015.0,647.0,5284.0,12.0392,5093.199999999999,2007-07-11,11,2,Wednesday,0,7,Jul,2007,3,192,15.138733333333333,16.723499999999998,17.58317619047619
2007-07-12,1069.582,0.7427652777777779,5.822,0.128,0.9742875762380814,0.14520694444444446,240.76461805555556,3.2336111111111108,1029.0,2550.0,6419.0,17.82636666666667,7828.366666666669,2007-07-12,12,3,Thursday,0,7,Jul,2007,3,193,12.0392,17.6215,17.61244285714286
2007-07-13,794.382,0.5516541666666667,5.456,0.132,0.5410750525493797,0.14353749999999998,240.85480555555554,2.450833333333333,0.0,633.0,4427.0,13.2397,8179.699999999999,2007-07-13,13,4,Friday,0,7,Jul,2007,3,194,17.82636666666667,17.825400000000002,16.95734285714286
2007-07-14,1288.17,0.8945625,4.874,0.116,1.0009506545820681,0.17947916666666666,241.29188194444444,3.8940277777777776,3775.0,1968.0,6604.0,21.4695,9122.5,2007-07-14,14,5,Saturday,1,7,Jul,2007,3,195,13.2397,22.636766666666666,16.790590476190477
2007-07-15,1046.501,0.7267368055555555,3.71,0.138,0.6471134621393502,0.19200972222222223,240.54533333333336,3.224375,862.0,715.0,5585.0,17.441683333333334,10279.683333333334,2007-07-15,15,6,Sunday,1,7,Jul,2007,3,196,21.4695,18.151333333333334,16.689211904761905
2007-07-16,853.674,0.5928291666666666,4.35,0.124,0.5566733053146125,0.16247222222222224,236.5072361111111,2.6605555555555553,830.0,695.0,4176.0,14.2279,8526.9,2007-07-16,16,0,Monday,0,7,Jul,2007,3,197,17.441683333333334,19.6693,15.911869047619048
2007-07-17,719.632,0.49974444444444444,3.67,0.116,0.6110064936978168,0.12228333333333333,234.74125694444442,2.27625,848.0,694.0,3335.0,11.993866666666666,7116.866666666665,2007-07-17,17,1,Tuesday,0,7,Jul,2007,3,198,14.2279,15.138733333333333,15.462602380952381
2007-07-18,757.082,0.5257513888888888,5.104,0.112,0.6732270076947754,0.10869027777777779,231.08822916666665,2.3868055555555556,909.0,671.0,4628.0,12.618033333333333,6410.033333333333,2007-07-18,18,2,Wednesday,0,7,Jul,2007,3,199,11.993866666666666,12.0392,15.545292857142856
2007-07-19,677.886,0.47075416666666664,4.222,0.116,0.5330996859628898,0.12986944444444445,234.26186111111113,2.1438888888888887,1068.0,703.0,3130.0,11.2981,6397.1,2007-07-19,19,3,Thursday,0,7,Jul,2007,3,200,12.618033333333333,17.82636666666667,14.612683333333333
2007-07-20,1110.422,0.771126388888889,5.686,0.116,0.8265421398589597,0.15494305555555554,235.56890277777777,3.451666666666666,2111.0,2418.0,4765.0,18.507033333333332,9213.033333333333,2007-07-20,20,4,Friday,0,7,Jul,2007,3,201,11.2981,13.2397,15.365159523809522
2007-07-21,1060.248,0.7362833333333334,4.724,0.11,0.6641377175350568,0.1639986111111111,234.25662499999999,3.291527777777778,428.0,512.0,7756.0,17.6708,8974.8,2007-07-21,21,5,Saturday,1,7,Jul,2007,3,202,18.507033333333332,21.4695,14.822488095238095
2007-07-22,1377.345,0.9564895833333333,6.596,0.12,1.2225996806165151,0.15188819444444443,235.9622673611111,4.228541666666667,7091.0,2136.0,5574.0,22.955750000000002,8154.750000000004,2007-07-22,22,6,Sunday,1,7,Jul,2007,3,203,17.6708,17.441683333333334,15.610211904761906
2007-07-23,991.018,0.6882069444444444,5.518,0.116,0.8082811687542416,0.09984027777777779,234.50086805555554,3.075972222222222,1747.0,1288.0,3847.0,16.51696666666667,9634.966666666667,2007-07-23,23,0,Monday,0,7,Jul,2007,3,204,22.955750000000002,14.2279,15.937221428571428
2007-07-24,825.284,0.5731138888888889,3.052,0.11,0.6156599679964124,0.07834027777777777,235.36304166666667,2.550972222222222,0.0,1607.0,5599.0,13.754733333333332,6548.733333333332,2007-07-24,24,1,Tuesday,0,7,Jul,2007,3,205,16.51696666666667,11.993866666666666,16.18877380952381
2007-07-25,472.56,0.32816666666666666,3.946,0.122,0.3774028360060834,0.0751625,235.6410486111111,1.4793055555555554,0.0,151.0,2333.0,7.876,5392.0,2007-07-25,25,2,Wednesday,0,7,Jul,2007,3,206,13.754733333333332,12.618033333333333,15.511340476190478
2007-07-26,924.5,0.6420138888888889,5.476,0.112,0.8574781064686849,0.079925,234.94372222222225,2.8381944444444445,975.0,3633.0,4346.0,15.408333333333333,6454.333333333334,2007-07-26,26,3,Thursday,0,7,Jul,2007,3,207,7.876,11.2981,16.098516666666665
2007-07-27,1202.514,0.8350791666666666,4.608,0.112,0.7977619419572741,0.08365,235.55368055555556,3.6233333333333335,1837.0,49.0,7157.0,20.0419,10998.899999999998,2007-07-27,27,4,Friday,0,7,Jul,2007,3,208,15.408333333333333,18.507033333333332,16.317783333333335
2007-07-28,1621.862,1.1262930555555557,5.802,0.102,1.2274306798723817,0.12411805555555555,235.5072361111111,4.941666666666666,907.0,10265.0,6559.0,27.031033333333333,9300.033333333333,2007-07-28,28,5,Saturday,1,7,Jul,2007,3,209,20.0419,17.6708,17.654959523809527
2007-07-29,321.116,0.2229972222222222,1.298,0.098,0.23404232730881352,0.08234444444444444,235.71203472222223,1.0334722222222223,0.0,0.0,1288.0,5.351933333333333,4063.9333333333334,2007-07-29,29,6,Sunday,1,7,Jul,2007,3,210,27.031033333333333,22.955750000000002,15.140128571428571
2007-07-30,466.816,0.3241777777777778,4.1,0.098,0.3941809626725877,0.08992499999999999,235.5302291666667,1.4672222222222224,0.0,0.0,2528.0,7.780266666666666,5252.266666666666,2007-07-30,30,0,Monday,0,7,Jul,2007,3,211,5.351933333333333,16.51696666666667,13.892028571428572
2007-07-31,812.332,0.5641194444444444,3.848,0.098,0.7306780668842339,0.10124027777777778,234.9148125,2.5025,3277.0,0.0,3575.0,13.538866666666667,6686.866666666667,2007-07-31,31,1,Tuesday,0,7,Jul,2007,3,212,7.780266666666666,13.754733333333332,13.861190476190476
2007-08-01,1084.173,0.7528979166666667,3.71,0.1,0.7391397829887065,0.10052847222222222,234.972,3.278888888888889,1583.0,0.0,9990.5,18.06955,6496.049999999999,2007-08-01,1,2,Wednesday,0,8,Aug,2007,3,213,13.538866666666667,7.876,15.317411904761903
2007-08-02,1019.416,0.7079277777777778,3.596,0.1,0.7012711304438151,0.1006625,234.85659027777777,3.087083333333333,482.0,0.0,6869.0,16.990266666666667,9639.266666666666,2007-08-02,2,3,Thursday,0,8,Aug,2007,3,214,18.06955,15.408333333333333,15.543402380952381
2007-08-03,1063.364,0.7384472222222223,4.548,0.102,0.6532399733740136,0.087075,234.4856041666667,3.2072222222222218,958.0,0.0,9139.0,17.722733333333334,7625.733333333334,2007-08-03,3,4,Friday,0,8,Aug,2007,3,215,16.990266666666667,20.0419,15.212092857142858
2007-08-04,1144.99,0.7951319444444445,3.64,0.098,0.7129272950009005,0.09668472222222223,235.25722222222223,3.4523611111111108,552.0,398.0,7966.0,19.083166666666667,10167.166666666668,2007-08-04,4,5,Saturday,1,8,Aug,2007,3,216,17.722733333333334,27.031033333333333,14.076683333333335
2007-08-05,787.098,0.5465958333333333,4.294,0.1,0.6181888433050186,0.10503749999999999,235.11527083333334,2.4368055555555554,169.0,0.0,6647.0,13.1183,6302.299999999999,2007-08-05,5,6,Sunday,1,8,Aug,2007,3,217,19.083166666666667,5.351933333333333,15.186164285714286
2007-08-06,1089.72,0.75675,5.146,0.102,0.8499917368686365,0.10724583333333333,234.70274305555557,3.3170833333333336,1096.0,0.0,7985.0,18.162,9081.0,2007-08-06,6,0,Monday,0,8,Aug,2007,3,218,13.1183,7.780266666666666,16.669269047619046
2007-08-07,1483.58,1.0302638888888889,4.778,0.098,0.8117641645673718,0.0910986111111111,234.55388194444447,4.425972222222222,437.0,2168.0,9042.0,24.726333333333333,13079.333333333332,2007-08-07,7,1,Tuesday,0,8,Aug,2007,3,219,18.162,13.538866666666667,18.267478571428573
2007-08-08,1125.482,0.7815847222222222,5.702,0.102,0.8685005312625088,0.08270555555555556,234.512375,3.3805555555555555,1055.0,1111.0,9660.0,18.758033333333334,6932.033333333333,2007-08-08,8,2,Wednesday,0,8,Aug,2007,3,220,24.726333333333333,18.06955,18.365833333333335
2007-08-09,1071.68,0.7442222222222222,6.332,0.1,0.9993638702507377,0.07602361111111111,234.21438888888886,3.272361111111111,182.0,4515.0,6646.0,17.861333333333334,6518.333333333336,2007-08-09,9,3,Thursday,0,8,Aug,2007,3,221,18.758033333333334,16.990266666666667,18.49027142857143
2007-08-10,1028.01,0.7138958333333333,5.572,0.102,0.8659477394187526,0.08170555555555556,234.48881250000002,3.1297222222222225,336.0,2651.0,8287.0,17.1335,5859.5,2007-08-10,10,4,Friday,0,8,Aug,2007,3,222,17.861333333333334,17.722733333333334,18.40609523809524
2007-08-11,1091.65,0.7580902777777778,5.602,0.102,0.7897313625042285,0.08039583333333333,234.98018055555556,3.2856944444444443,1180.0,910.0,10339.0,18.194166666666668,5765.166666666668,2007-08-11,11,5,Saturday,1,8,Aug,2007,3,223,17.1335,19.083166666666667,18.279095238095238
2007-08-12,1241.904,0.8624333333333334,7.548,0.102,1.1786148410031752,0.08873333333333333,235.6648541666667,3.742777777777778,1123.0,1156.0,8582.0,20.6984,9837.399999999998,2007-08-12,12,6,Sunday,1,8,Aug,2007,3,224,18.194166666666668,13.1183,19.361966666666667
2007-08-13,1153.012,0.8007027777777778,3.36,0.1,0.6560693114903506,0.09093055555555556,235.21656944444445,3.44875,93.0,476.0,11101.0,19.216866666666665,7546.866666666665,2007-08-13,13,0,Monday,0,8,Aug,2007,3,225,20.6984,18.162,19.512661904761906
2007-08-14,941.1899999999999,0.6536041666666667,5.534,0.102,0.8095337561064918,0.09167361111111111,237.07638888888889,2.8541666666666665,951.0,685.0,6256.0,15.686499999999999,7794.499999999998,2007-08-14,14,1,Tuesday,0,8,Aug,2007,3,226,19.216866666666665,24.726333333333333,18.221257142857144
2007-08-15,1191.86,0.8276805555555555,6.508,0.106,0.8865657225731579,0.11094722222222222,239.99340972222222,3.5420833333333337,338.0,508.0,9787.0,19.86433333333333,9231.333333333332,2007-08-15,15,2,Wednesday,0,8,Aug,2007,3,227,15.686499999999999,18.758033333333334,18.3793
2007-08-16,958.496,0.6656222222222222,4.146,0.104,0.7866436661301891,0.09134166666666667,239.73765972222222,2.843888888888889,962.0,0.0,7476.0,15.974933333333333,7536.9333333333325,2007-08-16,16,3,Thursday,0,8,Aug,2007,3,228,19.86433333333333,17.861333333333334,18.109814285714286
2007-08-17,1009.8919999999999,0.7013138888888888,5.142,0.1,0.9206902032701613,0.0884638888888889,240.4940486111111,2.9815277777777776,244.0,0.0,7769.0,16.831533333333333,8818.533333333333,2007-08-17,17,4,Friday,0,8,Aug,2007,3,229,15.974933333333333,17.1335,18.06667619047619
2007-08-18,347.96,0.24163888888888888,1.384,0.102,0.2814198540887717,0.08280555555555555,241.27963194444445,1.0788888888888888,0.0,0.0,1830.0,5.799333333333333,3969.333333333333,2007-08-18,18,5,Saturday,1,8,Aug,2007,3,230,16.831533333333333,18.194166666666668,16.295985714285713
2007-08-19,1422.294,0.9877041666666667,6.63,0.102,1.3469775472660175,0.11112361111111112,239.9536666666667,4.2619444444444445,1025.0,8912.0,5989.0,23.704900000000002,7778.9000000000015,2007-08-19,19,6,Sunday,1,8,Aug,2007,3,231,5.799333333333333,20.6984,16.725485714285714
2007-08-20,1338.842,0.929751388888889,5.084,0.11,0.9041687511987747,0.10825,241.30069444444445,3.9633333333333334,1032.0,6965.0,7383.0,22.314033333333334,6934.033333333333,2007-08-20,20,0,Monday,0,8,Aug,2007,3,232,23.704900000000002,19.216866666666665,17.167938095238096
2007-08-21,642.556,0.44621944444444445,4.96,0.104,0.5540870313042829,0.10924166666666667,240.57305555555556,1.961111111111111,0.0,38.0,3296.0,10.709266666666668,7375.266666666668,2007-08-21,21,1,Tuesday,0,8,Aug,2007,3,233,22.314033333333334,15.686499999999999,16.456904761904763
2007-08-22,1209.808,0.8401444444444445,5.332,0.108,1.0775951508853616,0.10714444444444446,240.81731944444445,3.57125,3048.0,1836.0,7241.0,20.163466666666668,8038.466666666667,2007-08-22,22,2,Wednesday,0,8,Aug,2007,3,234,10.709266666666668,19.86433333333333,16.499638095238094
2007-08-23,1112.312,0.7724388888888888,5.17,0.106,0.8487898832423282,0.10969027777777779,240.64730555555556,3.330277777777778,2502.0,259.0,5342.0,18.53853333333333,10435.53333333333,2007-08-23,23,3,Thursday,0,8,Aug,2007,3,235,20.163466666666668,15.974933333333333,16.86586666666667
2007-08-24,1656.514,1.1503569444444444,8.694,0.112,1.1767406619545617,0.1825215277777778,240.49481944444443,4.936180555555556,1891.0,3783.5,9944.0,27.608566666666665,11990.066666666666,2007-08-24,24,4,Friday,0,8,Aug,2007,3,236,18.53853333333333,16.831533333333333,18.405442857142855
2007-08-25,1150.88,0.7992222222222223,6.796,0.112,1.0529792225619874,0.18926944444444443,239.8598263888889,3.55375,4149.0,2191.0,5678.0,19.181333333333335,7163.333333333336,2007-08-25,25,5,Saturday,1,8,Aug,2007,3,237,27.608566666666665,5.799333333333333,20.317157142857145
2007-08-26,1314.906,0.9131291666666667,8.166,0.114,1.13626991037568,0.2079083333333333,239.95091666666667,4.012638888888889,1541.0,3645.0,5658.0,21.9151,11071.099999999999,2007-08-26,26,6,Sunday,1,8,Aug,2007,3,238,19.181333333333335,23.704900000000002,20.061471428571426
2007-08-27,1211.73,0.8414791666666667,5.194,0.114,0.9572398259301418,0.20769722222222223,239.92358333333334,3.6912499999999997,2305.0,1229.0,6344.0,20.1955,10317.5,2007-08-27,27,0,Monday,0,8,Aug,2007,3,239,21.9151,22.314033333333334,19.75882380952381
2007-08-28,997.004,0.6923638888888889,4.104,0.108,0.765816708449023,0.12577361111111113,239.54987500000001,2.996111111111111,1038.0,2468.0,5483.0,16.616733333333332,7627.733333333334,2007-08-28,28,1,Tuesday,0,8,Aug,2007,3,240,20.1955,10.709266666666668,20.60274761904762
2007-08-29,747.992,0.5194388888888889,4.292,0.108,0.6455229611823553,0.1218236111111111,240.74499305555554,2.279583333333333,957.0,562.0,4932.0,12.466533333333333,6015.533333333333,2007-08-29,29,2,Wednesday,0,8,Aug,2007,3,241,16.616733333333332,20.163466666666668,19.503185714285713
2007-08-30,1202.458,0.8350402777777778,5.018,0.106,1.0681508840485685,0.13267222222222222,240.57317361111112,3.6043055555555554,3822.0,2580.0,4221.0,20.04096666666667,9417.96666666667,2007-08-30,30,3,Thursday,0,8,Aug,2007,3,242,12.466533333333333,18.53853333333333,19.71781904761905
2007-08-31,1279.822,0.8887652777777777,5.164,0.104,0.8423261352012102,0.1300388888888889,239.98570138888888,3.788472222222222,1200.0,666.0,8738.0,21.330366666666666,10726.366666666665,2007-08-31,31,4,Friday,0,8,Aug,2007,3,243,20.04096666666667,27.608566666666665,18.820933333333333
2007-09-01,1701.486,1.1815875,4.934,0.11,0.9859875599435558,0.20128194444444444,239.35574305555556,5.065416666666667,2497.0,569.0,9733.0,28.3581,15559.099999999999,2007-09-01,1,5,Saturday,1,9,Sep,2007,3,244,21.330366666666666,19.181333333333335,20.131899999999998
2007-09-02,1662.468,1.1544916666666667,5.306,0.098,1.061413544724978,0.16083194444444446,240.04533333333336,5.017222222222222,3613.0,1617.0,8806.0,27.707800000000002,13671.800000000003,2007-09-02,2,6,Sunday,1,9,Sep,2007,3,245,28.3581,21.9151,20.95942857142857
2007-09-03,1038.922,0.7214736111111111,5.002,0.118,0.8427797799357407,0.1308486111111111,239.62034722222222,3.1306944444444444,621.0,2515.0,5323.0,17.315366666666666,8856.366666666665,2007-09-03,3,0,Monday,0,9,Sep,2007,3,246,27.707800000000002,20.1955,20.547980952380954
2007-09-04,1584.944,1.1006555555555555,5.868,0.12,1.0700278516490884,0.12474027777777778,239.65966666666665,4.755972222222223,2928.0,3501.0,9821.0,26.415733333333332,10165.733333333334,2007-09-04,4,1,Tuesday,0,9,Sep,2007,3,247,17.315366666666666,16.616733333333332,21.947838095238094
2007-09-05,1236.572,0.8587305555555554,7.98,0.112,1.0627107168578385,0.10337777777777778,239.1481597222222,3.697638888888889,0.0,4144.0,6705.0,20.60953333333333,9760.533333333333,2007-09-05,5,2,Wednesday,0,9,Sep,2007,3,248,26.415733333333332,12.466533333333333,23.111123809523807
2007-09-06,901.474,0.6260236111111112,5.748,0.11,0.8290386384664726,0.11946250000000001,239.3400486111111,2.752222222222222,0.0,3888.0,3461.0,15.024566666666667,7675.5666666666675,2007-09-06,6,3,Thursday,0,9,Sep,2007,3,249,20.60953333333333,20.04096666666667,22.39449523809524
2007-09-07,1336.496,0.9281222222222223,5.656,0.108,0.9803722550669901,0.12620694444444444,239.0317013888889,4.007222222222222,3632.0,551.0,9388.0,22.274933333333333,8703.933333333334,2007-09-07,7,4,Friday,0,9,Sep,2007,3,250,15.024566666666667,21.330366666666666,22.529433333333333
2007-09-08,1469.752,1.020661111111111,5.896,0.112,1.0314398400233373,0.12939583333333335,239.73044444444446,4.391944444444444,3339.0,1801.0,9164.0,24.495866666666664,10191.866666666665,2007-09-08,8,5,Saturday,1,9,Sep,2007,3,251,22.274933333333333,28.3581,21.977685714285712
2007-09-09,1679.502,1.1663208333333333,5.69,0.122,1.1518418087179474,0.14524444444444443,238.92214583333333,5.054027777777778,2184.0,4438.0,9233.0,27.991699999999998,12136.699999999997,2007-09-09,9,6,Sunday,1,9,Sep,2007,3,252,24.495866666666664,27.707800000000002,22.01824285714286
2007-09-10,1117.376,0.7759555555555555,6.106,0.106,1.0548073862406315,0.1232625,239.3886597222222,3.36375,935.0,595.0,5613.0,18.622933333333332,11479.93333333333,2007-09-10,10,0,Monday,0,9,Sep,2007,3,253,27.991699999999998,17.315366666666666,22.20503809523809
2007-09-11,983.572,0.6830361111111111,4.736,0.106,0.8655976521623223,0.10539166666666668,240.07199305555554,2.9520833333333334,943.0,550.0,5792.0,16.392866666666666,9107.866666666665,2007-09-11,11,1,Tuesday,0,9,Sep,2007,3,254,18.622933333333332,26.415733333333332,20.7732
2007-09-12,1287.764,0.8942805555555555,6.18,0.114,1.0213368307903175,0.1193013888888889,240.01505555555556,3.86,0.0,3217.0,7755.0,21.462733333333333,10490.733333333334,2007-09-12,12,2,Wednesday,0,9,Sep,2007,3,255,16.392866666666666,20.60953333333333,20.895085714285717
2007-09-13,1146.382,0.7960986111111111,6.752,0.106,0.9741282469750617,0.11524861111111111,239.3098333333333,3.4644444444444447,1175.0,2523.0,3853.0,19.106366666666666,11555.366666666665,2007-09-13,13,3,Thursday,0,9,Sep,2007,3,256,21.462733333333333,15.024566666666667,21.478199999999998
2007-09-14,1135.47,0.7885208333333333,5.246,0.118,0.7849083945855707,0.12717083333333334,239.30189583333333,3.444722222222222,901.0,676.0,5804.0,18.924500000000002,11543.500000000004,2007-09-14,14,4,Friday,0,9,Sep,2007,3,257,19.106366666666666,22.274933333333333,20.99956666666667
2007-09-15,1095.312,0.7606333333333333,5.452,0.124,0.7362068620373694,0.1281013888888889,240.00197222222224,3.278194444444445,0.0,1449.0,6464.0,18.2552,10342.199999999997,2007-09-15,15,5,Saturday,1,9,Sep,2007,3,258,18.924500000000002,24.495866666666664,20.10804285714286
2007-09-16,1652.224,1.1473777777777778,6.04,0.11,1.204533706443091,0.13357777777777777,239.56046527777778,4.96625,3118.0,3064.0,9310.0,27.537066666666664,12045.066666666666,2007-09-16,16,6,Sunday,1,9,Sep,2007,3,259,18.2552,27.991699999999998,20.043095238095237
2007-09-17,1461.186,1.0147125,8.11,0.11,1.4728662777913817,0.14049583333333332,239.21479861111112,4.413472222222222,6651.0,926.0,6279.0,24.353099999999998,10497.099999999999,2007-09-17,17,0,Monday,0,9,Sep,2007,3,260,27.537066666666664,18.622933333333332,20.86169047619048
2007-09-18,1167.52,0.8107777777777778,5.242,0.106,0.9704202111983324,0.102175,238.26067361111112,3.5127777777777776,1888.0,2029.0,5425.0,19.458666666666666,10116.666666666664,2007-09-18,18,1,Tuesday,0,9,Sep,2007,3,261,24.353099999999998,16.392866666666666,21.299661904761905
2007-09-19,1298.684,0.9018638888888889,5.992,0.106,0.9632738670606269,0.1054125,240.30520833333333,3.8833333333333333,0.0,2743.0,7937.0,21.64473333333333,10964.73333333333,2007-09-19,19,2,Wednesday,0,9,Sep,2007,3,262,19.458666666666666,21.462733333333333,21.325661904761905
2007-09-20,1255.532,0.8718972222222222,6.148,0.106,0.954170711248739,0.09229722222222221,239.71498611111113,3.720972222222222,1056.0,489.0,9996.0,20.92553333333333,9384.53333333333,2007-09-20,20,3,Thursday,0,9,Sep,2007,3,263,21.64473333333333,19.106366666666666,21.585542857142855
2007-09-21,1238.78,0.8602638888888888,6.406,0.104,1.1299943051884465,0.10613472222222223,239.38146527777778,3.732638888888889,3130.0,2745.0,6316.0,20.646333333333335,8455.333333333336,2007-09-21,21,4,Friday,0,9,Sep,2007,3,264,20.92553333333333,18.924500000000002,21.831519047619047
2007-09-22,1176.172,0.8167861111111111,5.804,0.11,0.7884132489326776,0.12738333333333332,239.48303472222221,3.515138888888889,944.0,1311.0,7688.0,19.602866666666667,9659.866666666669,2007-09-22,22,5,Saturday,1,9,Sep,2007,3,265,20.646333333333335,18.2552,22.024042857142856
2007-09-23,1417.97,0.9847013888888889,5.098,0.112,1.0600778340827461,0.16873194444444445,239.50043055555554,4.28,2831.0,1929.0,7382.0,23.632833333333334,11490.833333333336,2007-09-23,23,6,Sunday,1,9,Sep,2007,3,266,19.602866666666667,27.537066666666664,21.466295238095235
2007-09-24,1354.53,0.9406458333333333,6.81,0.108,1.1755292851860768,0.13723888888888888,238.60060416666667,4.078749999999999,929.0,3935.0,7955.0,22.575499999999998,9756.499999999996,2007-09-24,24,0,Monday,0,9,Sep,2007,3,267,23.632833333333334,24.353099999999998,21.21235238095238
2007-09-25,1764.342,1.2252375,5.85,0.11,1.0846338159879452,0.09033194444444445,238.0996111111111,5.206388888888889,916.0,2253.0,9820.0,29.405700000000003,16416.700000000004,2007-09-25,25,1,Tuesday,0,9,Sep,2007,3,268,22.575499999999998,19.458666666666666,22.633357142857143
2007-09-26,1831.5,1.271875,7.03,0.2,1.2504406877103715,0.11763611111111111,239.41785416666667,5.396944444444444,1058.0,9452.0,5695.0,30.525,14320.0,2007-09-26,26,2,Wednesday,0,9,Sep,2007,3,269,29.405700000000003,21.64473333333333,23.901966666666663
2007-09-27,1392.6,0.9670833333333333,5.786,0.202,1.0127180628946713,0.10465972222222222,239.56705555555556,4.0777777777777775,1066.0,643.0,7324.0,23.209999999999997,14176.999999999996,2007-09-27,27,3,Thursday,0,9,Sep,2007,3,270,30.525,20.92553333333333,24.228319047619046
2007-09-28,1680.498,1.1670125,7.244,0.204,1.1411576141489352,0.15466527777777778,239.46243055555558,4.994166666666667,996.0,3722.0,9952.0,28.008300000000002,13338.300000000003,2007-09-28,28,4,Friday,0,9,Sep,2007,3,271,23.209999999999997,20.646333333333335,25.28002857142857
2007-09-29,2296.522,1.5948069444444444,7.592,0.214,1.424132196492257,0.12647361111111113,239.1401111111111,6.7931944444444445,4085.0,7457.0,8190.0,38.27536666666666,18543.36666666666,2007-09-29,29,5,Saturday,1,9,Sep,2007,3,272,28.008300000000002,19.602866666666667,27.94752857142857
2007-09-30,1516.29,1.0529791666666666,4.17,0.21,0.9125321799327338,0.11360277777777777,240.0647847222222,4.452500000000001,1405.0,582.0,10225.0,25.2715,13059.5,2007-09-30,30,6,Sunday,1,9,Sep,2007,3,273,38.27536666666666,23.632833333333334,28.18162380952381
2007-10-01,1720.922,1.1950847222222223,7.624,0.194,1.1627893274017067,0.10189861111111112,239.23991666666666,5.0737499999999995,1507.0,6622.0,5960.0,28.682033333333333,14593.033333333333,2007-10-01,1,0,Monday,0,10,Oct,2007,4,274,25.2715,22.575499999999998,29.053985714285716
2007-10-02,2198.864,1.526988888888889,6.034,0.2,1.0648819540075634,0.11238055555555555,238.49379166666665,6.474027777777778,508.0,8022.0,12815.0,36.647733333333335,15302.733333333337,2007-10-02,2,1,Tuesday,0,10,Oct,2007,4,275,28.682033333333333,29.405700000000003,30.088561904761907
2007-10-03,1280.454,0.8892041666666667,5.604,0.202,0.9443719026221215,0.10954027777777778,239.26106944444444,3.8,979.0,5024.0,3692.0,21.340899999999998,11645.899999999998,2007-10-03,3,2,Wednesday,0,10,Oct,2007,4,276,36.647733333333335,30.525,28.77654761904762
2007-10-04,1518.458,1.0544847222222222,6.446,0.202,1.022621349797554,0.09614444444444445,239.2050763888889,4.454583333333334,2400.0,444.0,9710.0,25.307633333333335,12753.633333333335,2007-10-04,4,3,Thursday,0,10,Oct,2007,4,277,21.340899999999998,23.209999999999997,29.076209523809524
2007-10-05,1394.092,0.9681194444444445,5.038,0.202,0.7457785292109681,0.10460833333333333,238.8271111111111,4.089722222222222,0.0,351.0,9425.0,23.23486666666667,13458.866666666669,2007-10-05,5,4,Friday,0,10,Oct,2007,4,278,25.307633333333335,28.008300000000002,28.39429047619048
2007-10-06,1756.24,1.2196111111111112,6.252,0.202,1.0344488530707223,0.1293,238.38071527777777,5.167638888888889,4840.0,347.0,9666.0,29.270666666666667,14417.666666666668,2007-10-06,6,5,Saturday,1,10,Oct,2007,4,279,23.23486666666667,38.27536666666666,27.107904761904763
2007-10-07,2106.114,1.4625791666666668,6.16,0.25,1.3513145461965312,0.10637361111111111,238.8262777777778,6.207916666666667,2498.0,8255.0,10886.0,35.1019,13462.900000000001,2007-10-07,7,6,Sunday,1,10,Oct,2007,4,280,29.270666666666667,25.2715,28.51224761904762
2007-10-08,1095.242,0.7605847222222222,5.372,0.22,0.7404225938992944,0.08465,239.09654861111113,3.2311111111111113,0.0,420.0,5082.0,18.254033333333332,12752.033333333333,2007-10-08,8,0,Monday,0,10,Oct,2007,4,281,35.1019,28.682033333333333,27.022533333333335
2007-10-09,1687.858,1.172123611111111,6.796,0.214,1.2140902461431207,0.1109736111111111,238.87914583333333,4.9823611111111115,2034.0,2147.0,9290.0,28.130966666666666,14659.966666666667,2007-10-09,9,1,Tuesday,0,10,Oct,2007,4,282,18.254033333333332,36.647733333333335,25.80585238095238
2007-10-10,1166.972,0.8103972222222222,6.722,0.212,1.0289365313457373,0.09218888888888889,239.4211597222222,3.4886111111111116,1863.0,2117.0,3345.0,19.44953333333333,12124.533333333333,2007-10-10,10,2,Wednesday,0,10,Oct,2007,4,283,28.130966666666666,21.340899999999998,25.535657142857143
2007-10-11,1732.446,1.2030874999999999,6.426,0.214,1.2395066036744087,0.106325,238.4441527777778,5.1090277777777775,2630.0,414.0,7806.0,28.8741,18024.1,2007-10-11,11,3,Thursday,0,10,Oct,2007,4,284,19.44953333333333,25.307633333333335,26.04515238095238
2007-10-12,1914.504,1.3295166666666667,5.688,0.218,1.207250617695572,0.09582222222222223,238.48131250000003,5.667083333333333,1020.0,5028.0,11659.0,31.908399999999997,14201.399999999998,2007-10-12,12,4,Friday,0,10,Oct,2007,4,285,28.8741,23.23486666666667,27.28422857142857
2007-10-13,1926.728,1.3380055555555557,9.036,0.216,1.4678022505798247,0.08694722222222222,238.76540972222222,5.700694444444444,969.0,3799.0,8463.0,32.11213333333333,18881.13333333333,2007-10-13,13,5,Saturday,1,10,Oct,2007,4,286,31.908399999999997,29.270666666666667,27.690152380952377
2007-10-14,2061.252,1.431425,7.884,0.218,1.308193554708536,0.1042013888888889,239.1010347222222,6.078749999999999,2930.0,7494.0,7126.0,34.3542,16804.199999999997,2007-10-14,14,6,Sunday,1,10,Oct,2007,4,287,32.11213333333333,35.1019,27.583338095238094
2007-10-15,1266.33,0.8793958333333333,4.846,0.216,0.8614002750725503,0.08207083333333333,239.29270833333334,3.7219444444444445,1061.0,339.0,7654.0,21.1055,12051.5,2007-10-15,15,0,Monday,0,10,Oct,2007,4,288,34.3542,18.254033333333332,27.990690476190473
2007-10-16,1964.442,1.3641958333333333,7.152,0.21,1.2306313517128609,0.1287597222222222,238.86261805555554,5.823194444444444,0.0,7871.0,9876.0,32.7407,14993.699999999997,2007-10-16,16,1,Tuesday,0,10,Oct,2007,4,289,21.1055,28.130966666666666,28.649223809523807
2007-10-17,1576.93,1.0950902777777778,6.9,0.208,1.0048855432401875,0.09472222222222222,239.19213194444444,4.6369444444444445,1065.0,453.0,8968.0,26.28216666666667,15796.166666666668,2007-10-17,17,2,Wednesday,0,10,Oct,2007,4,290,32.7407,19.44953333333333,29.625314285714285
2007-10-18,1518.53,1.054534722222222,5.78,0.226,0.9824901212049845,0.08506944444444445,239.80028472222222,4.43375,1162.0,317.0,9864.0,25.308833333333332,13965.833333333332,2007-10-18,18,3,Thursday,0,10,Oct,2007,4,291,26.28216666666667,28.8741,29.115990476190472
2007-10-19,2085.648,1.4483666666666668,6.192,0.218,1.1519983514774708,0.08435972222222222,239.65217361111112,6.103194444444445,1299.0,3124.0,11648.0,34.7608,18689.800000000003,2007-10-19,19,4,Friday,0,10,Oct,2007,4,292,25.308833333333332,31.908399999999997,29.52347619047619
2007-10-20,1660.246,1.1529486111111111,5.57,0.22,0.8858980579859674,0.09690555555555556,241.82481944444444,4.814722222222222,2363.0,296.0,13225.0,27.67076666666667,11786.76666666667,2007-10-20,20,5,Saturday,1,10,Oct,2007,4,293,34.7608,32.11213333333333,28.88899523809524
2007-10-21,1941.94,1.3485694444444445,7.44,0.22,1.3882029351639276,0.10696388888888889,241.49074305555555,5.701666666666666,3712.0,4357.0,7313.0,32.36566666666667,16983.666666666668,2007-10-21,21,6,Sunday,1,10,Oct,2007,4,294,27.67076666666667,34.3542,28.604919047619045
2007-10-22,1652.896,1.1478444444444444,5.326,0.216,0.6869434193590211,0.08084027777777777,240.54540277777778,4.805833333333333,0.0,299.0,13027.0,27.548266666666667,14222.266666666666,2007-10-22,22,0,Monday,0,10,Oct,2007,4,295,32.36566666666667,21.1055,29.52531428571429
2007-10-23,1959.692,1.3608972222222222,8.498,0.218,1.3308622264162024,0.08892083333333332,241.23120833333334,5.719166666666667,1067.0,5214.0,10680.0,32.66153333333333,15700.533333333333,2007-10-23,23,1,Tuesday,0,10,Oct,2007,4,296,27.548266666666667,32.7407,29.514004761904765
2007-10-24,1865.636,1.2955805555555555,5.826,0.218,1.2881144880939328,0.10193194444444445,240.80827083333332,5.473194444444444,4459.0,364.0,9115.0,31.093933333333332,17155.93333333333,2007-10-24,24,2,Wednesday,0,10,Oct,2007,4,297,32.66153333333333,26.28216666666667,30.2014
2007-10-25,1853.918,1.2874430555555554,6.544,0.198,1.3131507048634965,0.09180555555555554,240.47263194444446,5.413611111111111,1478.0,2433.0,7385.0,30.898633333333333,19602.63333333333,2007-10-25,25,3,Thursday,0,10,Oct,2007,4,298,31.093933333333332,25.308833333333332,30.99994285714286
2007-10-26,1437.568,0.9983111111111111,5.802,0.386,0.800414290148344,0.07616388888888889,240.68085416666665,4.365833333333334,0.0,348.0,5766.0,23.959466666666668,17845.466666666667,2007-10-26,26,4,Friday,0,10,Oct,2007,4,299,30.898633333333333,34.7608,29.45689523809524
2007-10-27,1785.688,1.2400611111111113,6.678,0.196,1.3734892800375973,0.07582361111111112,240.20120833333334,5.309166666666666,1374.0,4856.0,8949.0,29.761466666666667,14582.466666666667,2007-10-27,27,5,Saturday,1,10,Oct,2007,4,300,23.959466666666668,27.67076666666667,29.75556666666667
2007-10-28,512.158,0.3556652777777778,1.516,0.196,0.2953479222542607,0.06409583333333334,240.86605555555556,1.485277777777778,0.0,283.0,1765.0,8.535966666666667,6487.966666666667,2007-10-28,28,6,Sunday,1,10,Oct,2007,4,301,29.761466666666667,32.36566666666667,26.351323809523812
2007-10-29,545.428,0.37876944444444444,1.606,0.194,0.33564710141614335,0.06041527777777778,241.19330555555555,1.5744444444444443,0.0,269.0,2749.0,9.090466666666666,6072.466666666665,2007-10-29,29,0,Monday,0,10,Oct,2007,4,302,8.535966666666667,27.548266666666667,23.714495238095235
2007-10-30,811.008,0.5632,7.922,0.196,0.8292043417908236,0.06238888888888889,240.62592361111112,2.3513888888888888,0.0,1935.0,4256.0,13.5168,7325.799999999999,2007-10-30,30,1,Tuesday,0,10,Oct,2007,4,303,9.090466666666666,32.66153333333333,20.979533333333332
2007-10-31,1283.21,0.8911180555555556,6.206,0.196,1.015214104268453,0.07444444444444445,240.33897916666666,3.7423611111111112,0.0,4700.0,8915.0,21.386833333333335,7771.833333333336,2007-10-31,31,2,Wednesday,0,10,Oct,2007,4,304,13.5168,31.093933333333332,19.592804761904763
2007-11-01,496.216,0.3445944444444444,1.444,0.196,0.2909678693799451,0.05905972222222223,240.93840277777778,1.4359722222222224,0.0,293.0,1991.0,8.270266666666666,5986.266666666666,2007-11-01,1,3,Thursday,0,11,Nov,2007,4,305,21.386833333333335,30.898633333333333,16.360180952380954
2007-11-02,1443.602,1.002501388888889,5.582,0.194,0.9553940532991486,0.06483472222222222,239.3489861111111,4.202638888888889,1346.0,2115.0,12245.0,24.060033333333333,8354.033333333333,2007-11-02,2,4,Friday,0,11,Nov,2007,4,306,8.270266666666666,23.959466666666668,16.374547619047622
2007-11-03,492.55,0.3420486111111111,1.504,0.194,0.28667210931786175,0.06119722222222222,240.19050694444445,1.4343055555555557,0.0,282.0,1936.0,8.209166666666667,5991.166666666666,2007-11-03,3,5,Saturday,1,11,Nov,2007,4,307,24.060033333333333,29.761466666666667,13.29564761904762
2007-11-04,1485.686,1.0317263888888888,5.506,0.196,1.294414396988384,0.09639027777777777,240.20552083333334,4.384027777777778,0.0,4387.0,7068.0,24.761433333333333,13306.433333333334,2007-11-04,4,6,Sunday,1,11,Nov,2007,4,308,8.209166666666667,8.535966666666667,15.61357142857143
2007-11-05,1500.592,1.0420777777777779,3.844,0.218,0.7807738429323997,0.09121527777777777,239.65911111111112,4.39625,1265.0,397.0,6583.0,25.009866666666667,16764.86666666667,2007-11-05,5,0,Monday,0,11,Nov,2007,4,309,24.761433333333333,9.090466666666666,17.88777142857143
2007-11-06,2082.378,1.4460958333333334,5.844,0.218,1.087268125584048,0.13925416666666668,238.70195833333335,6.149861111111111,1105.0,5515.0,10690.0,34.706300000000006,17396.300000000003,2007-11-06,6,1,Tuesday,0,11,Nov,2007,4,310,25.009866666666667,13.5168,20.914842857142855
2007-11-07,1844.758,1.2810819444444446,6.456,0.216,1.2888586215882483,0.1343888888888889,239.5649097222222,5.481111111111111,5042.0,301.0,6374.0,30.745966666666668,19028.966666666667,2007-11-07,7,2,Wednesday,0,11,Nov,2007,4,311,34.706300000000006,21.386833333333335,22.251861904761906
2007-11-08,1501.06,1.0424027777777778,6.46,0.224,1.0565518458225185,0.09354027777777778,240.75264583333333,4.435,1715.0,314.0,6500.0,25.017666666666667,16488.666666666668,2007-11-08,8,3,Thursday,0,11,Nov,2007,4,312,30.745966666666668,8.270266666666666,24.64434761904762
2007-11-09,2171.226,1.5077958333333334,7.046,0.22,1.1186007242294722,0.07864027777777778,238.71543749999998,6.367222222222222,0.0,4573.0,15375.0,36.1871,16239.099999999999,2007-11-09,9,4,Friday,0,11,Nov,2007,4,313,25.017666666666667,24.060033333333333,26.376785714285717
2007-11-10,2611.6,1.813611111111111,6.622,0.222,1.4194133325541713,0.1650361111111111,239.11040972222222,7.706944444444445,3697.0,304.0,13767.0,43.526666666666664,25758.666666666664,2007-11-10,10,5,Saturday,1,11,Nov,2007,4,314,36.1871,8.209166666666667,31.42214285714286
2007-11-11,1887.124,1.3105027777777778,9.326,0.246,1.1943548466200549,0.12889583333333335,240.26026388888891,5.540555555555556,3445.0,320.0,6024.0,31.452066666666667,21663.066666666666,2007-11-11,11,6,Sunday,1,11,Nov,2007,4,315,43.526666666666664,24.761433333333333,32.377947619047625
2007-11-12,2156.146,1.4973236111111112,8.026,0.242,1.2647346721601402,0.09546388888888888,239.82559027777776,6.271944444444444,1018.0,4165.0,13281.0,35.93576666666667,17471.76666666667,2007-11-12,12,0,Monday,0,11,Nov,2007,4,316,31.452066666666667,25.009866666666667,33.938790476190476
2007-11-13,2214.398,1.537776388888889,8.848,0.222,1.4735863368480964,0.09788333333333334,241.12297916666668,6.4534722222222225,978.0,4933.0,11076.0,36.90663333333334,19919.63333333334,2007-11-13,13,1,Tuesday,0,11,Nov,2007,4,317,35.93576666666667,34.706300000000006,34.253123809523814
2007-11-14,2047.994,1.4222180555555555,4.604,0.226,0.8798325475316359,0.0983263888888889,239.9460277777778,5.9406944444444445,1055.0,295.0,16345.0,34.13323333333333,16438.23333333333,2007-11-14,14,2,Wednesday,0,11,Nov,2007,4,318,36.90663333333334,30.745966666666668,34.73701904761905
2007-11-15,1491.988,1.0361027777777778,4.874,0.212,1.0052649838878578,0.09240694444444444,239.98499305555558,4.396388888888889,1606.0,571.0,7503.0,24.866466666666668,15186.466666666667,2007-11-15,15,3,Thursday,0,11,Nov,2007,4,319,34.13323333333333,25.017666666666667,34.71541904761905
2007-11-16,2309.754,1.6039958333333333,6.606,0.224,1.247606449986513,0.08609583333333333,240.9835138888889,6.718055555555556,1991.0,4660.0,13564.0,38.4959,18280.9,2007-11-16,16,4,Friday,0,11,Nov,2007,4,320,24.866466666666668,36.1871,35.04524761904762
2007-11-17,2610.094,1.8125652777777779,6.498,0.216,1.4416862318168773,0.1166875,240.6034236111111,7.598888888888888,2588.0,2199.0,14990.0,43.50156666666667,23724.566666666666,2007-11-17,17,5,Saturday,1,11,Nov,2007,4,321,38.4959,43.526666666666664,35.0416619047619
2007-11-18,2183.858,1.5165680555555556,6.41,0.222,1.4225244469517941,0.11233472222222222,242.26045833333333,6.3476388888888895,5201.0,2097.0,7066.0,36.39763333333334,22033.63333333334,2007-11-18,18,6,Sunday,1,11,Nov,2007,4,322,43.50156666666667,31.452066666666667,35.74817142857143
2007-11-19,1723.654,1.1969819444444445,6.078,0.218,1.118773119197119,0.07779861111111111,242.76635416666664,5.00625,1089.0,253.0,10750.0,28.727566666666668,16635.56666666667,2007-11-19,19,0,Monday,0,11,Nov,2007,4,323,36.39763333333334,35.93576666666667,34.71842857142857
2007-11-20,2095.856,1.4554555555555557,6.26,0.218,1.1905314342796787,0.08668888888888888,241.33882638888886,6.090416666666667,1015.0,3954.0,11026.0,34.930933333333336,18935.933333333334,2007-11-20,20,1,Tuesday,0,11,Nov,2007,4,324,28.727566666666668,36.90663333333334,34.43618571428571
2007-11-21,1755.06,1.2187916666666667,5.954,0.216,1.0529656749617586,0.09138750000000001,241.4952048611111,5.120694444444444,1140.5,549.0,9470.5,29.250999999999998,18090.999999999996,2007-11-21,21,2,Wednesday,0,11,Nov,2007,4,325,34.930933333333336,34.13323333333333,33.73872380952381
2007-11-22,1932.378,1.3419291666666666,7.96,0.22,1.3045455072114904,0.09938055555555556,241.5650486111111,5.65625,2867.0,297.0,9001.0,32.2063,20041.3,2007-11-22,22,3,Thursday,0,11,Nov,2007,4,326,29.250999999999998,24.866466666666668,34.78727142857143
2007-11-23,2522.618,1.7518180555555556,7.308,0.214,1.439678675332616,0.09646666666666667,240.72236805555556,7.340694444444445,2168.0,6181.0,13685.0,42.04363333333333,20009.63333333333,2007-11-23,23,4,Friday,0,11,Nov,2007,4,327,32.2063,38.4959,35.294090476190476
2007-11-24,1899.054,1.3187875,6.068,0.214,1.1021571441399518,0.10452222222222222,241.80274305555557,5.512638888888889,1573.0,4131.0,13451.0,31.6509,12495.900000000001,2007-11-24,24,5,Saturday,1,11,Nov,2007,4,328,42.04363333333333,43.50156666666667,33.6011380952381
2007-11-25,1395.598,0.9691652777777777,6.456,0.214,1.110559658529028,0.08526111111111111,242.66115972222224,4.086666666666667,3556.0,279.0,5678.0,23.259966666666667,13746.966666666667,2007-11-25,25,6,Sunday,1,11,Nov,2007,4,329,31.6509,36.39763333333334,31.724328571428572
2007-11-26,1569.716,1.0900805555555555,6.34,0.214,1.0127384869674385,0.08128472222222222,241.11649305555557,4.601388888888889,1088.0,288.0,8926.0,26.16193333333333,15859.93333333333,2007-11-26,26,0,Monday,0,11,Nov,2007,4,330,23.259966666666667,28.727566666666668,31.357809523809525
2007-11-27,2801.012,1.9451472222222224,7.212,0.22,1.4365370880258281,0.09721805555555556,241.32109722222222,8.15625,1063.0,11020.0,15111.0,46.68353333333334,19489.53333333334,2007-11-27,27,1,Tuesday,0,11,Nov,2007,4,331,26.16193333333333,34.930933333333336,33.036752380952386
2007-11-28,1644.94,1.1423194444444444,5.75,0.224,1.0104142212871219,0.08016805555555556,242.89480555555556,4.775555555555556,1182.0,769.0,7810.0,27.415666666666667,17654.666666666668,2007-11-28,28,2,Wednesday,0,11,Nov,2007,4,332,46.68353333333334,29.250999999999998,32.7745619047619
2007-11-29,1719.458,1.1940680555555556,5.144,0.216,1.0394028265354949,0.0824375,242.73200347222223,5.015694444444445,2031.0,283.0,8818.0,28.657633333333333,17525.63333333333,2007-11-29,29,3,Thursday,0,11,Nov,2007,4,333,27.415666666666667,32.2063,32.267609523809526
2007-11-30,2331.728,1.6192555555555557,7.446,0.214,1.2654890799627245,0.10227777777777777,243.48774999999998,6.757222222222222,0.0,7941.0,13601.0,38.86213333333333,17320.13333333333,2007-11-30,30,4,Friday,0,11,Nov,2007,4,334,28.657633333333333,42.04363333333333,31.813109523809523
2007-12-01,3134.942,2.1770430555555556,7.738,0.214,1.6024922991016293,0.20061944444444443,240.2660833333333,9.191527777777777,9356.0,353.0,17847.0,52.24903333333334,24693.03333333334,2007-12-01,1,5,Saturday,1,12,Dec,2007,4,335,38.86213333333333,31.6509,34.7557
2007-12-02,2946.188,2.045963888888889,8.594,0.196,1.420503775342568,0.22575138888888888,240.73000694444445,8.618611111111111,2090.0,6915.0,10636.0,49.10313333333333,29462.13333333333,2007-12-02,2,6,Sunday,1,12,Dec,2007,4,336,52.24903333333334,23.259966666666667,38.44758095238095
2007-12-03,1762.06,1.2236527777777777,6.33,0.22,0.9681173330373615,0.09160694444444444,241.07959027777775,5.165555555555556,1141.0,299.0,10428.0,29.367666666666665,17499.666666666664,2007-12-03,3,0,Monday,0,12,Dec,2007,4,337,49.10313333333333,26.16193333333333,38.905542857142855
2007-12-04,2067.636,1.4358583333333332,7.448,0.22,1.4747460815116562,0.10070555555555555,241.53597916666666,6.045138888888889,1012.0,5828.0,8561.0,34.4606,19059.6,2007-12-04,4,1,Tuesday,0,12,Dec,2007,4,338,29.367666666666665,46.68353333333334,37.15940952380952
2007-12-05,2153.12,1.4952222222222222,7.604,0.242,1.2412080401008134,0.1238875,241.22788194444445,6.348194444444444,3422.0,295.0,10919.0,35.88533333333333,21249.33333333333,2007-12-05,5,2,Wednesday,0,12,Dec,2007,4,339,34.4606,27.415666666666667,38.3693619047619
2007-12-06,2487.934,1.7277319444444446,6.838,0.222,1.293613945495155,0.11245555555555556,239.7100972222222,7.337916666666667,4751.0,318.0,11908.0,41.46556666666667,24488.566666666666,2007-12-06,6,3,Thursday,0,12,Dec,2007,4,340,35.88533333333333,28.657633333333333,40.19906666666667
2007-12-07,1769.016,1.2284833333333334,7.154,0.222,1.044871729411919,0.10252777777777777,240.6710486111111,5.157916666666666,459.0,3710.0,10263.0,29.483600000000003,15051.600000000002,2007-12-07,7,4,Friday,0,12,Dec,2007,4,341,41.46556666666667,38.86213333333333,38.85927619047619
2007-12-08,2213.404,1.5370861111111112,6.222,0.222,1.4068527760117404,0.10718055555555556,239.55993055555555,6.508055555555556,1133.0,2354.0,12283.0,36.89006666666667,21120.066666666673,2007-12-08,8,5,Saturday,1,12,Dec,2007,4,342,29.483600000000003,52.24903333333334,36.6651380952381
2007-12-09,2274.584,1.5795722222222222,8.054,0.214,1.6615223125369991,0.1395388888888889,239.9150763888889,6.701527777777779,4176.0,2428.0,8728.0,37.90973333333333,22577.73333333333,2007-12-09,9,6,Sunday,1,12,Dec,2007,4,343,36.89006666666667,49.10313333333333,35.06608095238095
2007-12-10,1758.754,1.2213569444444443,7.312,0.214,1.1361114913291113,0.08681388888888888,241.90383333333335,5.174583333333333,1102.0,278.0,8281.0,29.312566666666665,19651.566666666666,2007-12-10,10,0,Monday,0,12,Dec,2007,4,344,37.90973333333333,29.367666666666665,35.05820952380952
2007-12-11,2305.104,1.6007666666666664,6.56,0.214,1.171562169212879,0.09284583333333334,241.4602361111111,6.7122222222222225,1050.0,3817.0,12740.0,38.4184,20811.4,2007-12-11,11,1,Tuesday,0,12,Dec,2007,4,345,29.312566666666665,34.4606,35.62360952380953
2007-12-12,1588.062,1.1028208333333334,5.256,0.208,0.9421213453942827,0.08117083333333333,242.47632638888888,4.591111111111111,1152.0,254.0,7759.0,26.467699999999997,17302.699999999997,2007-12-12,12,2,Wednesday,0,12,Dec,2007,4,346,38.4184,35.88533333333333,34.27823333333333
2007-12-13,1847.746,1.2831569444444446,6.1,0.216,1.1513976630808274,0.07742361111111111,241.82734027777778,5.419583333333334,1103.0,1448.0,8911.0,30.79576666666667,19333.76666666667,2007-12-13,13,3,Thursday,0,12,Dec,2007,4,347,26.467699999999997,41.46556666666667,32.753976190476195
2007-12-14,1974.808,1.3713944444444444,9.224,0.224,1.2107796189167233,0.1246875,241.9859236111111,5.757777777777778,980.0,3849.0,12941.0,32.913466666666665,15143.466666666667,2007-12-14,14,4,Friday,0,12,Dec,2007,4,348,30.79576666666667,29.483600000000003,33.24395714285715
2007-12-15,2736.876,1.9006083333333335,8.784,0.224,1.447355416114488,0.1094625,241.28064583333332,7.98,1706.0,3687.0,14313.0,45.6146,25908.600000000006,2007-12-15,15,5,Saturday,1,12,Dec,2007,4,349,32.913466666666665,36.89006666666667,34.490319047619046
2007-12-16,2762.218,1.9182069444444443,7.908,0.216,1.3347648053892256,0.08815138888888889,242.6849861111111,7.992222222222222,3410.0,2281.0,12929.0,46.036966666666665,27416.966666666667,2007-12-16,16,6,Sunday,1,12,Dec,2007,4,350,45.6146,37.90973333333333,35.65135238095238
2007-12-17,1798.496,1.2489555555555556,6.796,0.208,1.2526880321436755,0.07306666666666667,242.62617708333335,5.189930555555556,1636.0,243.0,10567.0,29.974933333333336,17528.933333333334,2007-12-17,17,0,Monday,0,12,Dec,2007,4,351,46.036966666666665,29.312566666666665,35.74597619047619
2007-12-18,2623.194,1.8216625,7.226,0.212,1.4329605968954748,0.10005555555555556,242.93998611111112,7.602083333333334,1123.0,5810.0,11093.0,43.7199,25693.9,2007-12-18,18,1,Tuesday,0,12,Dec,2007,4,352,29.974933333333336,38.4184,36.50333333333333
2007-12-19,2196.052,1.5250361111111113,5.892,0.214,1.1690651962249492,0.07592777777777777,242.70109722222224,6.334444444444444,1233.0,2658.0,11679.0,36.60086666666667,21030.86666666667,2007-12-19,19,2,Wednesday,0,12,Dec,2007,4,353,43.7199,26.467699999999997,37.95092857142857
2007-12-20,1949.758,1.353998611111111,5.552,0.206,0.9612903058481324,0.08294027777777778,243.16793750000002,5.613333333333333,1859.0,276.0,13592.0,32.49596666666667,16768.966666666667,2007-12-20,20,3,Thursday,0,12,Dec,2007,4,354,36.60086666666667,30.79576666666667,38.19381428571428
2007-12-21,1982.576,1.3767888888888888,6.486,0.22,1.027067027761624,0.0739375,242.88163194444445,5.713749999999999,1191.0,200.0,12251.0,33.04293333333333,19400.933333333327,2007-12-21,21,4,Friday,0,12,Dec,2007,4,355,32.49596666666667,32.913466666666665,38.21230952380953
2007-12-22,2611.264,1.8133777777777778,8.526,0.22,1.5262298474500224,0.09813472222222222,242.14553472222224,7.593472222222222,3819.0,4550.0,12673.0,43.52106666666667,22479.066666666673,2007-12-22,22,5,Saturday,1,12,Dec,2007,4,356,33.04293333333333,45.6146,37.91323333333333
2007-12-23,2409.048,1.67295,9.686,0.228,1.4362257997545065,0.12241111111111111,242.5579375,6.982777777777779,1971.0,3091.0,11962.0,40.1508,23126.799999999996,2007-12-23,23,6,Sunday,1,12,Dec,2007,4,357,43.52106666666667,46.036966666666665,37.07235238095238
2007-12-24,2257.848,1.56795,6.382,0.224,1.2480006916972126,0.10399583333333333,242.6504236111111,6.549722222222223,2985.0,2316.0,14350.0,37.6308,17979.800000000003,2007-12-24,24,0,Monday,0,12,Dec,2007,4,358,40.1508,29.974933333333336,38.16604761904762
2007-12-25,2694.968,1.8715055555555555,6.756,0.224,1.4607716410587384,0.105425,242.98086805555556,7.790972222222222,4588.0,3368.0,9084.0,44.91613333333333,27876.133333333324,2007-12-25,25,1,Tuesday,0,12,Dec,2007,4,359,37.6308,43.7199,38.3369380952381
2007-12-26,2580.28,1.7918611111111113,6.394,0.23,1.1139651658393186,0.09744027777777778,242.39239583333332,7.426111111111111,1109.0,2773.0,9480.0,43.00466666666667,29642.66666666667,2007-12-26,26,2,Wednesday,0,12,Dec,2007,4,360,44.91613333333333,36.60086666666667,39.25176666666666
2007-12-27,2532.198,1.7584708333333332,7.924,0.244,1.4328214468880152,0.1323486111111111,242.1116111111111,7.395833333333333,4122.0,1490.0,7960.0,42.2033,28631.299999999996,2007-12-27,27,3,Thursday,0,12,Dec,2007,4,361,43.00466666666667,32.49596666666667,40.63852857142857
2007-12-28,3113.052,2.1618416666666667,9.59,0.238,1.9121963918309237,0.1436111111111111,242.28447916666667,9.030555555555555,1980.0,8554.0,15823.0,51.8842,25527.199999999997,2007-12-28,28,4,Friday,0,12,Dec,2007,4,362,42.2033,33.04293333333333,43.3301380952381
2007-12-29,3298.956,2.290941666666667,6.608,0.226,1.2346350064276466,0.13881388888888888,240.55066666666667,9.56,4836.0,2434.0,14906.0,54.982600000000005,32806.600000000006,2007-12-29,29,5,Saturday,1,12,Dec,2007,4,363,51.8842,43.52106666666667,44.967499999999994
2007-12-30,2558.916,1.777025,7.364,0.22,1.5248045439400724,0.12391388888888889,242.0991736111111,7.465694444444445,3595.0,3597.0,13485.0,42.6486,21971.6,2007-12-30,30,6,Sunday,1,12,Dec,2007,4,364,54.982600000000005,40.1508,45.32432857142857
2007-12-31,2216.542,1.5392652777777778,6.158,0.226,1.1981950320049126,0.10106666666666667,241.09479166666668,6.455,0.0,3457.0,14071.0,36.942366666666665,19414.36666666666,2007-12-31,31,0,Monday,0,12,Dec,2007,4,365,42.6486,37.6308,45.22598095238096
2008-01-01,2759.738,1.916484722222222,5.686,0.226,1.0256950665122688,0.09896388888888889,241.0366736111111,7.978611111111111,2461.0,2739.0,12355.0,45.99563333333333,28440.63333333333,2008-01-01,1,1,Tuesday,0,1,Jan,2008,1,1,36.942366666666665,44.91613333333333,45.38019523809525
2008-01-02,1644.106,1.1417402777777779,5.6,0.278,0.7969808957577595,0.07754583333333333,242.41745138888888,4.770416666666667,0.0,3094.0,8987.0,27.401766666666667,15320.766666666666,2008-01-02,2,2,Wednesday,0,1,Jan,2008,1,2,45.99563333333333,43.00466666666667,43.15120952380952
2008-01-03,1510.108,1.048686111111111,5.662,0.234,0.9064998682866804,0.08415416666666667,243.0774583333333,4.401666666666666,1130.0,846.0,6671.0,25.168466666666667,16521.466666666667,2008-01-03,3,3,Thursday,0,1,Jan,2008,1,3,27.401766666666667,42.2033,40.717661904761904
2008-01-04,2291.852,1.5915638888888888,6.324,0.228,1.241769870020967,0.09493472222222221,241.27338194444442,6.715138888888888,1241.0,5326.0,11752.0,38.19753333333333,19878.533333333333,2008-01-04,4,4,Friday,0,1,Jan,2008,1,4,25.168466666666667,51.8842,38.76242380952381
2008-01-05,2183.248,1.5161444444444445,5.326,0.226,1.1007957529685906,0.08990555555555556,238.82294444444443,6.446805555555556,2113.0,286.0,14591.0,36.38746666666667,19397.466666666667,2008-01-05,5,5,Saturday,1,1,Jan,2008,1,5,38.19753333333333,54.982600000000005,36.10597619047619
2008-01-06,1825.184,1.2674888888888889,6.376,0.22,1.1637985109821016,0.08122083333333333,239.40729166666668,5.390138888888889,1966.0,2445.0,7824.0,30.419733333333333,18184.733333333334,2008-01-06,6,6,Sunday,1,1,Jan,2008,1,6,36.38746666666667,42.6486,34.35899523809524
2008-01-07,1695.814,1.177648611111111,5.864,0.212,1.0421718656231005,0.080675,240.74393750000002,4.915277777777778,1288.0,282.0,10294.0,28.26356666666667,16399.56666666667,2008-01-07,7,0,Monday,0,1,Jan,2008,1,7,30.419733333333333,36.942366666666665,33.119166666666665
2008-01-08,2043.55,1.4191319444444443,7.296,0.212,1.3968170446060009,0.08850833333333333,240.82180555555558,5.99,2197.0,3511.0,9793.0,34.05916666666666,18558.166666666664,2008-01-08,8,1,Tuesday,0,1,Jan,2008,1,8,28.26356666666667,45.99563333333333,31.413957142857146
2008-01-09,1788.44,1.2419722222222223,7.54,0.214,1.0617243919331942,0.08703888888888889,241.2586388888889,5.231944444444444,1162.0,284.0,8963.0,29.807333333333336,19398.333333333336,2008-01-09,9,2,Wednesday,0,1,Jan,2008,1,9,34.05916666666666,27.401766666666667,31.757609523809524
2008-01-10,1894.076,1.3153305555555557,5.124,0.224,0.9554893432674566,0.08368333333333333,240.80713888888891,5.5945833333333335,1307.0,285.0,9992.0,31.567933333333333,19983.933333333334,2008-01-10,10,3,Thursday,0,1,Jan,2008,1,10,29.807333333333336,25.168466666666667,32.67181904761905
2008-01-11,1705.818,1.1845958333333333,4.692,0.222,0.83404146493821,0.06630833333333333,240.41004861111108,4.963472222222222,1261.0,290.0,7997.0,28.4303,18882.3,2008-01-11,11,4,Friday,0,1,Jan,2008,1,11,31.567933333333333,38.19753333333333,31.2765
2008-01-12,2871.408,1.9940333333333333,8.282,0.388,1.6455349855722257,0.11300277777777777,239.96018055555552,8.523888888888889,5594.0,2621.0,11116.0,47.8568,28525.800000000003,2008-01-12,12,5,Saturday,1,1,Jan,2008,1,12,28.4303,36.38746666666667,32.91497619047619
2008-01-13,2886.105,2.0042395833333333,6.922,0.218,1.4188023290380427,0.10053124999999999,239.74699652777778,8.45673611111111,6505.5,341.5,9378.5,48.10175,31876.25,2008-01-13,13,6,Sunday,1,1,Jan,2008,1,13,47.8568,30.419733333333333,35.44097857142857
2008-01-14,2024.932,1.4062027777777777,8.362,0.22,1.4944127279707968,0.08340972222222222,240.29900694444444,6.014583333333333,5918.0,339.0,9738.0,33.748866666666665,17753.86666666666,2008-01-14,14,0,Monday,0,1,Jan,2008,1,14,48.10175,28.26356666666667,36.22459285714286
2008-01-15,2686.912,1.865911111111111,8.666,0.33,1.3605188675779532,0.07857222222222222,240.7094861111111,7.891249999999999,782.0,6883.0,14512.0,44.781866666666666,22604.86666666667,2008-01-15,15,1,Tuesday,0,1,Jan,2008,1,15,33.748866666666665,34.05916666666666,37.75640714285714
2008-01-16,2135.852,1.4832305555555554,5.312,0.32,1.0402914100523657,0.08953472222222222,240.42214583333333,6.319583333333334,1162.0,3430.0,9391.0,35.59753333333333,21614.533333333333,2008-01-16,16,2,Wednesday,0,1,Jan,2008,1,16,44.781866666666666,29.807333333333336,38.58357857142857
2008-01-17,1572.282,1.0918625,6.0,0.312,0.8802324984952705,0.08105416666666666,241.62799305555555,4.6450000000000005,1007.0,350.0,8657.0,26.2047,16190.7,2008-01-17,17,3,Thursday,0,1,Jan,2008,1,17,35.59753333333333,31.567933333333333,37.81740238095238
2008-01-18,2186.988,1.5187416666666667,5.55,0.23,0.9875956384929296,0.08284027777777778,239.93293055555554,6.432222222222222,1034.0,846.0,14983.0,36.449799999999996,19586.799999999996,2008-01-18,18,4,Friday,0,1,Jan,2008,1,18,26.2047,28.4303,38.96304523809523
2008-01-19,1980.306,1.3752125,6.33,0.216,1.3170566883562715,0.0937375,239.60592361111114,5.828888888888889,2521.0,6054.0,8015.0,33.0051,16415.1,2008-01-19,19,5,Saturday,1,1,Jan,2008,1,19,36.449799999999996,47.8568,36.84137380952381
2008-01-20,1740.368,1.208588888888889,5.106,0.23,1.0117522833434798,0.09625972222222222,239.94454166666668,5.148888888888889,1775.0,380.0,4940.0,29.00613333333333,21911.13333333333,2008-01-20,20,6,Sunday,1,1,Jan,2008,1,20,33.0051,48.10175,34.11342857142857
2008-01-21,1858.998,1.2909708333333334,5.36,0.324,0.9251461499307869,0.085,239.56475,5.519027777777778,0.0,376.0,10447.0,30.9833,20160.3,2008-01-21,21,0,Monday,0,1,Jan,2008,1,21,29.00613333333333,33.748866666666665,33.71834761904761
2008-01-22,2325.018,1.6145958333333335,8.12,0.316,1.6656338176313268,0.09962638888888888,240.09477777777778,6.92875,4670.0,7640.0,7552.0,38.7503,18888.300000000003,2008-01-22,22,1,Tuesday,0,1,Jan,2008,1,22,30.9833,44.781866666666666,32.856695238095234
2008-01-23,1882.308,1.3071583333333334,5.306,0.22,0.858237476632219,0.07498888888888888,240.90704861111112,5.520277777777777,1116.0,387.0,13359.0,31.3718,16509.8,2008-01-23,23,2,Wednesday,0,1,Jan,2008,1,23,38.7503,35.59753333333333,32.25301904761905
2008-01-24,1645.022,1.142376388888889,5.54,0.216,1.042543209983106,0.07243472222222222,240.77922916666668,4.887916666666667,1107.0,320.0,5935.0,27.417033333333332,20055.033333333333,2008-01-24,24,3,Thursday,0,1,Jan,2008,1,24,31.3718,26.2047,32.426209523809526
2008-01-25,2239.856,1.5554555555555558,5.522,0.32,0.9386705298212664,0.08307361111111111,240.70544444444445,6.544027777777777,0.0,2421.0,11409.0,37.330933333333334,23500.933333333334,2008-01-25,25,4,Friday,0,1,Jan,2008,1,25,27.417033333333332,36.449799999999996,32.55208571428572
2008-01-26,2834.988,1.9687416666666666,9.666,0.322,1.6048560568161168,0.11695972222222221,239.76020833333334,8.366666666666667,4925.0,311.0,15606.0,47.2498,26407.800000000003,2008-01-26,26,5,Saturday,1,1,Jan,2008,1,26,37.330933333333334,33.0051,34.587042857142855
2008-01-27,2381.766,1.6540041666666667,10.162,0.226,1.427800727929554,0.09774861111111112,241.3036736111111,6.984861111111112,3725.0,3818.0,7367.0,39.6961,24786.1,2008-01-27,27,6,Sunday,1,1,Jan,2008,1,27,47.2498,29.00613333333333,36.11418095238095
2008-01-28,2308.196,1.6029138888888887,4.816,0.318,0.9503402987020989,0.07488611111111111,240.46677777777776,6.769583333333334,1142.0,280.0,12792.0,38.46993333333333,24255.933333333327,2008-01-28,28,0,Monday,0,1,Jan,2008,1,28,39.6961,30.9833,37.1837
2008-01-29,2676.024,1.85835,7.962,0.328,1.3072518999608904,0.08137222222222222,240.62310416666668,7.8422222222222215,1487.0,6199.0,11077.0,44.6004,25837.4,2008-01-29,29,1,Tuesday,0,1,Jan,2008,1,29,38.46993333333333,38.7503,38.01942857142857
2008-01-30,1640.646,1.1393375,6.134,0.314,0.8743749575257503,0.08088194444444444,241.61465277777776,4.826388888888889,0.0,261.0,7261.0,27.3441,19822.100000000002,2008-01-30,30,2,Wednesday,0,1,Jan,2008,1,30,44.6004,31.3718,37.444042857142854
2008-01-31,1953.922,1.3568902777777778,6.188,0.322,1.2242177853661789,0.09553888888888888,241.88574999999997,5.793333333333333,1165.0,267.0,9437.0,32.56536666666667,21696.36666666667,2008-01-31,31,3,Thursday,0,1,Jan,2008,1,31,27.3441,27.417033333333332,38.179519047619046
2008-02-01,1534.652,1.0657305555555556,6.56,0.214,0.8053657405142903,0.12447916666666667,240.36027083333332,4.5176388888888885,336.0,280.0,7241.0,25.577533333333335,17720.533333333336,2008-02-01,1,4,Friday,0,2,Feb,2008,1,32,32.56536666666667,37.330933333333334,36.500461904761906
2008-02-02,2940.447,2.0419770833333333,8.716,0.222,1.765375830317181,0.1607097222222222,240.28889930555556,8.656319444444446,6283.5,2764.0,15205.0,49.00745,24754.949999999997,2008-02-02,2,5,Saturday,1,2,Feb,2008,1,33,25.577533333333335,47.2498,36.751554761904764
2008-02-03,2084.568,1.4476166666666668,5.5,0.216,1.220230387683859,0.10674166666666667,240.34072222222224,6.135694444444444,2319.0,4435.0,8452.0,34.7428,19536.800000000003,2008-02-03,3,6,Sunday,1,2,Feb,2008,1,34,49.00745,39.6961,36.04394047619048
2008-02-04,1628.138,1.130651388888889,5.108,0.21,0.9944253822483505,0.07224583333333334,240.25520833333334,4.777222222222222,1161.0,252.0,9531.0,27.13563333333333,16191.633333333331,2008-02-04,4,0,Monday,0,2,Feb,2008,1,35,34.7428,38.46993333333333,34.424754761904765
2008-02-05,2472.456,1.7169833333333335,7.706,0.216,1.3628178916122295,0.10610138888888888,240.97691666666668,7.2105555555555565,1098.0,7803.0,13717.0,41.2076,18589.6,2008-02-05,5,1,Tuesday,0,2,Feb,2008,1,36,27.13563333333333,44.6004,33.94006904761905
2008-02-06,1669.54,1.1594027777777778,5.764,0.202,1.1524785069995116,0.07934722222222222,238.41371527777778,4.9336111111111105,2114.0,356.0,8428.0,27.825666666666667,16927.666666666668,2008-02-06,6,2,Wednesday,0,2,Feb,2008,1,37,41.2076,27.3441,34.00886428571429
2008-02-07,1518.31,1.0543819444444444,5.796,0.214,1.0026232645683109,0.07549027777777778,241.07054861111112,4.439305555555555,0.0,295.0,8089.0,25.305166666666665,16921.166666666664,2008-02-07,7,3,Thursday,0,2,Feb,2008,1,38,27.825666666666667,32.56536666666667,32.971692857142855
2008-02-08,1950.564,1.3545583333333333,5.364,0.222,0.99179957705294,0.08270416666666666,240.43311805555555,5.747222222222222,940.0,1921.0,9563.0,32.5094,20085.399999999998,2008-02-08,8,4,Friday,0,2,Feb,2008,1,39,25.305166666666665,25.577533333333335,33.96195952380952
2008-02-09,2102.276,1.4599138888888887,5.912,0.21,1.2216349396880923,0.10036666666666666,241.76450694444446,6.09,2050.0,2838.0,10293.0,35.03793333333333,19856.933333333327,2008-02-09,9,5,Saturday,1,2,Feb,2008,1,40,32.5094,49.00745,31.966314285714287
2008-02-10,2184.714,1.5171625,6.726,0.216,1.4497679443303761,0.10537222222222221,241.2752013888889,6.396805555555555,2562.0,2955.0,10128.0,36.411899999999996,20766.899999999994,2008-02-10,10,6,Sunday,1,2,Feb,2008,1,41,35.03793333333333,34.7428,32.20475714285714
2008-02-11,1692.016,1.1750111111111112,5.864,0.216,1.1079080876416265,0.07100416666666666,241.69219444444445,4.931805555555556,1018.0,297.0,8930.0,28.200266666666668,17955.266666666666,2008-02-11,11,0,Monday,0,2,Feb,2008,1,42,36.411899999999996,27.13563333333333,32.35684761904762
2008-02-12,1987.798,1.3804152777777778,5.736,0.216,1.042607951713203,0.09093472222222222,239.50915277777779,5.847083333333333,2009.0,1856.0,12138.0,33.12996666666667,17126.966666666667,2008-02-12,12,1,Tuesday,0,2,Feb,2008,1,43,28.200266666666668,41.2076,31.2029
2008-02-13,1900.498,1.319790277777778,5.484,0.22,1.124804812243222,0.08922083333333333,241.20309722222223,5.5801388888888885,2530.0,3615.0,7568.0,31.674966666666666,17961.966666666667,2008-02-13,13,2,Wednesday,0,2,Feb,2008,1,44,33.12996666666667,27.825666666666667,31.7528
2008-02-14,1604.622,1.1143208333333334,5.564,0.21,0.9199745622125308,0.07892083333333333,240.76481944444447,4.68375,1300.0,291.0,9299.0,26.7437,15853.7,2008-02-14,14,3,Thursday,0,2,Feb,2008,1,45,31.674966666666666,25.305166666666665,31.95830476190476
2008-02-15,2005.208,1.3925055555555557,6.916,0.208,1.1340569690902444,0.07496666666666667,241.89060416666663,5.78125,1109.0,1723.0,13417.0,33.42013333333333,17171.13333333333,2008-02-15,15,4,Friday,0,2,Feb,2008,1,46,26.7437,32.5094,32.088409523809524
2008-02-16,2346.948,1.6298249999999999,4.92,0.242,1.283375698728229,0.09652361111111112,241.08755555555555,6.893888888888889,1076.0,2360.0,11599.0,39.1158,24080.800000000003,2008-02-16,16,5,Saturday,1,2,Feb,2008,1,47,33.42013333333333,35.03793333333333,32.6709619047619
2008-02-17,1933.368,1.3426166666666666,6.116,0.22,1.2164280421191915,0.08338611111111112,242.46983333333333,5.654444444444445,3182.0,2257.0,6049.0,32.2228,20734.8,2008-02-17,17,6,Sunday,1,2,Feb,2008,1,48,39.1158,36.411899999999996,32.072519047619046
2008-02-18,1514.404,1.0516694444444445,5.916,0.218,0.9469565288784452,0.07081388888888888,242.06393055555554,4.37625,0.0,251.0,10345.0,25.240066666666667,14644.066666666666,2008-02-18,18,0,Monday,0,2,Feb,2008,1,49,32.2228,28.200266666666668,31.649633333333334
2008-02-19,2126.916,1.477025,5.718,0.234,1.191902682660788,0.09553333333333335,241.01013194444445,6.219722222222222,1881.0,4711.0,11200.0,35.448600000000006,17656.600000000006,2008-02-19,19,1,Tuesday,0,2,Feb,2008,1,50,25.240066666666667,33.12996666666667,31.980866666666664
2008-02-20,2253.79,1.5651319444444445,8.136,0.224,1.4753954852966507,0.13213055555555556,241.66968749999998,6.608333333333333,3655.0,5516.0,7704.0,37.56316666666667,20688.166666666664,2008-02-20,20,2,Wednesday,0,2,Feb,2008,1,51,35.448600000000006,31.674966666666666,32.82203809523809
2008-02-21,1633.85,1.1346180555555554,5.246,0.214,0.9506588819809122,0.07796805555555555,240.7503888888889,4.788472222222222,0.0,307.0,8523.0,27.230833333333333,18400.833333333332,2008-02-21,21,3,Thursday,0,2,Feb,2008,1,52,37.56316666666667,26.7437,32.89162857142857
2008-02-22,1732.564,1.2031694444444445,6.686,0.222,1.0942438562111476,0.08450555555555556,241.43576388888889,5.055277777777778,1167.0,1985.0,10101.0,28.876066666666667,15623.066666666666,2008-02-22,22,4,Friday,0,2,Feb,2008,1,53,27.230833333333333,33.42013333333333,32.24247619047619
2008-02-23,1836.534,1.2753708333333333,7.694,0.216,1.2412229286332805,0.09201666666666666,239.6676111111111,5.411527777777778,1684.0,2250.0,10074.0,30.608900000000002,16600.9,2008-02-23,23,5,Saturday,1,2,Feb,2008,1,54,28.876066666666667,39.1158,31.02720476190476
2008-02-24,1263.008,0.8770888888888889,4.94,0.202,0.8059145835194145,0.07453611111111111,240.37779861111113,3.638888888888889,754.0,332.0,11447.0,21.050133333333335,8517.133333333335,2008-02-24,24,6,Sunday,1,2,Feb,2008,1,55,30.608900000000002,32.2228,29.43110952380953
2008-02-25,504.488,0.35033888888888887,1.5,0.204,0.28685161484346905,0.06369444444444444,239.77600694444445,1.4555555555555555,0.0,321.0,1856.0,8.408133333333334,6231.133333333333,2008-02-25,25,0,Monday,0,2,Feb,2008,1,56,21.050133333333335,25.240066666666667,27.02654761904762
2008-02-26,507.12,0.3521666666666667,1.454,0.202,0.29551831475763474,0.058743055555555555,239.5333263888889,1.4590277777777778,0.0,295.0,2013.0,8.452,6144.0,2008-02-26,26,1,Tuesday,0,2,Feb,2008,1,57,8.408133333333334,35.448600000000006,23.169890476190478
2008-02-27,566.72,0.39355555555555555,1.52,0.204,0.3441823170603574,0.05983888888888889,239.5540208333333,1.6341666666666665,0.0,326.0,2969.0,9.445333333333334,6150.333333333334,2008-02-27,27,2,Wednesday,0,2,Feb,2008,1,58,8.452,37.56316666666667,19.153057142857143
2008-02-28,509.18399999999997,0.35359999999999997,1.442,0.204,0.2916728602406692,0.05781111111111111,239.80427083333336,1.4669444444444446,0.0,281.0,2028.0,8.4864,6177.4,2008-02-28,28,3,Thursday,0,2,Feb,2008,1,59,9.445333333333334,27.230833333333333,16.475280952380952
2008-02-29,1333.348,0.9259361111111111,3.88,0.204,0.8721531136184271,0.06176944444444444,238.03849305555556,3.872638888888889,0.0,3773.0,8062.0,22.222466666666666,10387.466666666667,2008-02-29,29,4,Friday,0,2,Feb,2008,1,60,8.4864,28.876066666666667,15.524766666666666
2008-03-01,1141.876,0.7929694444444444,4.038,0.478,0.555190249467005,0.07302638888888889,239.4315138888889,3.277638888888889,0.0,1287.0,2724.0,19.031266666666667,15020.266666666666,2008-03-01,1,5,Saturday,1,3,Mar,2008,1,61,22.222466666666666,30.608900000000002,13.87081904761905
2008-03-02,1162.226,0.8071013888888889,5.13,0.204,0.8780444857577424,0.10049305555555556,239.74624305555557,3.425,0.0,5244.0,2565.0,19.370433333333335,11561.433333333334,2008-03-02,2,6,Sunday,1,3,Mar,2008,1,62,19.031266666666667,21.050133333333335,13.630861904761906
2008-03-03,1040.55,0.7226041666666666,2.92,0.488,0.4450131670132352,0.07939861111111111,240.3519861111111,2.9775,0.0,2207.0,1755.0,17.342499999999998,13380.499999999996,2008-03-03,3,0,Monday,0,3,Mar,2008,1,63,19.370433333333335,8.408133333333334,14.907200000000001
2008-03-04,1668.99,1.1590208333333334,6.606,0.218,0.975572936339177,0.07566527777777778,241.02641666666665,4.867638888888889,1249.0,2443.0,9415.0,27.8165,14709.5,2008-03-04,4,1,Tuesday,0,3,Mar,2008,1,64,17.342499999999998,8.452,17.673557142857142
2008-03-05,2037.208,1.4147277777777778,8.336,0.21,1.68408804323864,0.09784583333333333,241.06524305555556,5.970833333333333,1145.0,9797.0,5529.0,33.95346666666667,17482.466666666674,2008-03-05,5,2,Wednesday,0,3,Mar,2008,1,65,27.8165,9.445333333333334,21.174719047619046
2008-03-06,2503.208,1.7383388888888889,6.924,0.22,0.8827246225707763,0.07373888888888888,240.4292291666667,7.214583333333334,1082.0,372.0,6965.0,41.72013333333334,33301.13333333334,2008-03-06,6,3,Thursday,0,3,Mar,2008,1,66,33.95346666666667,8.4864,25.92239523809524
2008-03-07,1862.956,1.2937194444444444,6.686,0.208,1.2295641127388763,0.08985555555555555,240.81606944444445,5.441666666666666,1235.0,3471.0,9033.0,31.049266666666664,17310.266666666663,2008-03-07,7,4,Friday,0,3,Mar,2008,1,67,41.72013333333334,22.222466666666666,27.183366666666668
2008-03-08,2248.66,1.5615694444444443,7.224,0.26,1.4651784022977556,0.1646388888888889,241.59095138888887,6.588333333333334,6286.0,346.0,8435.0,37.477666666666664,22410.666666666664,2008-03-08,8,5,Saturday,1,3,Mar,2008,1,68,31.049266666666664,19.031266666666667,29.818566666666666
2008-03-09,1560.458,1.083651388888889,5.83,0.246,1.003280101009761,0.09414861111111111,240.74638194444444,4.591111111111111,2607.0,333.0,4155.0,26.007633333333334,18912.633333333335,2008-03-09,9,6,Sunday,1,3,Mar,2008,1,69,37.477666666666664,19.370433333333335,30.766738095238093
2008-03-10,1618.686,1.1240875,5.38,0.218,0.9907249565464542,0.08828055555555556,241.72734722222222,4.7125,2009.0,368.0,8660.0,26.978099999999998,15941.099999999999,2008-03-10,10,0,Monday,0,3,Mar,2008,1,70,26.007633333333334,17.342499999999998,32.14325238095238
2008-03-11,2200.042,1.5278069444444444,8.662,0.216,1.2989737068113354,0.10493055555555555,240.4241527777778,6.466944444444445,1271.0,3901.0,12936.0,36.667366666666666,18559.36666666667,2008-03-11,11,1,Tuesday,0,3,Mar,2008,1,71,26.978099999999998,27.8165,33.4076619047619
2008-03-12,1774.232,1.2321055555555556,5.696,0.212,1.0817013109763076,0.09596805555555554,241.05720833333334,5.1722222222222225,1120.0,2374.0,11042.0,29.570533333333334,15034.533333333333,2008-03-12,12,2,Wednesday,0,3,Mar,2008,1,72,36.667366666666666,33.95346666666667,32.781528571428574
2008-03-13,1675.514,1.1635513888888889,7.778,0.202,1.4795371987831858,0.08921805555555555,240.802625,4.941666666666666,3263.0,3590.0,5464.0,27.92523333333333,15608.23333333333,2008-03-13,13,3,Thursday,0,3,Mar,2008,1,73,29.570533333333334,41.72013333333334,30.81082857142857
2008-03-14,2210.22,1.5348749999999998,6.096,0.212,1.0419143662317503,0.11093611111111111,240.62736805555554,6.44625,980.0,3881.0,14476.0,36.836999999999996,17499.999999999993,2008-03-14,14,4,Friday,0,3,Mar,2008,1,74,27.92523333333333,31.049266666666664,31.637647619047616
2008-03-15,1576.3,1.0946527777777777,5.094,0.22,0.9122618045233937,0.10723055555555557,240.19799305555554,4.6506944444444445,2550.0,502.0,5910.0,26.271666666666665,17309.666666666664,2008-03-15,15,5,Saturday,1,3,Mar,2008,1,75,36.836999999999996,37.477666666666664,30.036790476190475
2008-03-16,1801.96,1.2513611111111111,6.728,0.22,1.1406092480431187,0.12059166666666665,241.29466666666667,5.298333333333334,2394.0,566.0,11286.0,30.032666666666668,15786.666666666668,2008-03-16,16,6,Sunday,1,3,Mar,2008,1,76,26.271666666666665,26.007633333333334,30.611795238095233
2008-03-17,1706.9180000000001,1.1853597222222223,5.844,0.216,0.9919339284750588,0.12171805555555555,240.8052291666667,5.006944444444445,236.0,6651.0,9346.0,28.448633333333337,12215.633333333339,2008-03-17,17,0,Monday,0,3,Mar,2008,1,77,30.032666666666668,26.978099999999998,30.821871428571427
2008-03-18,1917.566,1.3316430555555556,6.766,0.216,1.0272641971455096,0.10238888888888889,241.9289861111111,5.571944444444445,1156.0,4019.0,12544.0,31.959433333333333,14240.433333333334,2008-03-18,18,1,Tuesday,0,3,Mar,2008,1,78,28.448633333333337,36.667366666666666,30.149309523809524
2008-03-19,1308.448,0.9086444444444445,4.518,0.214,0.8937445529287957,0.09895694444444444,242.40221527777777,3.825555555555556,2110.0,411.0,6154.0,21.807466666666667,13132.466666666667,2008-03-19,19,2,Wednesday,0,3,Mar,2008,1,79,31.959433333333333,29.570533333333334,29.0403
2008-03-20,1253.2740000000001,0.8703291666666667,4.492,0.216,0.8521276253626483,0.08392638888888888,241.76258333333334,3.6595833333333334,1107.0,478.0,6670.0,20.887900000000002,12632.900000000001,2008-03-20,20,3,Thursday,0,3,Mar,2008,1,80,21.807466666666667,27.92523333333333,28.034966666666666
2008-03-21,2066.442,1.4350291666666666,8.126,0.216,1.2296265501915875,0.15543333333333334,241.36990972222222,6.038194444444445,2171.0,4778.0,13275.0,34.4407,14216.699999999997,2008-03-21,21,4,Friday,0,3,Mar,2008,1,81,20.887900000000002,36.836999999999996,27.692638095238095
2008-03-22,2053.516,1.4260527777777778,6.086,0.216,1.260286366740125,0.12894444444444444,241.61215277777777,6.020277777777778,3322.0,588.0,12405.0,34.22526666666667,17910.26666666667,2008-03-22,22,5,Saturday,1,3,Mar,2008,1,82,34.4407,26.271666666666665,28.828866666666666
2008-03-23,2325.99,1.6152708333333332,7.564,0.222,1.386391713615726,0.10586527777777778,242.65262500000003,6.790555555555556,6279.0,2112.0,13878.0,38.76649999999999,16497.499999999993,2008-03-23,23,6,Sunday,1,3,Mar,2008,1,83,34.22526666666667,30.032666666666668,30.076557142857148
2008-03-24,1976.27,1.3724097222222222,6.978,0.216,1.2153083492608383,0.09105277777777777,242.7059201388889,5.758611111111111,1131.0,5988.5,7026.0,32.93783333333333,18792.33333333333,2008-03-24,24,0,Monday,0,3,Mar,2008,1,84,38.76649999999999,28.448633333333337,30.717871428571424
2008-03-25,2015.856,1.3999,6.62,0.22,1.140629006577634,0.08877222222222222,242.1382152777778,5.870555555555556,2246.0,3677.0,13494.0,33.5976,14180.599999999999,2008-03-25,25,1,Tuesday,0,3,Mar,2008,1,85,32.93783333333333,31.959433333333333,30.951895238095236
2008-03-26,1633.472,1.1343555555555556,5.528,0.218,0.9620715581922106,0.0927763888888889,242.8097986111111,4.763055555555556,2547.0,3831.0,7547.0,27.224533333333333,13299.533333333333,2008-03-26,26,2,Wednesday,0,3,Mar,2008,1,86,33.5976,21.807466666666667,31.725761904761903
2008-03-27,1370.8220000000001,0.9519597222222222,4.754,0.214,0.727537994997729,0.0808611111111111,242.0955416666667,3.9608333333333334,0.0,356.0,9022.0,22.847033333333336,13469.033333333336,2008-03-27,27,3,Thursday,0,3,Mar,2008,1,87,27.224533333333333,20.887900000000002,32.0056380952381
2008-03-28,1885.424,1.3093222222222223,5.33,0.208,1.2148017126978612,0.09558333333333333,242.32334027777776,5.479027777777778,2325.0,3605.0,11581.0,31.423733333333335,13912.733333333334,2008-03-28,28,4,Friday,0,3,Mar,2008,1,88,22.847033333333336,34.4407,31.57464285714286
2008-03-29,2471.15,1.716076388888889,6.94,0.218,1.2794735919156235,0.121575,241.2535486111111,7.209305555555555,5153.0,375.0,17240.0,41.185833333333335,18417.833333333336,2008-03-29,29,5,Saturday,1,3,Mar,2008,1,89,31.423733333333335,34.22526666666667,32.56900952380953
2008-03-30,2146.392,1.4905499999999998,5.634,0.21,1.2862586339396513,0.12220138888888889,241.16375694444443,6.2775,5045.0,1315.0,9769.0,35.773199999999996,19644.199999999997,2008-03-30,30,6,Sunday,1,3,Mar,2008,1,90,41.185833333333335,38.76649999999999,32.141395238095235
2008-03-31,1377.57,0.9566458333333333,5.914,0.224,0.9519253520463978,0.09087500000000001,242.72704166666668,4.005972222222223,1091.0,411.0,9387.0,22.9595,12070.5,2008-03-31,31,0,Monday,0,3,Mar,2008,1,91,35.773199999999996,32.93783333333333,30.71591904761905
2008-04-01,2129.052,1.4785083333333335,6.32,0.228,1.2819420779598119,0.11833055555555555,241.61580555555557,6.202500000000001,1079.0,6657.0,14515.0,35.4842,13233.200000000004,2008-04-01,1,1,Tuesday,0,4,Apr,2008,2,92,22.9595,33.5976,30.985433333333333
2008-04-02,1691.672,1.1747722222222223,5.322,0.22,1.0195262404134158,0.09898611111111111,238.66715972222224,5.007638888888889,1106.0,3674.0,7989.0,28.194533333333332,15425.533333333333,2008-04-02,2,2,Wednesday,0,4,Apr,2008,2,93,35.4842,27.224533333333333,31.12400476190476
2008-04-03,1128.756,0.7838583333333334,6.066,0.21,0.7103345232250343,0.08419166666666666,240.69424305555557,3.2808333333333333,0.0,422.0,6901.0,18.8126,11489.599999999999,2008-04-03,3,3,Thursday,0,4,Apr,2008,2,94,28.194533333333332,22.847033333333336,30.547657142857144
2008-04-04,1631.918,1.1332763888888888,5.458,0.21,0.9351204543107485,0.08701805555555556,241.33105555555554,4.726388888888889,2133.0,775.0,13246.0,27.19863333333333,11044.633333333331,2008-04-04,4,4,Friday,0,4,Apr,2008,2,95,18.8126,31.423733333333335,29.944071428571426
2008-04-05,1970.762,1.3685847222222223,5.354,0.21,1.073684846300691,0.14144722222222222,240.55802777777777,5.784861111111112,2929.0,874.0,13644.0,32.84603333333333,15399.033333333333,2008-04-05,5,5,Saturday,1,4,Apr,2008,2,96,27.19863333333333,41.185833333333335,28.752671428571425
2008-04-06,1696.318,1.1779986111111111,6.16,0.252,1.0631401754517793,0.10456388888888889,241.14960416666665,4.946388888888889,1124.0,2615.0,7552.0,28.271966666666668,16980.966666666667,2008-04-06,6,6,Sunday,1,4,Apr,2008,2,97,32.84603333333333,35.773199999999996,27.68106666666667
2008-04-07,1538.838,1.0686375,5.228,0.258,0.9882477690716294,0.09811111111111111,243.2283263888889,4.484166666666667,2420.0,672.0,9466.0,25.647299999999998,13089.3,2008-04-07,7,0,Monday,0,4,Apr,2008,2,98,28.271966666666668,22.9595,28.065038095238094
2008-04-08,2657.516,1.8454972222222223,6.768,0.254,1.5775189931420917,0.12789999999999999,242.06658333333334,7.6994444444444445,2752.0,10713.0,17519.0,44.29193333333333,13307.933333333334,2008-04-08,8,1,Tuesday,0,4,Apr,2008,2,99,25.647299999999998,35.4842,29.32328571428571
2008-04-09,1218.852,0.8464250000000001,6.398,0.248,0.7439522819682236,0.09226666666666666,242.31770833333334,3.5229166666666667,0.0,376.0,9003.0,20.314200000000003,10935.200000000004,2008-04-09,9,2,Wednesday,0,4,Apr,2008,2,100,44.29193333333333,28.194533333333332,28.19752380952381
2008-04-10,1477.746,1.0262125,6.382,0.246,1.0376554032579193,0.11366666666666667,241.94904861111112,4.305416666666667,3261.0,457.0,6527.0,24.6291,14384.100000000002,2008-04-10,10,3,Thursday,0,4,Apr,2008,2,101,20.314200000000003,18.8126,29.02845238095238
2008-04-11,1877.664,1.3039333333333334,6.082,0.248,0.8692997036147292,0.0999236111111111,240.758375,5.452638888888889,1802.0,491.0,14522.0,31.2944,14479.399999999998,2008-04-11,11,4,Friday,0,4,Apr,2008,2,102,24.6291,27.19863333333333,29.613561904761905
2008-04-12,2800.014,1.9444541666666668,9.482,0.252,1.6347409319236488,0.2724111111111111,241.0631736111111,8.218194444444444,7076.0,2499.0,15225.0,46.666900000000005,21866.90000000001,2008-04-12,12,5,Saturday,1,4,Apr,2008,2,103,31.2944,32.84603333333333,31.58797142857143
2008-04-13,2232.986,1.5506847222222222,6.342,0.252,1.225403987749516,0.14827361111111112,240.4233263888889,6.551805555555556,2554.0,5942.0,13007.0,37.216433333333335,15713.433333333334,2008-04-13,13,6,Sunday,1,4,Apr,2008,2,104,46.666900000000005,28.271966666666668,32.86575238095238
2008-04-14,1589.5819999999999,1.1038763888888887,6.89,0.266,0.9045870342699471,0.10760972222222222,242.31405555555554,4.604305555555555,0.0,425.0,11197.0,26.493033333333333,14871.033333333333,2008-04-14,14,0,Monday,0,4,Apr,2008,2,105,37.216433333333335,25.647299999999998,32.98657142857143
2008-04-15,1670.406,1.1600041666666667,7.394,0.26,1.1835486609861747,0.12415416666666668,241.23874305555555,4.909583333333334,1174.0,3998.0,9874.0,27.8401,12794.099999999999,2008-04-15,15,1,Tuesday,0,4,Apr,2008,2,106,26.493033333333333,44.29193333333333,30.636309523809526
2008-04-16,1489.064,1.0340722222222223,4.48,0.252,0.6826166597453068,0.08743333333333334,241.74438888888886,4.316111111111111,838.0,403.0,11322.0,24.817733333333333,12254.733333333334,2008-04-16,16,2,Wednesday,0,4,Apr,2008,2,107,27.8401,20.314200000000003,31.279671428571426
2008-04-17,1395.862,0.9693486111111111,5.736,0.252,1.0386251620479883,0.10130416666666665,241.40359722222223,4.104305555555555,1719.0,417.0,8638.0,23.264366666666668,12490.366666666669,2008-04-17,17,3,Thursday,0,4,Apr,2008,2,108,24.817733333333333,24.6291,31.084709523809522
2008-04-18,1862.39,1.293326388888889,8.244,0.254,1.2290072556040759,0.12822638888888888,240.6415763888889,5.457638888888889,2174.0,3832.0,10921.0,31.039833333333334,14112.833333333336,2008-04-18,18,4,Friday,0,4,Apr,2008,2,109,23.264366666666668,31.2944,31.04834285714286
2008-04-19,2253.71,1.565076388888889,5.354,0.26,1.138514851213234,0.1703361111111111,241.14318055555555,6.636111111111111,4319.0,2457.0,14722.0,37.56183333333333,16063.833333333336,2008-04-19,19,5,Saturday,1,4,Apr,2008,2,110,31.039833333333334,46.666900000000005,29.74761904761905
2008-04-20,1791.418,1.2440402777777777,8.268,0.25,1.3445318060164198,0.15823194444444447,241.43287500000002,5.260555555555555,1030.0,4544.0,10401.0,29.856966666666665,13881.966666666664,2008-04-20,20,6,Sunday,1,4,Apr,2008,2,111,37.56183333333333,37.216433333333335,28.69626666666667
2008-04-21,1164.156,0.8084416666666666,4.152,0.248,0.6643967931508492,0.12180555555555556,241.99249305555557,3.404166666666667,0.0,2673.0,6788.0,19.4026,9941.599999999999,2008-04-21,21,0,Monday,0,4,Apr,2008,2,112,29.856966666666665,26.493033333333333,27.68334761904762
2008-04-22,1627.676,1.1303305555555556,5.808,0.248,1.1016066284129813,0.13413194444444446,240.95971527777778,4.7725,971.0,5093.0,10603.0,27.12793333333333,10460.93333333333,2008-04-22,22,1,Tuesday,0,4,Apr,2008,2,113,19.4026,27.8401,27.581609523809526
2008-04-23,1357.328,0.9425888888888889,4.678,0.252,0.8159049549416997,0.13159861111111112,241.51134027777778,3.9675,1380.0,492.0,8406.0,22.622133333333334,12344.133333333335,2008-04-23,23,2,Wednesday,0,4,Apr,2008,2,114,27.12793333333333,24.817733333333333,27.26795238095238
2008-04-24,1043.772,0.7248416666666666,4.08,0.244,0.674394442240451,0.11939166666666667,240.60532638888887,3.0580555555555557,1263.0,522.0,5296.0,17.3962,10315.2,2008-04-24,24,3,Thursday,0,4,Apr,2008,2,115,22.622133333333334,23.264366666666668,26.429642857142856
2008-04-25,1267.734,0.8803708333333333,5.438,0.244,0.8579713414655724,0.11265555555555555,241.00715277777778,3.7,824.0,2004.0,9400.0,21.128899999999998,8900.899999999998,2008-04-25,25,4,Friday,0,4,Apr,2008,2,116,17.3962,31.039833333333334,25.013795238095238
2008-04-26,903.166,0.6271986111111112,4.078,0.242,0.4391253793812124,0.11715,240.79256249999997,2.634027777777778,0.0,634.0,3586.0,15.052766666666667,10832.766666666666,2008-04-26,26,5,Saturday,1,4,Apr,2008,2,117,21.128899999999998,37.56183333333333,21.798214285714284
2008-04-27,1008.24,0.7001666666666667,3.734,0.246,0.5303069194060915,0.13758194444444444,240.90728472222222,2.96375,693.0,588.0,5488.0,16.804,10035.0,2008-04-27,27,6,Sunday,1,4,Apr,2008,2,118,15.052766666666667,29.856966666666665,19.93350476190476
2008-04-28,659.052,0.457675,1.984,0.246,0.2970453526932153,0.11605416666666667,240.97845833333332,1.9506944444444445,0.0,621.0,2786.0,10.9842,7577.199999999999,2008-04-28,28,0,Monday,0,4,Apr,2008,2,119,16.804,19.4026,18.730876190476188
2008-04-29,1972.616,1.3698722222222222,8.264,0.24,1.389632441113846,0.14955277777777778,240.70690277777777,5.770694444444444,1402.0,5411.0,10481.0,32.876933333333334,15582.933333333334,2008-04-29,29,1,Tuesday,0,4,Apr,2008,2,120,10.9842,27.12793333333333,19.552161904761906
2008-04-30,1101.7259999999999,0.7650874999999999,5.038,0.242,0.7755509458535382,0.11913611111111112,241.43364583333334,3.218611111111111,1057.0,590.0,6653.0,18.362099999999998,10062.099999999999,2008-04-30,30,2,Wednesday,0,4,Apr,2008,2,121,32.876933333333334,22.622133333333334,18.943585714285714
2008-05-01,576.014,0.40000972222222225,1.5,0.24,0.26449986878341036,0.10464999999999999,241.4462638888889,1.7023611111111112,0.0,530.0,2586.0,9.600233333333334,6484.233333333334,2008-05-01,1,3,Thursday,0,5,May,2008,2,122,18.362099999999998,17.3962,17.82987619047619
2008-05-02,1497.768,1.0401166666666666,5.85,0.24,0.9766932612016528,0.14275555555555555,241.64894444444442,4.377777777777778,3114.0,584.0,8687.0,24.9628,12577.800000000003,2008-05-02,2,4,Friday,0,5,May,2008,2,123,9.600233333333334,21.128899999999998,18.37757619047619
2008-05-03,1289.6,0.8955555555555554,5.166,0.246,0.9640329564072482,0.14028055555555555,240.8336875,3.8009722222222218,996.0,541.0,6535.0,21.493333333333332,13421.333333333332,2008-05-03,3,5,Saturday,1,5,May,2008,2,124,24.9628,15.052766666666667,19.29765714285714
2008-05-04,1470.97,1.0215069444444445,6.576,0.248,1.1140794689743192,0.14543194444444443,241.38047916666667,4.3625,2196.0,2872.0,5464.0,24.516166666666667,13984.166666666668,2008-05-04,4,6,Sunday,1,5,May,2008,2,125,21.493333333333332,16.804,20.399395238095234
2008-05-05,1366.932,0.9492583333333333,5.858,0.252,0.7204112175533157,0.12899305555555557,240.73685416666666,3.997777777777778,1008.0,378.0,10197.0,22.7822,11199.2,2008-05-05,5,0,Monday,0,5,May,2008,2,126,24.516166666666667,10.9842,22.08482380952381
2008-05-06,1789.98,1.2430416666666666,7.294,0.25,1.1668251935547618,0.13860833333333333,240.29031944444444,5.245972222222222,1354.0,5410.0,12200.0,29.833000000000002,10869.000000000004,2008-05-06,6,1,Tuesday,0,5,May,2008,2,127,22.7822,32.876933333333334,21.649976190476192
2008-05-07,1176.264,0.81685,5.404,0.252,0.674129513913194,0.13260833333333333,241.0812638888889,3.4575,1030.0,423.0,6649.0,19.6044,11502.399999999998,2008-05-07,7,2,Wednesday,0,5,May,2008,2,128,29.833000000000002,18.362099999999998,21.82744761904762
2008-05-08,2116.698,1.4699291666666665,4.718,0.25,0.915150519362225,0.17586388888888888,239.85129166666667,6.178472222222222,3667.0,702.0,12717.0,35.278299999999994,18192.299999999996,2008-05-08,8,3,Thursday,0,5,May,2008,2,129,19.6044,9.600233333333334,25.495742857142854
2008-05-09,1747.272,1.2133833333333333,5.32,0.25,0.919297497597838,0.15963472222222222,240.47122222222222,5.136111111111111,2229.0,423.0,11904.0,29.121199999999998,14565.199999999997,2008-05-09,9,4,Friday,0,5,May,2008,2,130,35.278299999999994,24.9628,26.089799999999997
2008-05-10,1909.128,1.3257833333333333,6.902,0.248,1.0731304535778063,0.20125972222222224,240.08622916666667,5.636388888888889,6950.0,612.0,11714.0,31.8188,12542.8,2008-05-10,10,5,Saturday,1,5,May,2008,2,131,29.121199999999998,21.493333333333332,27.564866666666667
2008-05-11,1610.92,1.1186944444444444,4.198,0.158,0.7671445577269019,0.1914597222222222,240.48559722222222,4.804166666666666,563.0,1340.0,6930.0,26.848666666666666,18015.666666666668,2008-05-11,11,6,Sunday,1,5,May,2008,2,132,31.8188,24.516166666666667,27.89808095238095
2008-05-12,1524.204,1.058475,5.604,0.16,0.9603242456459893,0.159125,241.041625,4.519444444444445,2082.0,1085.0,11959.0,25.403399999999998,10277.399999999998,2008-05-12,12,0,Monday,0,5,May,2008,2,133,26.848666666666666,22.7822,28.272538095238094
2008-05-13,1476.894,1.0256208333333334,6.748,0.156,1.0618612702114727,0.16421388888888888,240.3740625,4.391805555555555,823.0,4089.0,8370.0,24.6149,11332.899999999998,2008-05-13,13,1,Tuesday,0,5,May,2008,2,134,25.403399999999998,29.833000000000002,27.527095238095235
2008-05-14,1584.262,1.1001819444444445,4.332,0.162,0.8635333029735303,0.19262083333333335,240.7085138888889,4.713333333333333,2467.0,3436.0,9716.0,26.404366666666665,10785.366666666665,2008-05-14,14,2,Wednesday,0,5,May,2008,2,135,24.6149,19.6044,28.498519047619045
2008-05-15,1162.768,0.8074777777777778,4.106,0.158,0.7823434297259513,0.1650861111111111,240.35039583333335,3.5220833333333337,868.0,570.0,6820.0,19.379466666666666,11121.466666666667,2008-05-15,15,3,Thursday,0,5,May,2008,2,136,26.404366666666665,35.278299999999994,26.227257142857137
2008-05-16,1651.044,1.1465583333333333,6.542,0.154,1.1253304808868523,0.1635611111111111,239.61642361111112,4.924444444444444,2228.0,2568.0,8957.0,27.517400000000002,13764.400000000001,2008-05-16,16,4,Friday,0,5,May,2008,2,137,19.379466666666666,29.121199999999998,25.998142857142856
2008-05-17,1657.454,1.1510097222222222,5.9,0.164,1.0597807422231904,0.19159444444444446,239.4728611111111,4.951527777777778,2158.0,935.0,12472.0,27.624233333333333,12059.233333333334,2008-05-17,17,5,Saturday,1,5,May,2008,2,138,27.517400000000002,31.8188,25.39891904761905
2008-05-18,1803.958,1.2527486111111112,7.782,0.16,1.3185175929071147,0.17673055555555556,239.68268750000001,5.4094444444444445,1775.0,5355.0,8626.0,30.065966666666668,14309.966666666667,2008-05-18,18,6,Sunday,1,5,May,2008,2,139,27.624233333333333,26.848666666666666,25.858533333333334
2008-05-19,1030.262,0.7154597222222222,4.388,0.154,0.7602641834753183,0.12203888888888888,240.43187500000002,3.0694444444444446,1014.0,558.0,7503.0,17.171033333333334,8096.033333333333,2008-05-19,19,0,Monday,0,5,May,2008,2,140,30.065966666666668,25.403399999999998,24.682480952380953
2008-05-20,1581.334,1.0981486111111112,8.944,0.158,1.1828069946176698,0.12783472222222222,241.01960416666665,4.682222222222222,1352.0,2431.0,11977.0,26.355566666666668,10595.56666666667,2008-05-20,20,1,Tuesday,0,5,May,2008,2,141,17.171033333333334,24.6149,24.931147619047618
2008-05-21,1324.112,0.9195222222222222,4.98,0.154,0.8347294790463211,0.13217083333333332,240.7605138888889,3.9166666666666665,1989.0,474.0,9251.0,22.068533333333335,10354.533333333333,2008-05-21,21,2,Wednesday,0,5,May,2008,2,142,26.355566666666668,26.404366666666665,24.31174285714286
2008-05-22,976.868,0.6783805555555555,3.994,0.152,0.6437760906851406,0.11792777777777778,239.50019444444447,2.9559722222222224,996.0,440.0,6475.0,16.281133333333333,8370.133333333333,2008-05-22,22,3,Thursday,0,5,May,2008,2,143,22.068533333333335,19.379466666666666,23.86912380952381
2008-05-23,1484.916,1.0311916666666667,5.196,0.152,0.7659513059765424,0.1242763888888889,239.49885416666666,4.358611111111111,0.0,1390.0,14734.0,24.7486,8624.599999999999,2008-05-23,23,4,Friday,0,5,May,2008,2,144,16.281133333333333,27.517400000000002,23.473580952380953
2008-05-24,1580.176,1.0973444444444445,6.052,0.156,0.8176164059762028,0.1982986111111111,240.72490277777777,4.669027777777777,1027.0,569.0,12833.0,26.336266666666667,11907.266666666666,2008-05-24,24,5,Saturday,1,5,May,2008,2,145,24.7486,27.624233333333333,23.289585714285714
2008-05-25,2048.504,1.4225722222222221,6.538,0.172,1.3717159745095668,0.2016777777777778,239.94564583333332,6.136527777777778,4307.0,8811.0,6016.0,34.141733333333335,15007.733333333337,2008-05-25,25,6,Sunday,1,5,May,2008,2,146,26.336266666666667,30.065966666666668,23.871838095238097
2008-05-26,1289.71,0.8956319444444445,4.828,0.17,0.7663788596955784,0.1532625,240.36368750000003,3.9297222222222223,985.0,666.0,9284.0,21.495166666666666,10560.166666666668,2008-05-26,26,0,Monday,0,5,May,2008,2,147,34.141733333333335,17.171033333333334,24.489571428571427
2008-05-27,1708.7,1.1865972222222223,7.044,0.16,1.0793323826371077,0.1440736111111111,239.39086805555553,5.1073611111111115,0.0,5352.0,11478.0,28.478333333333335,11648.333333333336,2008-05-27,27,1,Tuesday,0,5,May,2008,2,148,21.495166666666666,26.355566666666668,24.79282380952381
2008-05-28,1114.372,0.7738694444444445,4.686,0.156,0.816542278259939,0.16364166666666666,241.32269444444444,3.3505555555555557,3138.0,512.0,6709.0,18.572866666666666,8213.866666666665,2008-05-28,28,2,Wednesday,0,5,May,2008,2,149,28.478333333333335,22.068533333333335,24.293442857142857
2008-05-29,1135.076,0.7882472222222222,4.576,0.158,0.7145205636302662,0.12974444444444444,237.67515972222222,3.4756944444444446,1004.0,507.0,8703.0,18.917933333333334,8703.933333333334,2008-05-29,29,3,Thursday,0,5,May,2008,2,150,18.572866666666666,16.281133333333333,24.67012857142857
2008-05-30,1397.244,0.9703083333333333,6.216,0.158,0.8787318611941254,0.12654027777777777,240.55369444444446,4.202916666666667,0.0,3019.0,11298.0,23.287399999999998,8970.399999999998,2008-05-30,30,4,Friday,0,5,May,2008,2,151,18.917933333333334,24.7486,24.461385714285715
2008-05-31,1641.47,1.1399097222222223,6.044,0.156,0.9439554854376142,0.17355833333333334,240.65420138888888,4.923055555555555,1764.0,2328.0,11858.0,27.357833333333335,11407.833333333336,2008-05-31,31,5,Saturday,1,5,May,2008,2,152,23.287399999999998,26.336266666666667,24.607323809523812
2008-06-01,1848.876,1.2839416666666668,4.954,0.16,0.9997112533439563,0.1564861111111111,240.62318055555556,5.423194444444444,1906.0,545.0,11307.0,30.8146,17056.6,2008-06-01,1,6,Sunday,1,6,Jun,2008,2,153,27.357833333333335,34.141733333333335,24.132019047619046
2008-06-02,1074.012,0.7458416666666666,4.454,0.154,0.729499499952436,0.11469305555555555,236.369875,3.2180555555555554,960.0,558.0,6341.0,17.900199999999998,10041.199999999997,2008-06-02,2,0,Monday,0,6,Jun,2008,2,154,30.8146,21.495166666666666,23.618452380952384
2008-06-03,1597.816,1.1095944444444445,6.758,0.148,1.1580198944125037,0.12079027777777777,234.15220833333333,4.844166666666667,2897.0,2608.0,9265.0,26.630266666666667,11860.266666666666,2008-06-03,3,1,Tuesday,0,6,Jun,2008,2,155,17.900199999999998,28.478333333333335,23.354442857142857
2008-06-04,1588.912,1.1034111111111111,5.672,0.154,1.0084981026001156,0.1058361111111111,234.70647222222223,4.8277777777777775,1550.0,7682.0,6508.0,26.48186666666667,10741.866666666669,2008-06-04,4,2,Wednesday,0,6,Jun,2008,2,156,26.630266666666667,18.572866666666666,24.484299999999998
2008-06-05,1120.078,0.7778319444444445,4.304,0.146,0.7311050720375072,0.1063236111111111,235.16382638888888,3.3976388888888893,1747.0,506.0,8781.0,18.667966666666665,7633.9666666666635,2008-06-05,5,3,Thursday,0,6,Jun,2008,2,157,26.48186666666667,18.917933333333334,24.44859047619048
2008-06-06,1217.714,0.8456347222222221,5.964,0.156,0.8652425962853473,0.12119444444444445,239.7169375,3.6720833333333336,1009.0,506.0,7871.0,20.295233333333332,10909.233333333334,2008-06-06,6,4,Friday,0,6,Jun,2008,2,158,18.667966666666665,23.287399999999998,24.021138095238094
2008-06-07,1882.484,1.3072805555555556,6.022,0.226,0.9822707077646979,0.12945416666666665,238.98444444444442,5.531944444444444,2379.0,2611.0,14593.0,31.37473333333333,11791.73333333333,2008-06-07,7,5,Saturday,1,6,Jun,2008,2,159,20.295233333333332,27.357833333333335,24.59498095238095
2008-06-08,1542.322,1.0710569444444444,7.578,0.152,1.123399297430206,0.1308222222222222,239.96493750000002,4.596111111111111,2536.0,3161.0,9732.0,25.705366666666666,10276.366666666665,2008-06-08,8,6,Sunday,1,6,Jun,2008,2,160,31.37473333333333,30.8146,23.865090476190478
2008-06-09,1325.698,0.9206236111111111,6.014,0.158,0.9957392105353956,0.12752777777777777,239.43468055555556,4.039722222222222,1967.0,2085.0,7921.0,22.094966666666668,10121.966666666667,2008-06-09,9,0,Monday,0,6,Jun,2008,2,161,25.705366666666666,17.900199999999998,24.464342857142857
2008-06-10,1067.09,0.7410347222222222,4.378,0.154,0.7075903762479003,0.1500125,239.97804861111112,3.204861111111111,907.0,585.0,8992.0,17.78483333333333,7300.833333333332,2008-06-10,10,1,Tuesday,0,6,Jun,2008,2,162,22.094966666666668,26.630266666666667,23.200709523809525
2008-06-11,1123.206,0.7800041666666666,4.32,0.152,0.7875444706439345,0.14886944444444444,240.1544722222222,3.388472222222222,977.0,842.0,7566.0,18.7201,9335.099999999999,2008-06-11,11,2,Wednesday,0,6,Jun,2008,2,163,17.78483333333333,26.48186666666667,22.091885714285713
2008-06-12,1259.332,0.8745361111111112,4.816,0.166,0.842694745278149,0.13145277777777778,239.69002083333334,3.7993055555555557,1951.0,567.0,7246.0,20.98886666666667,11224.866666666669,2008-06-12,12,3,Thursday,0,6,Jun,2008,2,164,18.7201,18.667966666666665,22.423442857142856
2008-06-13,1874.998,1.3020819444444445,5.486,0.154,1.1411914145164506,0.19579097222222225,238.88891666666666,5.604166666666667,2809.0,7358.5,10531.5,31.24996666666667,10550.96666666667,2008-06-13,13,4,Friday,0,6,Jun,2008,2,165,20.98886666666667,20.295233333333332,23.988404761904764
2008-06-14,1384.92,0.9617500000000001,5.58,0.248,0.8050777205995064,0.23908333333333334,240.01449305555556,4.207777777777777,1862.0,1011.0,10681.0,23.082,9528.0,2008-06-14,14,5,Saturday,1,6,Jun,2008,2,166,31.24996666666667,31.37473333333333,22.80372857142857
2008-06-15,2289.102,1.5896541666666666,6.252,0.154,1.4033367680727036,0.19514305555555558,239.45372916666668,6.773611111111111,6471.0,6802.0,11589.0,38.1517,13289.699999999997,2008-06-15,15,6,Sunday,1,6,Jun,2008,2,167,23.082,25.705366666666666,24.581776190476194
2008-06-16,1303.044,0.9048916666666668,5.29,0.146,0.943416354384764,0.14193194444444446,240.43346527777777,3.9047222222222224,1980.0,464.0,10012.0,21.7174,9261.400000000001,2008-06-16,16,0,Monday,0,6,Jun,2008,2,168,38.1517,22.094966666666668,24.5278380952381
2008-06-17,1145.084,0.7951972222222222,4.524,0.088,0.7757477112171034,0.12185,240.35443055555555,3.4345833333333333,1080.0,432.0,10094.0,19.084733333333336,7478.733333333337,2008-06-17,17,1,Tuesday,0,6,Jun,2008,2,169,21.7174,17.78483333333333,24.713538095238096
2008-06-18,1893.608,1.3150055555555555,5.906,0.136,1.2018829956372274,0.18939166666666665,239.73986805555555,5.711388888888889,7549.0,3040.0,12687.0,31.560133333333333,8284.133333333331,2008-06-18,18,2,Wednesday,0,6,Jun,2008,2,170,19.084733333333336,18.7201,26.547828571428575
2008-06-19,1588.0819999999999,1.1028347222222221,7.52,0.136,1.1587244576570748,0.13154027777777777,239.2726875,4.737916666666667,3411.0,1514.0,10911.0,26.46803333333333,10632.03333333333,2008-06-19,19,3,Thursday,0,6,Jun,2008,2,171,31.560133333333333,20.98886666666667,27.330566666666666
2008-06-20,1676.104,1.1639611111111112,5.992,0.134,1.1013565246803725,0.15793055555555555,239.9391875,5.008194444444444,2948.0,2935.0,12417.0,27.935066666666668,9635.06666666667,2008-06-20,20,4,Friday,0,6,Jun,2008,2,172,26.46803333333333,31.24996666666667,26.857009523809523
2008-06-21,1734.254,1.2043430555555554,6.368,0.136,1.0384131645444437,0.16599166666666665,239.46340972222222,5.134166666666666,940.0,5823.0,12828.0,28.90423333333333,9313.23333333333,2008-06-21,21,5,Saturday,1,6,Jun,2008,2,173,27.935066666666668,23.082,27.688757142857146
2008-06-22,1566.416,1.087788888888889,4.922,0.134,0.9715226222661307,0.20426666666666668,239.04411805555557,4.674027777777778,4705.0,1175.0,10652.0,26.106933333333334,9574.933333333334,2008-06-22,22,6,Sunday,1,6,Jun,2008,2,174,28.90423333333333,38.1517,25.96807619047619
2008-06-23,1251.796,0.8693027777777778,5.662,0.132,0.8502815378034839,0.14649722222222222,238.93765277777777,3.7919444444444443,2600.0,581.0,10124.0,20.863266666666668,7558.266666666666,2008-06-23,23,0,Monday,0,6,Jun,2008,2,175,26.106933333333334,21.7174,25.84605714285714
2008-06-24,1754.452,1.2183694444444444,5.798,0.134,0.9891410314832226,0.17570972222222223,237.91538888888888,5.262222222222222,2779.0,3489.0,14271.0,29.240866666666665,8701.866666666665,2008-06-24,24,1,Tuesday,0,6,Jun,2008,2,176,20.863266666666668,19.084733333333336,27.29693333333333
2008-06-25,1261.77,0.8762291666666666,4.542,0.132,0.8245383151801615,0.2018236111111111,238.89490277777776,3.9109722222222225,2773.0,569.0,9402.0,21.0295,8285.5,2008-06-25,25,2,Wednesday,0,6,Jun,2008,2,177,29.240866666666665,31.560133333333333,25.79255714285714
2008-06-26,1056.02,0.7333472222222223,5.428,0.132,0.6909298014569004,0.15098194444444443,239.3514027777778,3.2111111111111112,921.0,572.0,8971.0,17.60033333333333,7136.333333333332,2008-06-26,26,3,Thursday,0,6,Jun,2008,2,178,21.0295,26.46803333333333,24.525742857142856
2008-06-27,1755.152,1.2188555555555556,6.366,0.132,1.1921626630282138,0.18195,238.9349861111111,5.236666666666666,4159.0,2372.0,10163.0,29.252533333333336,12558.533333333336,2008-06-27,27,4,Friday,0,6,Jun,2008,2,179,17.60033333333333,27.935066666666668,24.713952380952378
2008-06-28,1208.8,0.8394444444444444,4.22,0.124,0.6533199310316666,0.14649583333333333,239.14238194444445,3.6859722222222224,0.0,2000.0,7932.0,20.146666666666665,10214.666666666664,2008-06-28,28,5,Saturday,1,6,Jun,2008,2,180,29.252533333333336,28.90423333333333,23.462871428571425
2008-06-29,749.352,0.5203833333333333,3.09,0.136,0.4989256312773655,0.12754444444444443,240.16064583333335,2.3311111111111114,955.0,535.0,3896.0,12.4892,7103.200000000001,2008-06-29,29,6,Sunday,1,6,Jun,2008,2,181,20.146666666666665,26.106933333333334,21.517480952380954
2008-06-30,804.196,0.5584694444444445,4.166,0.136,0.5160936468288667,0.1316152777777778,240.37611805555554,2.4791666666666665,0.0,521.0,6819.0,13.403266666666667,6063.266666666666,2008-06-30,30,0,Monday,0,6,Jun,2008,2,182,12.4892,20.863266666666668,20.451766666666664
2008-07-01,1215.24,0.8439166666666666,4.622,0.134,0.943805670596387,0.19290833333333335,239.5402916666667,3.74,3465.0,587.0,8390.0,20.254,7812.0,2008-07-01,1,1,Tuesday,0,7,Jul,2008,3,183,13.403266666666667,29.240866666666665,19.167928571428572
2008-07-02,1147.202,0.7966680555555555,4.842,0.136,0.7194905778966877,0.18509583333333335,238.96197916666668,3.569583333333333,962.0,650.0,7002.0,19.120033333333332,10506.033333333333,2008-07-02,2,2,Wednesday,0,7,Jul,2008,3,184,20.254,21.0295,18.895147619047616
2008-07-03,1098.36,0.7627499999999999,7.126,0.134,1.030416430118404,0.1484361111111111,239.63549305555554,3.3431944444444444,958.0,2569.0,7410.0,18.305999999999997,7368.999999999996,2008-07-03,3,3,Thursday,0,7,Jul,2008,3,185,19.120033333333332,17.60033333333333,18.995957142857144
2008-07-04,942.02,0.6541805555555555,3.454,0.14,0.5459267280454492,0.13064722222222222,240.1796527777778,2.8283333333333336,0.0,589.0,8302.0,15.700333333333333,6809.333333333332,2008-07-04,4,4,Friday,0,7,Jul,2008,3,186,18.305999999999997,29.252533333333336,17.05992857142857
2008-07-05,1469.088,1.0202,5.904,0.136,1.046619368126407,0.15609722222222222,239.56477083333334,4.386527777777778,1875.0,6754.0,8365.0,24.4848,7490.799999999999,2008-07-05,5,5,Saturday,1,7,Jul,2008,3,187,15.700333333333333,20.146666666666665,17.679661904761904
2008-07-06,1805.064,1.2535166666666666,6.302,0.138,1.1059430659148646,0.1760986111111111,240.59022916666666,5.359444444444445,4258.0,5230.0,7536.0,30.084400000000002,13060.400000000001,2008-07-06,6,6,Sunday,1,7,Jul,2008,3,188,24.4848,12.4892,20.193261904761904
2008-07-07,983.39,0.6829097222222222,4.052,0.136,0.7018501372756206,0.14084027777777777,239.63371527777778,2.968611111111111,2171.0,592.0,7149.0,16.389833333333332,6477.833333333332,2008-07-07,7,0,Monday,0,7,Jul,2008,3,189,30.084400000000002,13.403266666666667,20.619914285714284
2008-07-08,1126.214,0.7820930555555555,4.562,0.136,0.7385432083204935,0.13633194444444446,239.700625,3.371388888888889,991.0,503.0,7592.0,18.770233333333334,9684.233333333334,2008-07-08,8,1,Tuesday,0,7,Jul,2008,3,190,16.389833333333332,20.254,20.407947619047622
2008-07-09,919.318,0.6384152777777777,4.298,0.136,0.6341510550117712,0.13314166666666666,240.3295763888889,2.7752777777777777,951.0,499.0,7352.0,15.321966666666667,6519.966666666667,2008-07-09,9,2,Wednesday,0,7,Jul,2008,3,191,18.770233333333334,19.120033333333332,19.865366666666667
2008-07-10,1251.276,0.8689416666666667,4.806,0.134,0.7721778390240918,0.1668347222222222,239.86775694444444,3.7434722222222225,982.0,552.0,8186.0,20.8546,11134.600000000002,2008-07-10,10,3,Thursday,0,7,Jul,2008,3,192,15.321966666666667,18.305999999999997,20.22945238095238
2008-07-11,1254.216,0.8709833333333332,4.896,0.134,0.7274360504575038,0.17433055555555554,239.5169097222222,3.782222222222222,724.0,558.0,9251.0,20.903599999999997,10370.599999999999,2008-07-11,11,4,Friday,0,7,Jul,2008,3,193,20.8546,15.700333333333333,20.972776190476193
2008-07-12,1328.852,0.9228138888888889,6.88,0.134,1.0920305121276626,0.18480833333333335,240.05927777777777,4.050416666666667,4436.0,2617.0,7231.0,22.147533333333335,7863.5333333333365,2008-07-12,12,5,Saturday,1,7,Jul,2008,3,194,20.903599999999997,24.4848,20.638880952380955
2008-07-13,1254.634,0.8712736111111111,5.408,0.144,0.9079682976855311,0.11595833333333333,240.2902638888889,3.7665277777777777,1671.0,3164.0,7056.0,20.910566666666668,9019.56666666667,2008-07-13,13,6,Sunday,1,7,Jul,2008,3,195,22.147533333333335,30.084400000000002,19.328333333333337
2008-07-14,1137.926,0.7902263888888889,4.324,0.146,0.8416163583528605,0.14560277777777778,240.4941875,3.431666666666667,2564.0,1995.0,6436.0,18.965433333333333,7970.433333333334,2008-07-14,14,0,Monday,0,7,Jul,2008,3,196,20.910566666666668,16.389833333333332,19.69627619047619
2008-07-15,1155.86,0.8026805555555555,4.748,0.152,0.657836374534403,0.13259444444444446,239.78144444444447,3.435694444444444,968.0,552.0,8585.0,19.264333333333333,9159.333333333332,2008-07-15,15,1,Tuesday,0,7,Jul,2008,3,197,18.965433333333333,18.770233333333334,19.766861904761903
2008-07-16,1077.062,0.7479597222222222,6.98,0.152,0.9531335080305217,0.14337638888888887,240.59338194444442,3.2368055555555557,1537.0,2799.0,4978.0,17.95103333333333,8637.033333333333,2008-07-16,16,2,Wednesday,0,7,Jul,2008,3,198,19.264333333333333,15.321966666666667,20.142442857142857
2008-07-17,1319.122,0.9160569444444445,4.764,0.158,0.691790963765279,0.1663236111111111,239.91703472222224,4.026666666666666,1122.0,723.0,8280.0,21.985366666666668,11860.366666666669,2008-07-17,17,3,Thursday,0,7,Jul,2008,3,199,17.95103333333333,20.8546,20.303980952380954
2008-07-18,1261.584,0.8761,4.416,0.162,0.6624086198926844,0.1358375,239.5771875,3.736944444444444,1143.0,552.0,9260.0,21.026400000000002,10071.400000000001,2008-07-18,18,4,Friday,0,7,Jul,2008,3,200,21.985366666666668,20.903599999999997,20.321523809523807
2008-07-19,1344.014,0.9333430555555555,5.376,0.144,0.9883530606178305,0.1444652777777778,239.15111805555554,4.019722222222222,2941.0,3146.0,7676.0,22.400233333333333,8637.233333333334,2008-07-19,19,5,Saturday,1,7,Jul,2008,3,201,21.026400000000002,22.147533333333335,20.35762380952381
2008-07-20,941.534,0.6538430555555556,4.726,0.142,0.7704699073043275,0.11984444444444443,239.77769444444445,2.836388888888889,1943.0,1076.0,5457.0,15.692233333333332,7216.233333333332,2008-07-20,20,6,Sunday,1,7,Jul,2008,3,202,22.400233333333333,20.910566666666668,19.61214761904762
2008-07-21,1156.478,0.8031097222222223,5.938,0.144,0.7872080407484179,0.11975694444444443,239.10169444444443,3.482083333333333,1698.0,431.0,9189.0,19.274633333333334,7956.633333333335,2008-07-21,21,0,Monday,0,7,Jul,2008,3,203,15.692233333333332,18.965433333333333,19.656319047619046
2008-07-22,740.242,0.5140569444444444,3.16,0.146,0.43546367046042456,0.11189444444444445,239.67030555555556,2.272638888888889,0.0,430.0,4886.0,12.337366666666666,7021.366666666667,2008-07-22,22,1,Tuesday,0,7,Jul,2008,3,204,19.274633333333334,19.264333333333333,18.666752380952378
2008-07-23,942.63,0.6546041666666667,5.886,0.146,0.5974646912116354,0.11277222222222222,240.09611805555554,2.8494444444444444,1233.0,454.0,6325.0,15.7105,7698.5,2008-07-23,23,2,Wednesday,0,7,Jul,2008,3,205,12.337366666666666,17.95103333333333,18.34667619047619
2008-07-24,1093.45,0.7593402777777778,4.574,0.15,0.6991294265106615,0.12908472222222223,239.8837638888889,3.2215277777777778,837.0,476.0,8344.0,18.22416666666667,8567.166666666668,2008-07-24,24,3,Thursday,0,7,Jul,2008,3,206,15.7105,21.985366666666668,17.809361904761907
2008-07-25,865.534,0.6010652777777777,5.766,0.144,0.6593762218871666,0.12688472222222222,239.0572152777778,2.618333333333333,1168.0,492.0,6731.0,14.425566666666667,6034.5666666666675,2008-07-25,25,4,Friday,0,7,Jul,2008,3,207,18.22416666666667,21.026400000000002,16.866385714285713
2008-07-26,815.684,0.5664472222222222,4.398,0.144,0.5616506052298269,0.1481375,240.02869444444445,2.4944444444444445,0.0,948.0,6243.0,13.594733333333332,6403.733333333332,2008-07-26,26,5,Saturday,1,7,Jul,2008,3,208,14.425566666666667,22.400233333333333,15.608457142857143
2008-07-27,1147.396,0.7968027777777777,3.896,0.144,0.6948472877497492,0.1619013888888889,238.4711597222222,3.5125,1063.0,858.0,8385.0,19.123266666666666,8817.266666666666,2008-07-27,27,6,Sunday,1,7,Jul,2008,3,209,13.594733333333332,15.692233333333332,16.09860476190476
2008-07-28,825.804,0.573475,5.044,0.15,0.5098540383725065,0.13785694444444446,239.99369444444443,2.5743055555555556,0.0,509.0,5963.0,13.763399999999999,7291.4,2008-07-28,28,0,Monday,0,7,Jul,2008,3,210,19.123266666666666,19.274633333333334,15.311285714285715
2008-07-29,1166.558,0.8101097222222222,3.976,0.348,0.6044062729509104,0.1447111111111111,240.24888194444446,3.6408333333333336,1571.0,530.0,5802.0,19.442633333333333,11539.633333333331,2008-07-29,29,1,Tuesday,0,7,Jul,2008,3,211,13.763399999999999,12.337366666666666,16.32632380952381
2008-07-30,1299.908,0.9027138888888888,4.392,0.218,0.7617310568721936,0.1580111111111111,239.08559027777778,4.065138888888889,2548.0,773.0,6278.0,21.665133333333333,12066.133333333335,2008-07-30,30,2,Wednesday,0,7,Jul,2008,3,212,19.442633333333333,15.7105,17.176985714285713
2008-07-31,1392.638,0.9671097222222221,5.368,0.15,0.9905769591842106,0.16908055555555557,240.09567361111112,4.231805555555556,1533.0,2808.0,7588.0,23.21063333333333,11281.633333333331,2008-07-31,31,3,Thursday,0,7,Jul,2008,3,213,21.665133333333333,18.22416666666667,17.889338095238095
2008-08-01,739.576,0.5135944444444445,4.284,0.138,0.5774805906960728,0.1754888888888889,239.8054375,2.3279166666666664,586.0,1150.0,5091.0,12.326266666666667,5499.266666666666,2008-08-01,1,4,Friday,0,8,Aug,2008,3,214,23.21063333333333,14.425566666666667,17.589438095238094
2008-08-02,505.776,0.35123333333333334,2.038,0.134,0.31328493093343224,0.12381527777777779,239.12872916666666,1.5879166666666666,0.0,504.0,3803.0,8.4296,4122.6,2008-08-02,2,5,Saturday,1,8,Aug,2008,3,215,12.326266666666667,13.594733333333332,16.851561904761905
2008-08-03,504.782,0.35054305555555554,1.95,0.132,0.32385256828332826,0.11531388888888888,237.0544375,1.5766666666666667,0.0,499.0,3926.0,8.413033333333333,3988.033333333333,2008-08-03,3,6,Sunday,1,8,Aug,2008,3,216,8.4296,19.123266666666666,15.321528571428571
2008-08-04,1126.501,0.7822923611111111,5.89,0.134,0.9595761898634545,0.1346152777777778,237.86342361111113,3.416736111111111,596.0,4677.0,4410.5,18.775016666666666,9091.516666666666,2008-08-04,4,0,Monday,0,8,Aug,2008,3,217,8.413033333333333,13.763399999999999,16.03747380952381
2008-08-05,827.118,0.5743875,5.796,0.078,0.6944319458609635,0.1251722222222222,238.73645833333333,2.5059722222222223,635.0,509.0,7118.0,13.785300000000001,5523.300000000001,2008-08-05,5,1,Tuesday,0,8,Aug,2008,3,218,18.775016666666666,19.442633333333333,15.229283333333331
2008-08-06,326.112,0.22646666666666668,0.976,0.078,0.1907066526897398,0.1489611111111111,240.56582638888887,1.0904166666666666,0.0,513.0,2215.0,5.4352,2707.2,2008-08-06,6,2,Wednesday,0,8,Aug,2008,3,219,13.785300000000001,21.665133333333333,12.910721428571426
2008-08-07,334.884,0.23255833333333334,1.05,0.078,0.20379569662403058,0.1492638888888889,239.3123263888889,1.1206944444444444,0.0,526.0,2357.0,5.5814,2698.4000000000005,2008-08-07,7,3,Thursday,0,8,Aug,2008,3,220,5.4352,23.21063333333333,10.392259523809523
2008-08-08,302.2,0.2098611111111111,0.976,0.078,0.17015464539968508,0.13642222222222222,239.45654166666665,1.0055555555555555,0.0,481.0,1980.0,5.036666666666666,2575.666666666666,2008-08-08,8,4,Friday,0,8,Aug,2008,3,221,5.5814,12.326266666666667,9.350888095238094
2008-08-09,358.924,0.24925277777777777,2.696,0.078,0.29058930322234366,0.13888194444444446,240.71045833333332,1.1602777777777777,0.0,489.0,1902.0,5.982066666666666,3591.0666666666666,2008-08-09,9,5,Saturday,1,8,Aug,2008,3,222,5.036666666666666,8.4296,9.001240476190477
2008-08-10,352.032,0.24446666666666667,1.064,0.078,0.1823402923378922,0.1313236111111111,240.2648888888889,1.1225,0.0,464.0,1905.0,5.8671999999999995,3498.2,2008-08-10,10,6,Sunday,1,8,Aug,2008,3,223,5.982066666666666,8.413033333333333,8.637550000000001
2008-08-11,371.916,0.258275,1.2,0.078,0.1845719784227877,0.13029166666666667,240.7183263888889,1.1706944444444445,0.0,489.0,1880.0,6.1986,3829.5999999999995,2008-08-11,11,0,Monday,0,8,Aug,2008,3,224,5.8671999999999995,18.775016666666666,6.840919047619048
2008-08-12,288.984,0.20068333333333332,0.958,0.076,0.16449688198704773,0.12989027777777779,240.04828472222223,0.9534722222222223,0.0,462.0,1844.0,4.8164,2510.3999999999996,2008-08-12,12,1,Tuesday,0,8,Aug,2008,3,225,6.1986,13.785300000000001,5.5596476190476185
2008-08-13,282.584,0.19623888888888888,0.962,0.078,0.15316209743436818,0.1276638888888889,240.87151388888887,0.9315277777777778,0.0,451.0,1789.0,4.709733333333333,2469.7333333333336,2008-08-13,13,2,Wednesday,0,8,Aug,2008,3,226,4.8164,5.4352,5.456009523809523
2008-08-14,270.258,0.18767916666666665,0.958,0.078,0.1465069017317554,0.1235875,241.14088194444443,0.885,0.0,441.0,1641.0,4.5043,2422.3,2008-08-14,14,3,Thursday,0,8,Aug,2008,3,227,4.709733333333333,5.5814,5.302138095238094
2008-08-15,273.654,0.1900375,1.008,0.078,0.1566798898738968,0.12373472222222222,241.15816666666666,0.8959722222222223,0.0,439.0,1691.0,4.5609,2430.9000000000005,2008-08-15,15,4,Friday,0,8,Aug,2008,3,228,4.5043,5.036666666666666,5.234171428571429
2008-08-16,274.814,0.19084305555555556,1.12,0.08,0.15408935913301514,0.12616527777777778,242.09534722222222,0.8994444444444445,0.0,442.0,1688.0,4.580233333333334,2450.2333333333345,2008-08-16,16,5,Saturday,1,8,Aug,2008,3,229,4.5609,5.982066666666666,5.033909523809524
2008-08-17,274.796,0.19083055555555556,1.018,0.08,0.1643526409510946,0.12466388888888888,241.18345138888887,0.8977777777777778,0.0,445.0,1710.0,4.579933333333333,2424.9333333333334,2008-08-17,17,6,Sunday,1,8,Aug,2008,3,230,4.580233333333334,5.8671999999999995,4.850014285714286
2008-08-18,273.758,0.19010972222222222,0.934,0.08,0.15487268115755273,0.12367916666666667,241.35584027777776,0.8943055555555556,0.0,440.0,1719.0,4.562633333333333,2403.633333333333,2008-08-18,18,0,Monday,0,8,Aug,2008,3,231,4.579933333333333,6.1986,4.616304761904762
2008-08-19,274.692,0.19075833333333334,0.946,0.078,0.15077798685604393,0.12543194444444444,240.8947361111111,0.9033333333333333,0.0,442.0,1697.0,4.5782,2439.2,2008-08-19,19,1,Tuesday,0,8,Aug,2008,3,232,4.562633333333333,4.8164,4.582276190476191
2008-08-20,268.472,0.18643888888888888,0.954,0.08,0.1446495336191891,0.12365555555555555,241.54370833333334,0.8833333333333333,0.0,437.0,1626.0,4.474533333333333,2411.533333333333,2008-08-20,20,2,Wednesday,0,8,Aug,2008,3,233,4.5782,4.709733333333333,4.548676190476191
2008-08-21,261.298,0.18145694444444443,0.926,0.078,0.1385925764426089,0.11734166666666668,240.29566666666668,0.8497222222222222,0.0,432.0,1577.0,4.354966666666667,2345.966666666667,2008-08-21,21,3,Thursday,0,8,Aug,2008,3,234,4.474533333333333,4.5043,4.527342857142857
2008-08-22,267.124,0.1855027777777778,1.02,0.078,0.1494064699117356,0.12128749999999999,240.88224305555556,0.8720833333333333,0.0,438.0,1614.0,4.452066666666667,2400.0666666666675,2008-08-22,22,4,Friday,0,8,Aug,2008,3,235,4.354966666666667,4.5609,4.511795238095238
2008-08-23,254.642,0.1768347222222222,1.02,0.078,0.13195610875539565,0.11765416666666667,242.14265972222222,0.8308333333333334,0.0,419.0,1485.0,4.244033333333333,2340.0333333333338,2008-08-23,23,5,Saturday,1,8,Aug,2008,3,236,4.452066666666667,4.580233333333334,4.463766666666666
2008-08-24,254.716,0.1768861111111111,0.912,0.078,0.13321016777754052,0.11382638888888888,241.61341666666667,0.8263888888888888,0.0,404.0,1523.0,4.245266666666667,2318.2666666666664,2008-08-24,24,6,Sunday,1,8,Aug,2008,3,237,4.244033333333333,4.579933333333333,4.415957142857143
2008-08-25,250.298,0.17381805555555555,0.958,0.078,0.13198870255778647,0.11379861111111111,241.47397222222224,0.8083333333333333,0.0,422.0,1436.0,4.171633333333333,2313.633333333333,2008-08-25,25,0,Monday,0,8,Aug,2008,3,238,4.245266666666667,4.562633333333333,4.3601
2008-08-26,257.564,0.1788638888888889,0.952,0.078,0.13093670476522506,0.11567083333333333,241.11954861111113,0.8372222222222222,0.0,420.0,1533.0,4.2927333333333335,2339.7333333333336,2008-08-26,26,1,Tuesday,0,8,Aug,2008,3,239,4.171633333333333,4.5782,4.3193190476190475
2008-08-27,258.114,0.17924583333333333,1.006,0.078,0.14434645069537733,0.1151888888888889,240.57646527777777,0.8331944444444445,0.0,399.0,1539.0,4.3019,2363.8999999999996,2008-08-27,27,2,Wednesday,0,8,Aug,2008,3,240,4.2927333333333335,4.474533333333333,4.294657142857143
2008-08-28,268.246,0.18628194444444443,1.18,0.076,0.14971925901099586,0.12090138888888889,240.54265277777776,0.875,0.0,432.0,1631.0,4.470766666666666,2407.7666666666664,2008-08-28,28,3,Thursday,0,8,Aug,2008,3,241,4.3019,4.354966666666667,4.3112
2008-08-29,267.588,0.18582500000000002,0.924,0.078,0.142269317324016,0.11887916666666667,240.33545138888888,0.875,0.0,430.0,1599.0,4.4598,2430.8,2008-08-29,29,4,Friday,0,8,Aug,2008,3,242,4.470766666666666,4.452066666666667,4.312304761904762
2008-08-30,270.424,0.18779444444444443,0.924,0.078,0.14657278893762357,0.12329999999999999,240.51399305555557,0.88625,0.0,435.0,1619.0,4.507066666666666,2453.0666666666657,2008-08-30,30,5,Saturday,1,8,Aug,2008,3,243,4.4598,4.244033333333333,4.3498809523809525
2008-08-31,1502.43,1.0433541666666668,7.52,0.078,1.2530749446062126,0.14613958333333332,240.01818402777778,4.452500000000001,2056.0,3733.0,12133.5,25.0405,7118.0,2008-08-31,31,6,Sunday,1,8,Aug,2008,3,244,4.507066666666666,4.245266666666667,7.320628571428571
2008-09-01,1247.51,0.8663263888888889,4.184,0.142,0.7756496251074141,0.12811527777777776,239.9159097222222,3.7325,950.0,521.0,10183.0,20.791833333333333,9137.833333333332,2008-09-01,1,0,Monday,0,9,Sep,2008,3,245,25.0405,4.171633333333333,9.694942857142857
2008-09-02,1384.154,0.9612180555555555,4.962,0.142,0.933524834575371,0.15599583333333333,239.3289652777778,4.141527777777778,4273.0,1206.0,6648.0,23.069233333333333,10942.233333333334,2008-09-02,2,1,Tuesday,0,9,Sep,2008,3,246,20.791833333333333,4.2927333333333335,12.3773
2008-09-03,1388.486,0.964226388888889,5.61,0.146,0.866461157178263,0.12450555555555556,240.0294583333333,4.118611111111111,1326.0,1902.0,10213.0,23.141433333333335,9700.433333333334,2008-09-03,3,2,Wednesday,0,9,Sep,2008,3,247,23.069233333333333,4.3019,15.068661904761905
2008-09-04,1225.22,0.8508472222222222,7.02,0.144,0.8362856121024992,0.10546666666666665,238.66349305555556,3.6547222222222224,2225.0,404.0,9408.0,20.420333333333335,8383.333333333336,2008-09-04,4,3,Thursday,0,9,Sep,2008,3,248,23.141433333333335,4.470766666666666,17.34717142857143
2008-09-05,873.96,0.6069166666666667,4.952,0.14,0.6753900877819269,0.10224722222222221,239.59059027777778,2.6055555555555556,379.0,431.0,6943.0,14.566,6813.0,2008-09-05,5,4,Friday,0,9,Sep,2008,3,249,20.420333333333335,4.4598,18.790914285714287
2008-09-06,1868.574,1.2976208333333334,6.0,0.144,1.1476609578014967,0.16548055555555555,239.33977777777778,5.524444444444445,2948.0,6500.0,13400.0,31.1429,8294.900000000001,2008-09-06,6,5,Saturday,1,9,Sep,2008,3,250,14.566,4.507066666666666,22.596033333333335
2008-09-07,1372.656,0.9532333333333333,6.146,0.168,1.1066377659206188,0.12253055555555555,240.58868750000002,4.080833333333333,3612.0,1707.0,5976.0,22.877599999999997,11582.599999999999,2008-09-07,7,6,Sunday,1,9,Sep,2008,3,251,31.1429,25.0405,22.28704761904762
2008-09-08,1309.324,0.9092527777777778,5.916,0.146,0.9750629922057378,0.11150972222222223,241.3818263888889,3.8533333333333335,747.0,2293.0,9559.0,21.822066666666668,9223.06666666667,2008-09-08,8,0,Monday,0,9,Sep,2008,3,252,22.877599999999997,20.791833333333333,22.43422380952381
2008-09-09,1159.654,0.8053152777777778,5.02,0.144,0.7420251540890147,0.12546527777777777,239.78166666666664,3.4644444444444447,236.0,453.0,7728.0,19.327566666666666,10910.566666666666,2008-09-09,9,1,Tuesday,0,9,Sep,2008,3,253,21.822066666666668,23.069233333333333,21.8997
2008-09-10,1300.764,0.9033083333333333,5.858,0.142,0.8877148209116242,0.1155763888888889,239.48058333333333,3.8575,1009.0,399.0,10281.0,21.679399999999998,9990.399999999998,2008-09-10,10,2,Wednesday,0,9,Sep,2008,3,254,19.327566666666666,23.141433333333335,21.690838095238096
2008-09-11,1028.714,0.7143847222222222,4.206,0.144,0.6610434477356424,0.13335972222222223,239.09980555555555,3.080277777777778,1005.0,417.0,7644.0,17.145233333333334,8079.233333333334,2008-09-11,11,3,Thursday,0,9,Sep,2008,3,255,21.679399999999998,20.420333333333335,21.222966666666668
2008-09-12,1392.762,0.9671958333333333,6.29,0.142,0.9433699888751795,0.12381805555555556,239.9683125,4.144583333333333,1867.0,402.0,8738.0,23.212699999999998,12205.699999999997,2008-09-12,12,4,Friday,0,9,Sep,2008,3,256,17.145233333333334,14.566,22.458209523809526
2008-09-13,1631.436,1.1329416666666665,6.306,0.144,1.13587229603413,0.1293,240.1245486111111,4.820138888888889,930.0,5433.0,11807.0,27.1906,9020.599999999999,2008-09-13,13,5,Saturday,1,9,Sep,2008,3,257,23.212699999999998,31.1429,21.893595238095237
2008-09-14,1576.326,1.0946708333333333,5.128,0.176,1.1188449928923239,0.13454583333333334,239.8889861111111,4.734999999999999,4673.0,445.0,6538.0,26.272100000000002,14616.100000000002,2008-09-14,14,6,Sunday,1,9,Sep,2008,3,258,27.1906,22.877599999999997,22.37852380952381
2008-09-15,1697.708,1.178963888888889,5.278,0.228,0.8303551414669168,0.09452638888888888,240.25590972222224,5.071805555555556,960.0,364.0,10322.0,28.295133333333336,16649.133333333335,2008-09-15,15,0,Monday,0,9,Sep,2008,3,259,26.272100000000002,21.822066666666668,23.30324761904762
2008-09-16,1221.862,0.8485152777777778,6.788,0.158,0.7421692102661307,0.108375,240.94875000000002,3.6193055555555556,0.0,368.0,8249.0,20.36436666666667,11747.366666666669,2008-09-16,16,1,Tuesday,0,9,Sep,2008,3,260,28.295133333333336,19.327566666666666,23.451361904761907
2008-09-17,1519.21,1.0550069444444445,5.91,0.152,1.0179163882193512,0.12303333333333334,240.6566736111111,4.489722222222222,1910.0,3727.0,9371.0,25.32016666666667,10312.166666666668,2008-09-17,17,2,Wednesday,0,9,Sep,2008,3,261,20.36436666666667,21.679399999999998,23.971471428571427
2008-09-18,1505.29,1.0453402777777778,6.08,0.156,1.0980688339927345,0.1315111111111111,240.3271388888889,4.447361111111111,4202.0,357.0,7991.0,25.088166666666666,12538.166666666664,2008-09-18,18,3,Thursday,0,9,Sep,2008,3,262,25.32016666666667,17.145233333333334,25.10617619047619
2008-09-19,1518.846,1.0547541666666667,6.296,0.154,0.8978110516616262,0.11581111111111111,240.3571111111111,4.47875,1569.0,351.0,12367.0,25.3141,11027.099999999999,2008-09-19,19,4,Friday,0,9,Sep,2008,3,263,25.088166666666666,23.212699999999998,25.406376190476188
2008-09-20,1304.6,0.9059722222222222,4.202,0.15,0.6115869143299517,0.108475,240.59411805555558,3.8055555555555554,0.0,370.0,12477.0,21.743333333333332,8896.333333333332,2008-09-20,20,5,Saturday,1,9,Sep,2008,3,264,25.3141,27.1906,24.628195238095238
2008-09-21,1533.07,1.0646319444444443,6.862,0.154,1.1704928836348034,0.1432375,240.94015972222223,4.560277777777778,4010.0,2381.0,8347.0,25.551166666666667,10813.166666666668,2008-09-21,21,6,Sunday,1,9,Sep,2008,3,265,21.743333333333332,26.272100000000002,24.525204761904764
2008-09-22,1358.564,0.9434472222222223,7.318,0.154,1.0931944125450868,0.105225,240.2091597222222,4.012638888888889,1014.0,2448.0,10227.0,22.642733333333336,8953.733333333337,2008-09-22,22,0,Monday,0,9,Sep,2008,3,266,25.551166666666667,28.295133333333336,23.71771904761905
2008-09-23,1232.788,0.8561027777777778,5.714,0.158,0.8254373536081833,0.11467222222222223,240.18336111111108,3.6841666666666666,0.0,2168.0,7920.0,20.546466666666667,10458.466666666667,2008-09-23,23,1,Tuesday,0,9,Sep,2008,3,267,22.642733333333336,20.36436666666667,23.743733333333335
2008-09-24,1718.35,1.193298611111111,6.412,0.154,1.0172349417675153,0.12046666666666667,240.1257916666667,5.031666666666667,2019.0,4730.0,10548.0,28.639166666666664,11342.166666666664,2008-09-24,24,2,Wednesday,0,9,Sep,2008,3,268,20.546466666666667,25.32016666666667,24.217876190476193
2008-09-25,1131.22,0.7855694444444444,5.774,0.146,0.8034056060259925,0.12067361111111112,240.2903263888889,3.34375,1012.0,751.0,8485.0,18.853666666666665,8605.666666666664,2008-09-25,25,3,Thursday,0,9,Sep,2008,3,269,28.639166666666664,25.088166666666666,23.327233333333336
2008-09-26,1431.45,0.9940625000000001,6.012,0.148,0.9475585123787952,0.146925,240.39362500000001,4.239583333333333,1221.0,370.0,10890.0,23.8575,11376.5,2008-09-26,26,4,Friday,0,9,Sep,2008,3,270,18.853666666666665,25.3141,23.11914761904762
2008-09-27,2127.446,1.4773930555555554,5.688,0.148,1.3074261835855423,0.17850000000000002,240.14647916666667,6.258611111111111,4347.0,2584.0,12688.0,35.457433333333334,15838.433333333334,2008-09-27,27,5,Saturday,1,9,Sep,2008,3,271,23.8575,21.743333333333332,25.078304761904764
2008-09-28,1731.104,1.2021555555555556,5.992,0.164,0.9812601041757207,0.11386666666666666,240.27841666666666,5.079583333333334,1920.0,385.0,11242.0,28.851733333333335,15304.733333333337,2008-09-28,28,6,Sunday,1,9,Sep,2008,3,272,35.457433333333334,25.551166666666667,25.549814285714287
2008-09-29,1501.738,1.0428736111111112,4.288,0.234,0.7993723567248102,0.13849444444444445,240.26402083333335,4.4094444444444445,1014.0,363.0,10677.0,25.02896666666667,12974.96666666667,2008-09-29,29,0,Monday,0,9,Sep,2008,3,273,28.851733333333335,22.642733333333336,25.890704761904765
2008-09-30,1375.006,0.9548652777777779,5.532,0.23,1.0174502782461603,0.10770277777777779,240.58377083333335,4.0247222222222225,998.0,360.0,7415.0,22.916766666666668,14143.766666666666,2008-09-30,30,1,Tuesday,0,9,Sep,2008,3,274,25.02896666666667,20.546466666666667,26.229319047619047
2008-10-01,1872.364,1.3002527777777777,6.254,0.232,1.1252265805304449,0.12587222222222222,241.12861111111113,5.482083333333334,2249.0,5800.0,10808.0,31.20606666666667,12349.06666666667,2008-10-01,1,2,Wednesday,0,10,Oct,2008,4,275,22.916766666666668,28.639166666666664,26.59601904761905
2008-10-02,1345.342,0.9342652777777778,6.048,0.22,0.824419591425881,0.10671944444444444,240.32824305555553,3.948611111111111,0.0,367.0,9060.0,22.42236666666667,12995.366666666669,2008-10-02,2,3,Thursday,0,10,Oct,2008,4,276,31.20606666666667,18.853666666666665,27.105833333333333
2008-10-03,1612.58,1.1198472222222222,4.7,0.226,1.1145981910275535,0.11013750000000001,239.84200694444445,4.745694444444444,4801.0,349.0,9432.0,26.87633333333333,12294.333333333332,2008-10-03,3,4,Friday,0,10,Oct,2008,4,277,22.42236666666667,23.8575,27.53709523809524
2008-10-04,2100.496,1.4586777777777777,5.57,0.244,0.9101890365968661,0.15013888888888888,240.1744027777778,6.144861111111111,3462.0,629.0,12573.0,35.00826666666667,18344.26666666667,2008-10-04,4,5,Saturday,1,10,Oct,2008,4,278,26.87633333333333,35.457433333333334,27.472928571428575
2008-10-05,1549.95,1.0763541666666667,5.698,0.24,1.043441312685796,0.10159444444444445,240.13754166666666,4.534166666666667,990.0,3257.0,6071.0,25.8325,15514.5,2008-10-05,5,6,Sunday,1,10,Oct,2008,4,279,35.00826666666667,28.851733333333335,27.041609523809523
2008-10-06,1423.782,0.9887374999999999,6.052,0.246,0.8309717231700071,0.08694722222222222,239.1190763888889,4.216388888888889,990.0,286.0,9562.0,23.729699999999998,12891.699999999997,2008-10-06,6,0,Monday,0,10,Oct,2008,4,280,25.8325,25.02896666666667,26.855999999999998
2008-10-07,1726.568,1.1990055555555554,6.536,0.25,0.968428930503834,0.1300236111111111,238.85286805555555,5.166111111111111,1016.0,419.0,9476.0,28.776133333333334,17865.133333333335,2008-10-07,7,1,Tuesday,0,10,Oct,2008,4,281,23.729699999999998,22.916766666666668,27.693052380952377
2008-10-08,1860.576,1.2920666666666667,5.112,0.248,0.9498973638276982,0.10584027777777777,240.0490138888889,5.43125,1044.0,5126.0,11650.0,31.0096,13189.599999999999,2008-10-08,8,2,Wednesday,0,10,Oct,2008,4,282,28.776133333333334,31.20606666666667,27.664985714285713
2008-10-09,1983.682,1.3775569444444444,6.486,0.25,1.1425970300712132,0.12631944444444446,239.2754236111111,5.812361111111111,1032.0,3064.0,11652.0,33.061366666666665,17313.36666666666,2008-10-09,9,3,Thursday,0,10,Oct,2008,4,283,31.0096,22.42236666666667,29.184842857142858
2008-10-10,1518.338,1.0544013888888888,5.952,0.236,0.7287362522634003,0.10280833333333333,239.63485416666666,4.436805555555556,0.0,389.0,12046.0,25.305633333333333,12870.633333333331,2008-10-10,10,4,Friday,0,10,Oct,2008,4,284,33.061366666666665,26.87633333333333,28.960457142857145
2008-10-11,1669.386,1.1592958333333334,6.362,0.232,0.9004047557052297,0.10753333333333334,239.18261805555554,4.905972222222222,2144.0,2335.0,11373.0,27.8231,11971.099999999999,2008-10-11,11,5,Saturday,1,10,Oct,2008,4,285,25.305633333333333,35.00826666666667,27.93400476190476
2008-10-12,1907.94,1.3249583333333335,8.22,0.236,1.5039901853942848,0.11236527777777779,240.15154166666665,5.615138888888889,2561.0,5822.0,7171.0,31.799,16245.0,2008-10-12,12,6,Sunday,1,10,Oct,2008,4,286,27.8231,25.8325,28.786361904761907
2008-10-13,1461.9759999999999,1.015261111111111,6.784,0.238,0.8930803522149139,0.10270416666666667,240.80942361111113,4.254305555555556,1037.0,535.0,9483.0,24.366266666666665,13311.266666666663,2008-10-13,13,0,Monday,0,10,Oct,2008,4,287,31.799,23.729699999999998,28.877299999999998
2008-10-14,1609.056,1.1174,5.592,0.236,0.8921924777609234,0.1140875,239.21572916666668,4.730138888888889,1177.0,442.0,9939.0,26.817600000000002,15259.600000000002,2008-10-14,14,1,Tuesday,0,10,Oct,2008,4,288,24.366266666666665,28.776133333333334,28.59750952380952
2008-10-15,2156.896,1.4978444444444445,6.496,0.292,1.0928153659303976,0.1169875,239.5067916666667,6.328194444444445,1998.0,7042.0,9984.0,35.94826666666667,16924.26666666667,2008-10-15,15,2,Wednesday,0,10,Oct,2008,4,289,26.817600000000002,31.0096,29.303033333333335
2008-10-16,1583.68,1.0997777777777777,4.376,0.288,0.8310740160031896,0.09502777777777778,239.26284722222223,4.66125,951.0,429.0,8438.0,26.39466666666667,16576.666666666668,2008-10-16,16,3,Thursday,0,10,Oct,2008,4,290,35.94826666666667,33.061366666666665,28.350647619047617
2008-10-17,1866.886,1.296448611111111,6.246,0.244,1.274830651985583,0.1066125,240.047625,5.475833333333333,2036.0,3187.0,9639.0,31.114766666666664,16252.766666666663,2008-10-17,17,4,Friday,0,10,Oct,2008,4,291,26.39466666666667,25.305633333333333,29.18052380952381
2008-10-18,2239.19,1.5549930555555556,7.146,0.238,1.3788905572303443,0.11293611111111113,239.83543055555558,6.547083333333333,799.0,1655.0,12146.0,37.319833333333335,22719.833333333336,2008-10-18,18,5,Saturday,1,10,Oct,2008,4,292,31.114766666666664,27.8231,30.537200000000002
2008-10-19,1971.934,1.3693986111111112,10.29,0.252,1.6032415450703705,0.12610833333333332,240.04254861111113,5.805277777777778,698.0,8010.0,4600.0,32.865566666666666,19557.566666666666,2008-10-19,19,6,Sunday,1,10,Oct,2008,4,293,37.319833333333335,31.799,30.689566666666668
2008-10-20,1667.554,1.158023611111111,6.124,0.24,0.9803587844308416,0.09570277777777779,240.43249305555554,4.860277777777778,844.0,2648.0,10475.0,27.79256666666667,13825.56666666667,2008-10-20,20,0,Monday,0,10,Oct,2008,4,294,32.865566666666666,24.366266666666665,31.179038095238095
2008-10-21,2063.716,1.433136111111111,6.156,0.246,1.1771476383274488,0.10579444444444444,239.7306875,6.080833333333333,857.0,2663.0,11331.0,34.395266666666664,19544.266666666663,2008-10-21,21,1,Tuesday,0,10,Oct,2008,4,295,27.79256666666667,26.817600000000002,32.261561904761905
2008-10-22,1646.01,1.1430625,5.174,0.242,0.8952353107162179,0.1037111111111111,240.8157638888889,4.836944444444445,662.0,2542.0,8487.0,27.4335,15742.5,2008-10-22,22,2,Wednesday,0,10,Oct,2008,4,296,34.395266666666664,35.94826666666667,31.045166666666667
2008-10-23,1830.494,1.2711763888888887,6.974,0.228,1.2041483183059143,0.11195,240.39904166666668,5.374583333333333,815.0,1435.0,10587.0,30.508233333333333,17671.233333333334,2008-10-23,23,3,Thursday,0,10,Oct,2008,4,297,27.4335,26.39466666666667,31.632819047619048
2008-10-24,2133.226,1.4814069444444444,7.978,0.24,1.6251510762146328,0.1166763888888889,240.41369444444442,6.266944444444444,7893.0,2277.0,10284.0,35.55376666666667,15099.76666666667,2008-10-24,24,4,Friday,0,10,Oct,2008,4,298,30.508233333333333,31.114766666666664,32.26696190476191
2008-10-25,1597.933,1.1096756944444444,5.056,0.198,0.8173538890650887,0.08698333333333333,240.8847777777778,4.639722222222222,737.0,458.5,14185.5,26.632216666666668,11251.216666666667,2008-10-25,25,5,Saturday,1,10,Oct,2008,4,299,35.55376666666667,37.319833333333335,30.740159523809524
2008-10-26,523.492,0.36353611111111106,1.518,0.2,0.29275803123421734,0.08022916666666667,242.12346527777777,1.4991666666666668,0.0,360.0,2013.0,8.724866666666665,6351.866666666665,2008-10-26,26,6,Sunday,1,10,Oct,2008,4,300,26.632216666666668,32.865566666666666,27.291488095238094
2008-10-27,523.892,0.36381388888888894,1.538,0.198,0.2950798458770487,0.08956805555555557,242.22805555555558,1.5091666666666665,0.0,402.0,1967.0,8.731533333333335,6362.533333333335,2008-10-27,27,0,Monday,0,10,Oct,2008,4,301,8.724866666666665,27.79256666666667,24.568483333333337
2008-10-28,1327.29,0.9217291666666666,5.018,0.198,1.0628726577396443,0.10074722222222222,241.32679166666668,3.8531944444444446,2263.0,362.0,5090.0,22.1215,14406.5,2008-10-28,28,1,Tuesday,0,10,Oct,2008,4,302,8.731533333333335,34.395266666666664,22.815088095238092
2008-10-29,1612.576,1.1198444444444444,5.042,0.66,0.6982423824922951,0.09255694444444446,241.78959722222223,4.604305555555555,1037.0,345.0,4015.0,26.876266666666666,21479.266666666666,2008-10-29,29,2,Wednesday,0,10,Oct,2008,4,303,22.1215,27.4335,22.735483333333338
2008-10-30,1098.6,0.7629166666666666,2.626,0.2,0.38274180564000654,0.08543611111111112,242.08329166666667,3.2733333333333334,0.0,345.0,2619.0,18.31,15346.0,2008-10-30,30,3,Thursday,0,10,Oct,2008,4,304,26.876266666666666,30.508233333333333,20.99287857142857
2008-10-31,1285.832,0.892938888888889,3.178,0.192,0.6655026673826441,0.07246388888888888,241.32977083333333,3.7663888888888892,0.0,312.0,10483.0,21.430533333333337,10635.533333333336,2008-10-31,31,4,Friday,0,10,Oct,2008,4,305,18.31,35.55376666666667,18.97527380952381
2008-11-01,830.498,0.5767347222222222,1.672,0.418,0.28722336924195396,0.07893888888888889,241.8102361111111,2.6256944444444446,0.0,344.0,1939.0,13.841633333333334,11558.633333333335,2008-11-01,1,5,Saturday,1,11,Nov,2008,4,306,21.430533333333337,26.632216666666668,17.14804761904762
2008-11-02,910.614,0.6323708333333333,2.29,0.418,0.36750317511735064,0.0836611111111111,242.15574305555558,2.864027777777778,0.0,346.0,2824.0,15.1769,12006.9,2008-11-02,2,6,Sunday,1,11,Nov,2008,4,307,13.841633333333334,8.724866666666665,18.06976666666667
2008-11-03,847.6,0.5886111111111111,2.682,0.25,0.3870510434437171,0.08003333333333333,241.76511805555558,2.665,963.0,347.0,1892.0,14.126666666666667,10924.666666666666,2008-11-03,3,0,Monday,0,11,Nov,2008,4,308,15.1769,8.731533333333335,18.8405
2008-11-04,1562.316,1.0849416666666667,7.816,0.25,1.4735210088008066,0.08435833333333333,240.80244444444446,4.6523611111111105,0.0,6214.0,4106.0,26.0386,15718.599999999999,2008-11-04,4,1,Tuesday,0,11,Nov,2008,4,309,14.126666666666667,22.1215,19.400085714285716
2008-11-05,3134.93,2.177034722222222,8.862,0.258,1.657537833893385,0.17904166666666665,239.48077083333334,9.239166666666666,7597.0,10409.0,8362.0,52.24883333333333,25880.83333333333,2008-11-05,5,2,Wednesday,0,11,Nov,2008,4,310,26.0386,26.876266666666666,23.024738095238096
2008-11-06,1588.438,1.1030819444444444,6.71,0.212,0.9027572459537493,0.12601944444444443,240.39021527777777,4.726666666666667,1033.0,430.0,6734.0,26.47396666666667,18276.96666666667,2008-11-06,6,3,Thursday,0,11,Nov,2008,4,311,52.24883333333333,18.31,24.191019047619047
2008-11-07,1619.184,1.1244333333333334,4.724,0.258,0.7829975977498278,0.07638055555555555,239.75178472222223,4.754583333333334,1032.0,389.0,10421.0,26.9864,15144.400000000001,2008-11-07,7,4,Friday,0,11,Nov,2008,4,312,26.47396666666667,21.430533333333337,24.984714285714286
2008-11-08,1733.138,1.2035680555555555,5.978,0.256,1.0288044240611156,0.09247777777777778,239.30802777777777,5.104722222222223,1114.0,3271.0,6069.0,28.88563333333333,18431.63333333333,2008-11-08,8,5,Saturday,1,11,Nov,2008,4,313,26.9864,13.841633333333334,27.133857142857146
2008-11-09,2578.538,1.7906513888888889,5.638,0.252,1.3258398167180727,0.1464902777777778,238.45406944444443,7.620972222222223,6301.0,661.0,14348.0,42.975633333333334,21665.63333333333,2008-11-09,9,6,Sunday,1,11,Nov,2008,4,314,28.88563333333333,15.1769,31.105104761904762
2008-11-10,2114.434,1.4683569444444446,5.672,0.262,1.0392922952204475,0.10911250000000002,239.63163194444445,6.218472222222222,1023.0,355.0,10354.0,35.24056666666667,23508.566666666673,2008-11-10,10,0,Monday,0,11,Nov,2008,4,315,42.975633333333334,14.126666666666667,34.12137619047619
2008-11-11,2455.95,1.7055208333333332,5.348,0.258,1.0956173204991606,0.08894444444444445,239.87869444444445,7.183333333333334,2475.0,2288.0,14651.0,40.9325,21518.5,2008-11-11,11,1,Tuesday,0,11,Nov,2008,4,316,35.24056666666667,26.0386,36.249076190476195
2008-11-12,2190.114,1.5209125000000001,7.072,0.268,0.7937420563830981,0.110525,240.38623611111112,6.351388888888889,1066.0,2745.0,9430.0,36.5019,23260.9,2008-11-12,12,2,Wednesday,0,11,Nov,2008,4,317,40.9325,52.24883333333333,33.999514285714284
2008-11-13,1238.46,0.8600416666666667,5.828,0.254,0.7556821297589151,0.08710000000000001,241.59792361111113,3.627222222222222,0.0,338.0,6315.0,20.641000000000002,13988.0,2008-11-13,13,3,Thursday,0,11,Nov,2008,4,318,36.5019,26.47396666666667,33.16623333333333
2008-11-14,1621.738,1.1262069444444445,4.898,0.256,0.8402531627879126,0.08881527777777778,241.02181944444445,4.7555555555555555,2092.0,325.0,9929.0,27.02896666666667,14682.96666666667,2008-11-14,14,4,Friday,0,11,Nov,2008,4,319,20.641000000000002,26.9864,33.172314285714286
2008-11-15,3031.628,2.105297222222222,7.732,0.256,1.6591680243008327,0.11469444444444445,238.63411805555555,8.963194444444444,3952.0,3799.0,15635.0,50.52713333333334,27141.13333333334,2008-11-15,15,5,Saturday,1,11,Nov,2008,4,320,27.02896666666667,28.88563333333333,36.263957142857144
2008-11-16,2365.432,1.642661111111111,6.466,0.22,1.2431990752364115,0.11328472222222222,240.4941388888889,6.919027777777777,4791.0,1829.0,8945.0,39.42386666666666,23858.86666666666,2008-11-16,16,6,Sunday,1,11,Nov,2008,4,321,50.52713333333334,42.975633333333334,35.75656190476191
2008-11-17,1523.636,1.0580805555555555,5.094,0.212,0.7426161138858274,0.08255138888888888,241.13493055555554,4.412083333333333,0.0,378.0,10590.0,25.393933333333333,14425.933333333334,2008-11-17,17,0,Monday,0,11,Nov,2008,4,322,39.42386666666666,35.24056666666667,34.349900000000005
2008-11-18,1749.05,1.2146180555555555,7.71,0.26,0.9932926684404704,0.09672361111111112,239.90204166666666,5.141805555555555,1079.0,369.0,11204.0,29.15083333333333,16498.833333333332,2008-11-18,18,1,Tuesday,0,11,Nov,2008,4,323,25.393933333333333,40.9325,32.666804761904764
2008-11-19,1840.238,1.2779430555555555,5.804,0.258,1.0396073159230592,0.11559166666666666,240.53961805555554,5.412916666666667,1737.0,3026.0,8704.0,30.670633333333335,17203.633333333335,2008-11-19,19,2,Wednesday,0,11,Nov,2008,4,324,29.15083333333333,36.5019,31.833766666666666
2008-11-20,1692.336,1.1752333333333334,5.254,0.282,1.0059708532603968,0.08416111111111112,239.81811805555557,4.984444444444445,1034.0,347.0,7732.0,28.2056,19092.600000000002,2008-11-20,20,3,Thursday,0,11,Nov,2008,4,325,30.670633333333335,20.641000000000002,32.91442380952381
2008-11-21,1673.93,1.162451388888889,4.628,0.26,0.8117383771325669,0.08857916666666667,239.9283333333333,4.946527777777778,1039.0,348.0,10396.0,27.898833333333336,16115.833333333336,2008-11-21,21,4,Friday,0,11,Nov,2008,4,326,28.2056,27.02896666666667,33.038690476190474
2008-11-22,1711.368,1.18845,7.366,0.258,1.0527189180879895,0.08671388888888888,239.7318125,5.049583333333333,1093.0,882.0,8320.0,28.5228,18227.8,2008-11-22,22,5,Saturday,1,11,Nov,2008,4,327,27.898833333333336,50.52713333333334,29.895214285714285
2008-11-23,3407.405,2.366253472222222,8.556,0.256,1.9776590917824257,0.1438013888888889,239.15058333333334,10.050416666666667,3631.0,8829.5,10288.5,56.790083333333335,34041.083333333336,2008-11-23,23,6,Sunday,1,11,Nov,2008,4,328,28.5228,39.42386666666666,32.37610238095238
2008-11-24,3212.998,2.231248611111111,7.73,0.64,0.9549652340950663,0.08445694444444445,240.3594861111111,9.285416666666666,1063.0,510.0,13378.0,53.54996666666667,38598.96666666667,2008-11-24,24,0,Monday,0,11,Nov,2008,4,329,56.790083333333335,25.393933333333333,36.39839285714286
2008-11-25,2702.85,1.8769791666666666,6.734,0.21,1.129893904683472,0.10455833333333332,240.93060416666668,7.823888888888889,3010.0,345.0,10471.0,45.0475,31221.5,2008-11-25,25,1,Tuesday,0,11,Nov,2008,4,330,53.54996666666667,29.15083333333333,38.66934523809524
2008-11-26,1515.954,1.0527458333333333,5.956,0.204,0.9700763325728893,0.08333055555555555,242.40089583333332,4.356388888888889,909.0,304.0,10002.0,25.2659,14050.899999999998,2008-11-26,26,2,Wednesday,0,11,Nov,2008,4,331,45.0475,30.670633333333335,37.897240476190476
2008-11-27,2362.218,1.6404291666666666,7.468,0.204,1.2398149615281484,0.08765138888888889,241.4400138888889,6.841111111111112,2491.0,330.0,12440.0,39.3703,24109.300000000003,2008-11-27,27,3,Thursday,0,11,Nov,2008,4,332,25.2659,28.2056,39.492197619047616
2008-11-28,1885.964,1.3096972222222223,5.07,0.204,1.0523510024587217,0.0891847222222222,243.06651388888892,5.409583333333334,1113.0,295.0,11361.0,31.43273333333333,18663.73333333333,2008-11-28,28,4,Friday,0,11,Nov,2008,4,333,39.3703,27.898833333333336,39.99704047619048
2008-11-29,2434.668,1.6907416666666668,8.114,0.194,1.3906735230604943,0.11563194444444444,241.24075694444446,7.0536111111111115,5268.0,2392.0,12386.0,40.5778,20531.800000000003,2008-11-29,29,5,Saturday,1,11,Nov,2008,4,334,31.43273333333333,28.5228,41.71918333333333
2008-11-30,2401.388,1.6676305555555555,10.348,0.21,1.4811489228493495,0.11868333333333334,242.3745625,6.955555555555556,1161.0,3481.0,11474.0,40.023133333333334,23907.13333333333,2008-11-30,30,6,Sunday,1,11,Nov,2008,4,335,40.5778,56.790083333333335,39.323904761904764
2008-12-01,1616.538,1.1225958333333332,5.932,0.276,0.8786825016409869,0.08241527777777778,243.4458402777778,4.758472222222222,1085.0,309.0,9013.0,26.9423,16535.3,2008-12-01,1,0,Monday,0,12,Dec,2008,4,336,40.023133333333334,53.54996666666667,35.52280952380953
2008-12-02,1793.444,1.2454472222222222,6.366,0.292,0.8544978409004131,0.10132499999999998,243.37936805555555,5.215138888888889,0.0,304.0,11343.0,29.890733333333333,18243.733333333334,2008-12-02,2,1,Tuesday,0,12,Dec,2008,4,337,26.9423,45.0475,33.35755714285714
2008-12-03,1755.164,1.218863888888889,5.88,0.264,0.9485643580870484,0.0866125,243.38372916666668,5.069583333333333,1137.0,302.0,9664.0,29.25273333333333,18149.73333333333,2008-12-03,3,2,Wednesday,0,12,Dec,2008,4,338,29.890733333333333,25.2659,33.927104761904765
2008-12-04,1738.638,1.2073874999999998,4.726,0.262,0.9388219222251101,0.07915972222222221,243.46313888888886,5.02375,1085.0,281.0,11314.0,28.9773,16297.3,2008-12-04,4,3,Thursday,0,12,Dec,2008,4,339,29.25273333333333,39.3703,32.44239047619048
2008-12-05,2058.618,1.4295958333333334,6.13,0.256,0.9534950159808637,0.08335138888888889,242.9759097222222,5.967638888888889,831.0,310.0,9852.0,34.3103,23317.299999999996,2008-12-05,5,4,Friday,0,12,Dec,2008,4,340,28.9773,31.43273333333333,32.85347142857143
2008-12-06,2523.836,1.7526638888888888,7.494,0.206,1.4411805014948578,0.13065555555555555,241.13656250000003,7.358333333333333,4005.0,5749.0,9048.0,42.06393333333333,23261.933333333334,2008-12-06,6,5,Saturday,1,12,Dec,2008,4,341,34.3103,40.5778,33.06577619047619
2008-12-07,2466.74,1.7130138888888888,4.996,0.236,1.173195928391704,0.12515555555555555,242.23854166666666,7.157361111111111,3294.0,310.0,13627.0,41.11233333333333,23881.33333333333,2008-12-07,7,6,Sunday,1,12,Dec,2008,4,342,42.06393333333333,40.023133333333334,33.22137619047619
2008-12-08,1868.636,1.297663888888889,5.512,0.204,0.8743159078312274,0.08387638888888889,243.73161805555557,5.383194444444444,1117.0,296.0,13256.0,31.143933333333333,16474.933333333334,2008-12-08,8,0,Monday,0,12,Dec,2008,4,343,41.11233333333333,26.9423,33.82160952380952
2008-12-09,2003.144,1.3910722222222223,7.136,0.206,1.182251930790917,0.092025,243.5556527777778,5.757638888888889,1985.0,2553.0,12886.0,33.385733333333334,15961.733333333337,2008-12-09,9,1,Tuesday,0,12,Dec,2008,4,344,31.143933333333333,29.890733333333333,34.32089523809524
2008-12-10,2244.93,1.5589791666666666,6.07,0.208,1.2181167191648432,0.10690694444444444,243.39702777777777,6.443888888888889,1128.0,4144.0,12254.0,37.415499999999994,19889.499999999993,2008-12-10,10,2,Wednesday,0,12,Dec,2008,4,345,33.385733333333334,29.25273333333333,35.487004761904764
2008-12-11,1432.522,0.9948069444444444,5.614,0.212,0.9183452238646235,0.07980277777777778,243.41836111111112,4.121944444444445,1160.0,273.0,7979.0,23.875366666666665,14463.366666666665,2008-12-11,11,3,Thursday,0,12,Dec,2008,4,346,37.415499999999994,28.9773,34.758157142857144
2008-12-12,1815.5339999999999,1.2607875,5.202,0.21,0.9088663225900884,0.09676527777777778,243.04302083333334,5.221666666666667,1157.0,255.0,12154.0,30.258899999999997,16692.899999999998,2008-12-12,12,4,Friday,0,12,Dec,2008,4,347,23.875366666666665,34.3103,34.179385714285715
2008-12-13,1825.574,1.2677597222222223,6.434,0.206,1.1465137587798493,0.11338749999999999,241.5385486111111,5.321805555555556,2186.0,261.0,9271.0,30.426233333333336,18708.233333333337,2008-12-13,13,5,Saturday,1,12,Dec,2008,4,348,30.258899999999997,42.06393333333333,32.51685714285714
2008-12-14,2002.12,1.390361111111111,6.006,0.264,1.2184016016797719,0.11389861111111112,241.62279861111114,5.8815277777777775,3742.0,2497.0,5415.0,33.36866666666666,21714.666666666664,2008-12-14,14,6,Sunday,1,12,Dec,2008,4,349,30.426233333333336,41.11233333333333,31.410619047619043
2008-12-15,1795.45,1.2468402777777778,4.94,0.264,0.9162021389740687,0.07898888888888889,243.0392013888889,5.190972222222222,1178.0,252.0,9668.0,29.924166666666668,18826.166666666668,2008-12-15,15,0,Monday,0,12,Dec,2008,4,350,33.36866666666666,31.143933333333333,31.236366666666665
2008-12-16,1797.09,1.2479791666666666,6.164,0.268,0.9158640616449516,0.07958194444444444,243.87990277777777,5.192638888888888,0.0,253.0,11334.0,29.9515,18364.5,2008-12-16,16,1,Tuesday,0,12,Dec,2008,4,351,29.924166666666668,33.385733333333334,30.745761904761903
2008-12-17,2098.786,1.4574902777777778,4.936,0.268,1.1529595786659,0.09459444444444445,243.3135138888889,6.080277777777778,4251.0,284.0,10813.0,34.97976666666667,19631.76666666667,2008-12-17,17,2,Wednesday,0,12,Dec,2008,4,352,29.9515,37.415499999999994,30.3978
2008-12-18,1736.94,1.2062083333333333,5.266,0.214,0.8698646007040564,0.08199305555555556,242.8590625,4.989305555555556,1125.0,258.0,11293.0,28.949,16273.0,2008-12-18,18,3,Thursday,0,12,Dec,2008,4,353,34.97976666666667,23.875366666666665,31.122604761904764
2008-12-19,1882.112,1.3070222222222223,5.238,0.226,0.9901947946055838,0.09177361111111111,241.8661736111111,5.480138888888889,1538.0,296.0,11773.0,31.368533333333335,17761.533333333336,2008-12-19,19,4,Friday,0,12,Dec,2008,4,354,28.949,30.258899999999997,31.281123809523812
2008-12-20,2244.162,1.5584458333333333,6.224,0.218,1.2448241332998509,0.11169444444444444,242.56537152777778,6.500069444444445,1133.5,6479.0,12837.0,37.402699999999996,16953.199999999997,2008-12-20,20,5,Saturday,1,12,Dec,2008,4,355,31.368533333333335,30.426233333333336,32.2777619047619
2008-12-21,2643.61,1.8358402777777778,7.212,0.208,1.56020224791137,0.09380000000000001,241.72008333333332,7.662638888888889,1099.0,9189.0,14816.0,44.06016666666667,18956.166666666664,2008-12-21,21,6,Sunday,1,12,Dec,2008,4,356,37.402699999999996,33.36866666666666,33.80511904761905
2008-12-22,2015.808,1.3998666666666666,5.388,0.216,0.9833051123577464,0.08671527777777778,241.86449305555556,5.857083333333334,2157.0,391.0,10433.0,33.5968,20615.800000000003,2008-12-22,22,0,Monday,0,12,Dec,2008,4,357,44.06016666666667,29.924166666666668,34.32978095238095
2008-12-23,1798.088,1.2486722222222222,6.8,0.21,1.0492301626348177,0.10491666666666667,241.77054861111114,5.250694444444444,2666.0,2115.0,8326.0,29.968133333333334,16861.133333333335,2008-12-23,23,1,Tuesday,0,12,Dec,2008,4,358,33.5968,29.9515,34.33215714285714
2008-12-24,1269.638,0.8816930555555555,3.878,0.208,0.6745603650694976,0.08008194444444444,243.960625,3.6336111111111107,0.0,364.0,9981.0,21.160633333333333,10815.633333333331,2008-12-24,24,2,Wednesday,0,12,Dec,2008,4,359,29.968133333333334,34.97976666666667,32.357995238095235
2008-12-25,1061.118,0.7368874999999999,4.814,0.2,0.6394412333272562,0.08116805555555556,243.2330625,3.0386111111111114,0.0,285.0,3598.0,17.685299999999998,13802.3,2008-12-25,25,3,Thursday,0,12,Dec,2008,4,360,21.160633333333333,28.949,30.748895238095237
2008-12-26,1223.732,0.8498138888888889,4.11,0.204,0.7376803105205455,0.08626527777777777,244.35365972222223,3.5006944444444446,1121.0,279.0,7796.0,20.395533333333333,11199.533333333333,2008-12-26,26,4,Friday,0,12,Dec,2008,4,361,17.685299999999998,31.368533333333335,29.181323809523807
2008-12-27,2972.164,2.064002777777778,5.548,0.61,0.7419553678535185,0.08203611111111112,243.31189583333332,8.431805555555554,0.0,244.0,12209.0,49.53606666666667,37083.06666666667,2008-12-27,27,5,Saturday,1,12,Dec,2008,4,362,20.395533333333333,37.402699999999996,30.914661904761907
2008-12-28,1570.642,1.0907236111111112,4.08,0.2,0.8188911509857516,0.07795,244.56038194444446,4.42,1953.0,217.0,5291.0,26.177366666666668,18716.36666666667,2008-12-28,28,6,Sunday,1,12,Dec,2008,4,363,49.53606666666667,44.06016666666667,28.359976190476193
2008-12-29,555.278,0.38560972222222223,2.478,0.2,0.37008064469062346,0.0636375,244.95475694444443,1.5788888888888888,0.0,218.0,2480.0,9.254633333333334,6556.633333333335,2008-12-29,29,0,Monday,0,12,Dec,2008,4,364,26.177366666666668,33.5968,24.882523809523807
2008-12-30,1195.238,0.8300263888888889,4.14,0.2,0.7423732032447798,0.07861527777777778,244.63816666666668,3.4018055555555557,0.0,245.0,7145.0,19.920633333333335,12530.633333333335,2008-12-30,30,1,Tuesday,0,12,Dec,2008,4,365,9.254633333333334,29.968133333333334,23.447166666666668
2008-12-31,1964.188,1.3640194444444445,6.026,0.204,1.1260182813252957,0.08977222222222221,243.29661805555557,5.6876388888888885,2975.0,246.0,11860.0,32.736466666666665,17655.466666666664,2008-12-31,31,2,Wednesday,0,12,Dec,2008,4,366,19.920633333333335,21.160633333333333,25.10085714285714
2009-01-01,1406.692,0.9768694444444445,8.584,0.204,1.0124220264266548,0.07824166666666667,242.8360625,4.149861111111111,765.0,3845.0,2803.0,23.444866666666666,16031.866666666665,2009-01-01,1,3,Thursday,0,1,Jan,2009,1,1,32.736466666666665,17.685299999999998,25.92365238095238
2009-01-02,2327.51,1.616326388888889,7.6,0.218,1.3604473129494872,0.1421736111111111,242.7048888888889,6.737777777777778,2417.0,6018.0,11841.0,38.79183333333334,18515.833333333336,2009-01-02,2,4,Friday,0,1,Jan,2009,1,2,23.444866666666666,20.395533333333333,28.551695238095242
2009-01-03,1913.496,1.3288166666666668,6.698,0.204,1.22322262475605,0.12146666666666667,243.68145833333332,5.530833333333333,6440.0,328.0,10439.0,31.8916,14684.600000000002,2009-01-03,3,5,Saturday,1,1,Jan,2009,1,3,38.79183333333334,49.53606666666667,26.031057142857144
2009-01-04,1939.994,1.3472180555555555,5.274,0.268,1.234266433385732,0.11620694444444445,244.82243055555554,5.633194444444444,1457.0,5251.0,3245.0,32.33323333333333,22380.233333333334,2009-01-04,4,6,Sunday,1,1,Jan,2009,1,4,31.8916,26.177366666666668,26.910466666666668
2009-01-05,1604.0,1.113888888888889,5.53,0.274,1.0064418966482145,0.08954027777777777,244.83077777777777,4.6362499999999995,1247.0,322.0,8650.0,26.733333333333334,16514.333333333336,2009-01-05,5,0,Monday,0,1,Jan,2009,1,5,32.33323333333333,9.254633333333334,29.40742380952381
2009-01-06,1689.862,1.1735152777777778,6.038,0.268,0.8027971433773252,0.08024722222222222,245.09266666666667,4.834027777777778,0.0,254.0,12462.0,28.16436666666667,15448.366666666669,2009-01-06,6,1,Tuesday,0,1,Jan,2009,1,6,26.733333333333334,19.920633333333335,30.585100000000004
2009-01-07,2080.272,1.4446333333333332,6.256,0.278,1.1926998654339889,0.09826666666666665,246.0406388888889,5.946805555555556,2687.0,3820.0,9979.0,34.6712,18185.199999999997,2009-01-07,7,2,Wednesday,0,1,Jan,2009,1,7,28.16436666666667,32.736466666666665,30.86149047619048
2009-01-08,1633.27,1.1342152777777779,5.254,0.26,0.9925408424943433,0.08637083333333333,245.3507361111111,4.720694444444445,2773.0,299.0,10075.0,27.221166666666665,14074.166666666664,2009-01-08,8,3,Thursday,0,1,Jan,2009,1,8,34.6712,23.444866666666666,31.400961904761907
2009-01-09,1788.702,1.2421541666666667,5.512,0.21,1.0413167727009909,0.08025833333333333,244.62240972222224,5.182083333333333,1802.0,272.0,9285.0,29.8117,18452.699999999997,2009-01-09,9,4,Friday,0,1,Jan,2009,1,9,27.221166666666665,38.79183333333334,30.118085714285716
2009-01-10,2102.948,1.4603805555555556,8.78,0.206,1.4700336519186026,0.11231527777777778,244.12048611111112,6.088888888888889,2828.0,4288.0,12539.0,35.04913333333333,15394.133333333331,2009-01-10,10,5,Saturday,1,1,Jan,2009,1,10,29.8117,31.8916,30.569161904761902
2009-01-11,1975.988,1.3722138888888888,6.418,0.21,1.466920894404108,0.09947222222222223,245.5315486111111,5.764722222222223,4521.0,5301.0,5887.0,32.93313333333334,17224.13333333334,2009-01-11,11,6,Sunday,1,1,Jan,2009,1,11,35.04913333333333,32.33323333333333,30.654861904761905
2009-01-12,1589.278,1.1036652777777778,4.552,0.208,0.702801396627865,0.07807499999999999,245.52706944444444,4.513888888888889,0.0,261.0,12147.0,26.48796666666667,14079.966666666667,2009-01-12,12,0,Monday,0,1,Jan,2009,1,12,32.93313333333334,26.733333333333334,30.619809523809526
2009-01-13,2182.6,1.5156944444444445,6.876,0.258,0.9523567408004876,0.09315416666666666,244.45834027777778,6.254305555555556,1140.0,329.0,16194.0,36.376666666666665,18713.666666666664,2009-01-13,13,1,Tuesday,0,1,Jan,2009,1,13,26.48796666666667,28.16436666666667,31.792995238095237
2009-01-14,1781.579,1.2372076388888888,5.694,0.208,1.0782868896271935,0.0838625,244.60247916666668,5.1125,2278.5,332.0,10316.5,29.692983333333334,16765.983333333334,2009-01-14,14,2,Wednesday,0,1,Jan,2009,1,14,36.376666666666665,34.6712,31.08182142857143
2009-01-15,1564.068,1.0861583333333333,5.348,0.204,1.0376146282113838,0.08024027777777779,243.02127777777778,4.520555555555556,2731.0,390.0,9561.0,26.0678,13385.8,2009-01-15,15,3,Thursday,0,1,Jan,2009,1,15,29.692983333333334,27.221166666666665,30.91705476190476
2009-01-16,2766.554,1.9212180555555556,8.108,0.256,1.7951915288091396,0.12494444444444444,242.56897222222221,8.040555555555555,5811.0,3158.0,15220.0,46.109233333333336,21920.233333333337,2009-01-16,16,4,Friday,0,1,Jan,2009,1,16,26.0678,29.8117,33.245273809523816
2009-01-17,3317.82,2.304041666666667,6.738,0.3,1.0700593417133688,0.11426666666666667,241.63154166666666,9.578888888888889,2477.0,3154.0,15322.0,55.297000000000004,34344.00000000001,2009-01-17,17,5,Saturday,1,1,Jan,2009,1,17,46.109233333333336,35.04913333333333,36.1378261904762
2009-01-18,3154.194,2.1904125,7.594,0.212,1.7308867653382791,0.14572222222222223,242.64408333333333,9.167638888888888,5649.0,6701.0,12727.0,52.5699,27492.899999999994,2009-01-18,18,6,Sunday,1,1,Jan,2009,1,18,55.297000000000004,32.93313333333334,38.943078571428565
2009-01-19,1699.866,1.1804625,6.15,0.214,1.0682418436551664,0.08282916666666666,243.1261736111111,4.924444444444444,1118.0,376.0,10279.0,28.3311,16558.1,2009-01-19,19,0,Monday,0,1,Jan,2009,1,19,52.5699,26.48796666666667,39.206383333333335
2009-01-20,1738.028,1.206963888888889,5.848,0.2,0.7598860481679434,0.09297222222222222,243.39985416666664,4.979722222222223,0.0,282.0,13727.0,28.967133333333333,14958.133333333331,2009-01-20,20,1,Tuesday,0,1,Jan,2009,1,20,28.3311,36.376666666666665,38.14787857142857
2009-01-21,1739.434,1.2079402777777777,6.08,0.206,1.0028567474552545,0.08891944444444445,244.10518749999997,4.992916666666667,1148.0,2159.0,9830.0,28.990566666666666,15853.566666666666,2009-01-21,21,2,Wednesday,0,1,Jan,2009,1,21,28.967133333333333,29.692983333333334,38.047533333333334
2009-01-22,1237.356,0.859275,3.43,0.256,0.6741768960839158,0.08027777777777777,244.00635416666668,3.5900000000000003,0.0,341.0,8246.0,20.6226,12035.599999999999,2009-01-22,22,3,Thursday,0,1,Jan,2009,1,22,28.990566666666666,26.0678,37.269647619047625
2009-01-23,1910.536,1.326761111111111,5.952,0.266,0.9829697192448027,0.08770694444444445,242.76895138888887,5.530833333333333,2078.0,295.0,12146.0,31.842266666666667,17323.266666666666,2009-01-23,23,4,Friday,0,1,Jan,2009,1,23,20.6226,46.109233333333336,35.23150952380952
2009-01-24,2200.77,1.5283125,8.556,0.214,1.560286547197065,0.11803749999999999,243.25075694444448,6.391111111111112,5096.0,4492.0,8322.0,36.6795,18769.5,2009-01-24,24,5,Saturday,1,1,Jan,2009,1,24,31.842266666666667,55.297000000000004,32.571866666666665
2009-01-25,2843.664,1.9747666666666668,9.59,0.212,1.2931214916692149,0.10261527777777778,242.54399305555555,8.151388888888889,3971.0,5960.0,11213.0,47.394400000000005,26250.4,2009-01-25,25,6,Sunday,1,1,Jan,2009,1,25,36.6795,52.5699,31.832509523809524
2009-01-26,1674.472,1.1628277777777778,4.316,0.21,0.8503512405508596,0.07866388888888888,243.20027083333335,4.834444444444444,1121.0,348.0,9821.0,27.907866666666667,16617.86666666667,2009-01-26,26,0,Monday,0,1,Jan,2009,1,26,47.394400000000005,28.3311,31.77204761904762
2009-01-27,1425.03,0.9896041666666666,5.12,0.288,0.814773889419073,0.09419166666666666,243.9376041666667,4.167916666666667,896.0,278.0,6608.0,23.7505,15968.5,2009-01-27,27,1,Tuesday,0,1,Jan,2009,1,27,27.907866666666667,28.967133333333333,31.026814285714288
2009-01-28,2721.734,1.8900930555555555,6.87,0.214,1.4120894713660495,0.08056944444444444,243.03222222222223,7.830972222222223,2301.0,6949.0,14285.0,45.36223333333333,21827.23333333333,2009-01-28,28,2,Wednesday,0,1,Jan,2009,1,28,23.7505,28.990566666666666,33.365623809523804
2009-01-29,1573.698,1.0928458333333333,4.608,0.218,0.7163485151224493,0.07243472222222222,243.36284722222223,4.532638888888889,0.0,294.0,8996.0,26.2283,16938.3,2009-01-29,29,3,Thursday,0,1,Jan,2009,1,29,45.36223333333333,20.6226,34.1664380952381
2009-01-30,2059.038,1.4298875,5.46,0.23,0.9993562659703795,0.0833986111111111,244.28983333333332,5.917916666666666,1622.0,280.0,12147.0,34.3173,20268.300000000003,2009-01-30,30,4,Friday,0,1,Jan,2009,1,30,26.2283,31.842266666666667,34.52001428571428
2009-01-31,3312.852,2.3005916666666666,7.164,0.222,1.724500682666441,0.1657722222222222,242.47138194444443,9.633194444444444,8278.0,6575.0,15309.0,55.2142,25052.199999999997,2009-01-31,31,5,Saturday,1,1,Jan,2009,1,31,34.3173,36.6795,37.16782857142857
2009-02-01,1847.17,1.2827569444444444,6.56,0.212,1.0970161008842583,0.10559166666666667,244.80642361111111,5.3694444444444445,3330.0,622.0,7494.0,30.786166666666666,19340.166666666668,2009-02-01,1,6,Sunday,1,2,Feb,2009,1,32,55.2142,47.394400000000005,34.795223809523804
2009-02-02,1603.3,1.1134027777777777,7.17,0.206,0.9666759269443741,0.07401944444444444,244.8748263888889,4.581111111111111,1159.0,232.0,10915.0,26.721666666666668,14415.666666666668,2009-02-02,2,0,Monday,0,2,Feb,2009,1,33,30.786166666666666,27.907866666666667,34.62576666666667
2009-02-03,1868.39,1.2974930555555557,6.102,0.212,0.7941485525452824,0.08542361111111112,244.3027222222222,5.3438888888888885,703.0,878.0,14984.0,31.139833333333335,14574.833333333336,2009-02-03,3,1,Tuesday,0,2,Feb,2009,1,34,26.721666666666668,23.7505,35.68138571428571
2009-02-04,2460.924,1.708975,7.918,0.208,1.3545102767107684,0.10528055555555557,244.68669444444447,7.041388888888889,871.0,6961.0,15960.0,41.0154,17223.4,2009-02-04,4,2,Wednesday,0,2,Feb,2009,1,35,31.139833333333335,45.36223333333333,35.060409523809525
2009-02-05,1649.088,1.1452,6.066,0.214,0.7932188478933361,0.08485277777777778,243.85506249999997,4.7625,1104.0,264.0,12987.0,27.4848,13129.8,2009-02-05,5,3,Thursday,0,2,Feb,2009,1,36,41.0154,26.2283,35.23990952380952
2009-02-06,2048.396,1.4224972222222223,5.702,0.254,0.9581105319920918,0.08810555555555556,243.28893055555557,5.921666666666667,1165.0,273.0,11716.0,34.13993333333334,20985.93333333334,2009-02-06,6,4,Friday,0,2,Feb,2009,1,37,27.4848,34.3173,35.21457142857143
2009-02-07,3131.536,2.1746777777777777,6.442,0.21,1.5687035875016366,0.128225,242.05092361111113,9.080972222222222,6822.0,4483.0,17873.0,52.19226666666667,23014.26666666667,2009-02-07,7,5,Saturday,1,2,Feb,2009,1,38,34.13993333333334,55.2142,34.78286666666667
2009-02-08,2182.866,1.5158791666666667,6.266,0.214,1.261267707508393,0.09306944444444445,243.35456944444445,6.329583333333334,5341.0,259.0,15174.0,36.381099999999996,15607.099999999999,2009-02-08,8,6,Sunday,1,2,Feb,2009,1,39,52.19226666666667,30.786166666666666,35.58214285714286
2009-02-09,1706.638,1.1851652777777777,6.098,0.214,0.9515104150528545,0.09347777777777778,243.3219861111111,4.9655555555555555,1063.0,228.0,9375.0,28.443966666666665,17777.966666666664,2009-02-09,9,0,Monday,0,2,Feb,2009,1,40,36.381099999999996,26.721666666666668,35.828185714285716
2009-02-10,1943.8220000000001,1.349876388888889,4.77,0.214,0.7768819835717312,0.08043888888888888,243.15777083333333,5.5841666666666665,1128.0,263.0,12339.0,32.39703333333333,18667.033333333333,2009-02-10,10,1,Tuesday,0,2,Feb,2009,1,41,28.443966666666665,31.139833333333335,36.00778571428572
2009-02-11,2639.39,1.8329097222222221,7.852,0.216,1.6755869228339433,0.1662236111111111,242.09756249999998,7.73125,2985.0,10477.0,12195.0,43.98983333333333,18332.83333333333,2009-02-11,11,2,Wednesday,0,2,Feb,2009,1,42,32.39703333333333,41.0154,36.432704761904766
2009-02-12,1968.66,1.3671250000000001,5.844,0.222,0.9859606708210202,0.08283611111111111,242.91152777777776,5.682638888888889,1109.0,299.0,17724.0,32.811,13679.0,2009-02-12,12,3,Thursday,0,2,Feb,2009,1,43,43.98983333333333,27.4848,37.19359047619048
2009-02-13,1690.022,1.173626388888889,5.406,0.214,0.8931490474634486,0.07582361111111112,241.69333333333336,4.891805555555555,1100.0,254.0,11554.0,28.167033333333332,15259.033333333333,2009-02-13,13,4,Friday,0,2,Feb,2009,1,44,32.811,34.13993333333334,36.34031904761905
2009-02-14,2335.316,1.621747222222222,6.286,0.212,1.0924312166374295,0.08247777777777777,241.9453472222222,6.728194444444445,2280.0,3256.0,18543.0,38.92193333333333,14842.933333333327,2009-02-14,14,5,Saturday,1,2,Feb,2009,1,45,28.167033333333332,52.19226666666667,34.44455714285714
2009-02-15,1586.032,1.1014111111111111,4.28,0.198,0.7121526355971188,0.07918194444444444,242.8439375,4.501388888888889,2465.0,226.0,5234.0,26.433866666666667,18508.86666666667,2009-02-15,15,6,Sunday,1,2,Feb,2009,1,46,38.92193333333333,36.381099999999996,33.02352380952381
2009-02-16,1318.994,0.9159680555555555,4.422,0.204,0.7732445736155028,0.07764305555555555,242.14300694444444,3.8281944444444447,0.0,261.0,7037.0,21.98323333333333,14685.23333333333,2009-02-16,16,0,Monday,0,2,Feb,2009,1,47,26.433866666666667,28.443966666666665,32.1005619047619
2009-02-17,794.778,0.5519291666666667,2.586,0.198,0.5029479675933924,0.08254027777777778,242.26856249999997,2.303888888888889,0.0,278.0,3925.0,13.2463,9043.3,2009-02-17,17,1,Tuesday,0,2,Feb,2009,1,48,21.98323333333333,32.39703333333333,29.364742857142858
2009-02-18,826.45,0.5739236111111111,1.582,0.198,0.42602439645811374,0.07851666666666667,242.23109722222225,2.3558333333333334,0.0,297.0,5471.0,13.774166666666668,8006.166666666668,2009-02-18,18,2,Wednesday,0,2,Feb,2009,1,49,13.2463,43.98983333333333,25.048219047619046
2009-02-19,737.268,0.5119916666666667,2.764,0.284,0.4281988002997904,0.0690125,241.54959027777775,2.111527777777778,1046.0,262.0,1796.0,12.2878,9183.800000000001,2009-02-19,19,3,Thursday,0,2,Feb,2009,1,50,13.774166666666668,32.811,22.11633333333333
2009-02-20,1880.736,1.3060666666666667,6.322,0.218,1.0741065416528301,0.10210833333333333,240.19070833333333,5.535,2897.0,293.0,8768.0,31.3456,19387.600000000002,2009-02-20,20,4,Friday,0,2,Feb,2009,1,51,12.2878,28.167033333333332,22.570414285714286
2009-02-21,1316.184,0.9140166666666667,3.71,0.228,0.7329999851154774,0.10791805555555557,240.9543402777778,3.806666666666667,2111.0,262.0,3983.0,21.9364,15580.399999999998,2009-02-21,21,5,Saturday,1,2,Feb,2009,1,52,31.3456,38.92193333333333,20.143909523809523
2009-02-22,2238.478,1.5544986111111112,11.122,0.198,1.8630944120052861,0.12210277777777778,241.31630555555554,6.534722222222222,3816.0,8576.0,7133.0,37.307966666666665,17782.966666666667,2009-02-22,22,6,Sunday,1,2,Feb,2009,1,53,21.9364,26.433866666666667,21.697352380952378
2009-02-23,2733.656,1.8983722222222221,7.694,0.234,1.1071642873575998,0.0901388888888889,241.24088194444445,7.873055555555556,1212.0,3744.0,12471.0,45.56093333333333,28133.933333333334,2009-02-23,23,0,Monday,0,2,Feb,2009,1,54,37.307966666666665,21.98323333333333,25.065595238095234
2009-02-24,1783.144,1.2382944444444444,4.846,0.22,0.810117078659987,0.08565694444444445,240.8879236111111,5.167638888888889,0.0,1602.0,14512.0,29.719066666666667,13605.066666666666,2009-02-24,24,1,Tuesday,0,2,Feb,2009,1,55,45.56093333333333,13.2463,27.418847619047618
2009-02-25,1169.844,0.8123916666666667,6.29,0.206,0.8090030907014005,0.07852083333333333,241.2019652777778,3.4125,1092.0,274.0,7359.0,19.497400000000003,10772.400000000001,2009-02-25,25,2,Wednesday,0,2,Feb,2009,1,56,29.719066666666667,13.774166666666668,28.236452380952382
2009-02-26,1156.852,0.8033694444444445,2.884,0.208,0.6341299706176556,0.07819444444444444,240.73236805555555,3.3630555555555555,0.0,268.0,6841.0,19.280866666666668,12171.866666666669,2009-02-26,26,3,Thursday,0,2,Feb,2009,1,57,19.497400000000003,12.2878,29.235461904761905
2009-02-27,2028.918,1.4089708333333333,5.106,0.208,0.9288788128945968,0.14035833333333333,240.96568750000003,5.903472222222222,1154.0,246.0,14831.0,33.8153,17584.300000000003,2009-02-27,27,4,Friday,0,2,Feb,2009,1,58,19.280866666666668,31.3456,29.58827619047619
2009-02-28,1630.75,1.1324652777777777,6.788,0.268,1.0597681929733531,0.14763055555555554,242.3972777777778,4.834305555555555,1145.0,5358.0,8006.0,27.179166666666667,12670.166666666668,2009-02-28,28,5,Saturday,1,2,Feb,2009,1,59,33.8153,21.9364,30.337242857142858
2009-03-01,2472.521,1.7170284722222224,6.714,0.256,1.6382224153948228,0.13154791666666668,242.14014236111112,7.230555555555555,11224.0,2740.5,8852.0,41.20868333333333,18392.183333333334,2009-03-01,1,6,Sunday,1,3,Mar,2009,1,60,27.179166666666667,37.307966666666665,30.894488095238096
2009-03-02,1477.442,1.0260013888888888,4.578,0.264,0.816405295591209,0.09400277777777778,242.24184722222222,4.401111111111112,1560.0,310.0,6684.0,24.624033333333333,16070.033333333333,2009-03-02,2,0,Monday,0,3,Mar,2009,1,61,41.20868333333333,45.56093333333333,27.903502380952382
2009-03-03,1848.952,1.2839944444444444,8.31,0.258,0.93948497118791,0.08882222222222222,242.89735416666667,5.347083333333334,1159.0,268.0,13024.0,30.81586666666667,16364.866666666669,2009-03-03,3,1,Tuesday,0,3,Mar,2009,1,62,24.624033333333333,29.719066666666667,28.060188095238097
2009-03-04,1842.13,1.2792569444444446,4.992,0.254,1.0105539969599626,0.08988472222222223,242.3844861111111,5.397222222222222,2214.0,2570.0,8393.0,30.702166666666667,17525.166666666668,2009-03-04,4,2,Wednesday,0,3,Mar,2009,1,63,30.81586666666667,19.497400000000003,29.66086904761905
2009-03-05,1441.812,1.0012583333333334,5.194,0.298,0.7535963457501669,0.07809861111111112,241.67960416666668,4.253333333333334,0.0,271.0,9094.0,24.030199999999997,14665.199999999997,2009-03-05,5,3,Thursday,0,3,Mar,2009,1,64,30.702166666666667,19.280866666666668,30.339345238095234
2009-03-06,1783.474,1.238523611111111,5.726,0.26,0.9082167795695075,0.08955277777777777,240.79331249999998,5.2636111111111115,1144.0,265.0,12056.0,29.724566666666664,16259.566666666666,2009-03-06,6,4,Friday,0,3,Mar,2009,1,65,24.030199999999997,33.8153,29.754954761904763
2009-03-07,1696.466,1.1781013888888887,5.468,0.254,0.8699515044023831,0.10407361111111112,242.47164583333333,4.935972222222222,1055.0,811.0,12113.0,28.27443333333333,14295.43333333333,2009-03-07,7,5,Saturday,1,3,Mar,2009,1,66,29.724566666666664,27.179166666666667,29.91142142857143
2009-03-08,2357.166,1.6369208333333334,7.854,0.208,1.4638998831704613,0.1348513888888889,242.15979166666665,6.881805555555555,7253.0,5260.0,12691.0,39.286100000000005,14082.100000000006,2009-03-08,8,6,Sunday,1,3,Mar,2009,1,67,28.27443333333333,41.20868333333333,29.636766666666663
2009-03-09,1685.556,1.170525,4.758,0.22,0.8877919745427663,0.09447222222222222,242.48230555555557,4.904444444444445,2001.0,369.0,10336.0,28.0926,15386.600000000002,2009-03-09,9,0,Monday,0,3,Mar,2009,1,68,39.286100000000005,24.624033333333333,30.132276190476187
2009-03-10,1836.21,1.2751458333333334,5.542,0.268,0.7818418985040573,0.07979305555555556,241.8284375,5.340694444444445,0.0,281.0,11610.0,30.6035,18712.5,2009-03-10,10,1,Tuesday,0,3,Mar,2009,1,69,28.0926,30.81586666666667,30.101938095238097
2009-03-11,2405.904,1.6707666666666667,7.64,0.22,1.221433339758922,0.09530833333333333,241.8211736111111,7.027638888888888,3476.0,7288.0,10737.0,40.0984,18597.4,2009-03-11,11,2,Wednesday,0,3,Mar,2009,1,70,30.6035,30.702166666666667,31.444257142857143
2009-03-12,1887.26,1.3105972222222222,5.602,0.214,0.8801650195854179,0.09359166666666666,241.9984236111111,5.457916666666667,0.0,364.0,13655.0,31.454333333333334,17435.333333333336,2009-03-12,12,3,Thursday,0,3,Mar,2009,1,71,40.0984,24.030199999999997,32.504847619047624
2009-03-13,1445.52,1.0038333333333334,5.656,0.206,0.7431010320608461,0.09630833333333333,242.75730555555558,4.171388888888889,1082.0,311.0,10466.0,24.092,12233.0,2009-03-13,13,4,Friday,0,3,Mar,2009,1,72,31.454333333333334,29.724566666666664,31.700195238095237
2009-03-14,2149.028,1.4923805555555554,5.88,0.212,1.0030924052610477,0.1078125,242.17880555555556,6.186111111111111,2196.0,280.0,18036.0,35.81713333333333,15305.133333333331,2009-03-14,14,5,Saturday,1,3,Mar,2009,1,73,24.092,28.27443333333333,32.77772380952381
2009-03-15,1942.062,1.3486541666666665,7.166,0.214,1.1261704280707934,0.12343888888888889,241.77111111111114,5.69625,3478.0,5152.0,8353.0,32.3677,15384.7,2009-03-15,15,6,Sunday,1,3,Mar,2009,1,74,35.81713333333333,39.286100000000005,31.789380952380952
2009-03-16,1338.125,0.9292534722222222,4.322,0.214,0.797913050348008,0.08290902777777777,242.4094548611111,3.855208333333333,0.0,306.0,9291.0,22.302083333333332,12705.083333333332,2009-03-16,16,0,Monday,0,3,Mar,2009,1,75,32.3677,28.0926,30.962164285714287
2009-03-17,1931.91,1.3416041666666667,7.88,0.21,1.1083166816549352,0.16318888888888888,241.95642361111112,5.649305555555555,1110.0,3952.0,12320.0,32.1985,14816.500000000004,2009-03-17,17,1,Tuesday,0,3,Mar,2009,1,76,22.302083333333332,30.6035,31.19002142857143
2009-03-18,1450.68,1.0074166666666666,5.724,0.212,0.7833757805935603,0.08465694444444445,242.84061805555555,4.181111111111111,1123.0,375.0,12101.0,24.178,10579.0,2009-03-18,18,2,Wednesday,0,3,Mar,2009,1,77,32.1985,40.0984,28.915678571428575
2009-03-19,1191.532,0.8274527777777777,4.296,0.214,0.5557656707127561,0.08084166666666667,242.7762777777778,3.4248611111111114,0.0,314.0,9458.0,19.858866666666664,10086.866666666665,2009-03-19,19,3,Thursday,0,3,Mar,2009,1,78,24.178,31.454333333333334,27.259183333333333
2009-03-20,1463.906,1.016601388888889,6.028,0.214,0.8487459756607351,0.09030416666666667,242.9164861111111,4.217777777777778,1083.0,308.0,10618.0,24.398433333333333,12389.433333333334,2009-03-20,20,4,Friday,0,3,Mar,2009,1,79,19.858866666666664,24.092,27.302959523809527
2009-03-21,1930.022,1.3402930555555554,7.502,0.212,1.2363190293818924,0.1372611111111111,242.58272222222223,5.671805555555555,5420.0,682.0,10266.0,32.16703333333333,15799.03333333333,2009-03-21,21,5,Saturday,1,3,Mar,2009,1,80,24.398433333333333,35.81713333333333,26.78151666666667
2009-03-22,1689.17,1.1730347222222224,5.182,0.218,1.070705811213013,0.09047222222222222,241.52761111111113,4.950555555555556,2017.0,3778.0,9015.0,28.152833333333334,13342.833333333332,2009-03-22,22,6,Sunday,1,3,Mar,2009,1,81,32.16703333333333,32.3677,26.179392857142854
2009-03-23,1296.45,0.9003125000000001,5.12,0.262,0.7852827287826922,0.08341805555555555,242.05365277777778,3.7894444444444444,1078.0,310.0,5999.0,21.6075,14220.5,2009-03-23,23,0,Monday,0,3,Mar,2009,1,82,28.152833333333334,22.302083333333332,26.080166666666667
2009-03-24,1661.712,1.1539666666666666,5.848,0.222,1.0191091991019574,0.10196944444444446,242.4840972222222,4.8943055555555555,1710.0,352.0,10149.0,27.6952,15484.2,2009-03-24,24,1,Tuesday,0,3,Mar,2009,1,83,21.6075,32.1985,25.436838095238095
2009-03-25,1838.7740000000001,1.2769263888888889,6.584,0.196,1.0568836722799313,0.1347472222222222,243.1130625,5.353055555555556,2780.0,3315.0,10287.0,30.646233333333335,14264.233333333334,2009-03-25,25,2,Wednesday,0,3,Mar,2009,1,84,27.6952,24.178,26.360871428571425
2009-03-26,1211.004,0.8409749999999999,3.638,0.21,0.7039188226600185,0.08315972222222222,242.93575694444445,3.5016666666666665,0.0,312.0,8596.0,20.1834,11275.399999999998,2009-03-26,26,3,Thursday,0,3,Mar,2009,1,85,30.646233333333335,19.858866666666664,26.407233333333334
2009-03-27,1713.926,1.1902263888888889,5.226,0.264,0.9032954238739813,0.12574583333333333,242.62864583333334,5.015138888888889,1103.0,526.0,9947.0,28.56543333333333,16989.43333333333,2009-03-27,27,4,Friday,0,3,Mar,2009,1,86,20.1834,24.398433333333333,27.002519047619046
2009-03-28,2260.976,1.5701222222222222,6.856,0.264,1.1898637697113812,0.19215277777777778,242.13561805555554,6.603333333333333,4527.0,327.0,12225.0,37.68293333333334,20603.93333333334,2009-03-28,28,5,Saturday,1,3,Mar,2009,1,87,28.56543333333333,32.16703333333333,27.790504761904764
2009-03-29,2216.65,1.5393402777777778,5.512,0.214,1.0109385703865137,0.09520416666666666,242.54856944444444,6.418333333333333,1611.0,4024.0,9502.0,36.94416666666667,21807.166666666664,2009-03-29,29,6,Sunday,1,3,Mar,2009,1,88,37.68293333333334,28.152833333333334,29.046409523809526
2009-03-30,1477.452,1.0260083333333334,4.554,0.262,0.8126799221966947,0.09119722222222224,242.72852083333333,4.304722222222223,1085.0,295.0,9901.0,24.6242,13343.199999999997,2009-03-30,30,0,Monday,0,3,Mar,2009,1,89,36.94416666666667,21.6075,29.477366666666665
2009-03-31,1823.482,1.2663069444444444,7.096,0.216,1.1028215617374586,0.095825,242.16790277777778,5.309027777777778,2202.0,2711.0,12958.0,30.391366666666666,12520.366666666665,2009-03-31,31,1,Tuesday,0,3,Mar,2009,1,90,24.6242,27.6952,29.862533333333335
2009-04-01,1641.14,1.1396805555555556,4.232,0.212,1.0347179588573405,0.0993388888888889,242.90603472222222,4.807916666666666,2807.0,2364.0,7309.0,27.352333333333334,14872.333333333336,2009-04-01,1,2,Wednesday,0,4,Apr,2009,2,91,30.391366666666666,30.646233333333335,29.39197619047619
2009-04-02,1644.334,1.1418986111111111,4.76,0.264,0.8238125732232486,0.08664027777777777,242.2396388888889,4.761388888888889,1128.0,324.0,13500.0,27.40556666666667,12453.56666666667,2009-04-02,2,3,Thursday,0,4,Apr,2009,2,92,27.352333333333334,20.1834,30.423714285714286
2009-04-03,1363.26,0.9467083333333334,5.736,0.262,0.7223003546262864,0.09208194444444445,241.8118888888889,3.982916666666666,0.0,326.0,8556.0,22.721,13839.0,2009-04-03,3,4,Friday,0,4,Apr,2009,2,93,27.40556666666667,28.56543333333333,29.58879523809524
2009-04-04,2191.232,1.5216888888888889,5.124,0.296,1.063410066978179,0.13870000000000002,241.45065277777778,6.396527777777778,2699.0,4172.0,16251.0,36.52053333333333,13398.533333333333,2009-04-04,4,5,Saturday,1,4,Apr,2009,2,94,22.721,37.68293333333334,29.422738095238092
2009-04-05,1375.716,0.9553583333333333,6.502,0.264,0.9694261167824646,0.12709166666666666,242.31370833333332,4.112083333333333,3832.0,357.0,6503.0,22.9286,12236.599999999999,2009-04-05,5,6,Sunday,1,4,Apr,2009,2,95,36.52053333333333,36.94416666666667,27.420514285714287
2009-04-06,1452.634,1.0087736111111112,4.308,0.268,0.7252330473957322,0.09134722222222222,242.30114583333335,4.225555555555555,799.0,333.0,10141.0,24.21056666666667,12937.56666666667,2009-04-06,6,0,Monday,0,4,Apr,2009,2,96,22.9286,24.6242,27.36142380952381
2009-04-07,1440.092,1.0000638888888889,5.762,0.266,0.8758734324756198,0.10606388888888889,241.98941666666667,4.23125,1103.0,338.0,9121.0,24.001533333333334,13439.533333333333,2009-04-07,7,1,Tuesday,0,4,Apr,2009,2,97,24.21056666666667,30.391366666666666,26.448590476190475
2009-04-08,1534.6,1.0656944444444443,5.318,0.27,0.8612341491103642,0.11204861111111111,242.25972916666666,4.527916666666666,2131.0,2827.0,7968.0,25.576666666666664,12650.666666666664,2009-04-08,8,2,Wednesday,0,4,Apr,2009,2,98,24.001533333333334,27.352333333333334,26.19492380952381
2009-04-09,1890.472,1.3128277777777777,6.308,0.256,1.1600673164937483,0.12287222222222223,242.2968263888889,5.464583333333334,2682.0,366.0,13482.0,31.507866666666665,14977.866666666665,2009-04-09,9,3,Thursday,0,4,Apr,2009,2,99,25.576666666666664,27.40556666666667,26.780966666666664
2009-04-10,1842.114,1.2792458333333334,5.314,0.254,0.9907453175300823,0.11513333333333334,242.0344861111111,5.329166666666667,2057.0,2822.0,13828.0,30.701900000000002,11994.900000000001,2009-04-10,10,4,Friday,0,4,Apr,2009,2,100,31.507866666666665,22.721,27.92109523809524
2009-04-11,2462.446,1.7100319444444443,6.968,0.256,1.3150467795235805,0.17615694444444444,240.96925694444442,7.175277777777778,3661.0,4286.0,18233.0,41.04076666666666,14860.766666666663,2009-04-11,11,5,Saturday,1,4,Apr,2009,2,101,30.701900000000002,36.52053333333333,28.56684285714286
2009-04-12,2141.012,1.486813888888889,7.972,0.258,1.481480240855753,0.1956041666666667,240.4032986111111,6.332777777777778,7498.0,1504.0,12470.0,35.68353333333334,14211.53333333334,2009-04-12,12,6,Sunday,1,4,Apr,2009,2,102,41.04076666666666,22.9286,30.388976190476193
2009-04-13,1599.844,1.1110027777777778,6.272,0.314,1.0788538830002874,0.13888055555555556,241.13211805555557,4.735138888888889,1006.0,5648.0,6209.0,26.664066666666667,13801.066666666666,2009-04-13,13,0,Monday,0,4,Apr,2009,2,103,35.68353333333334,24.21056666666667,30.73947619047619
2009-04-14,1501.538,1.0427347222222223,6.254,0.31,0.9188598891802426,0.13095833333333334,241.4923263888889,4.435,888.0,2341.0,9478.0,25.025633333333335,12318.633333333335,2009-04-14,14,1,Tuesday,0,4,Apr,2009,2,104,26.664066666666667,24.001533333333334,30.88577619047619
2009-04-15,1216.062,0.8444875,4.718,0.306,0.7656577698635775,0.13255972222222223,241.32070833333333,3.6109722222222222,1880.0,463.0,5278.0,20.267699999999998,12646.699999999997,2009-04-15,15,2,Wednesday,0,4,Apr,2009,2,105,25.025633333333335,25.576666666666664,30.127352380952377
2009-04-16,1564.524,1.0864749999999999,6.188,0.306,0.940645251568371,0.12431666666666666,240.47604166666667,4.6241666666666665,2896.0,397.0,9809.0,26.0754,12973.399999999998,2009-04-16,16,3,Thursday,0,4,Apr,2009,2,106,20.267699999999998,31.507866666666665,29.351285714285716
2009-04-17,2042.81,1.4186180555555554,7.454,0.3,1.1003070384333458,0.11888750000000001,241.32772916666667,5.966944444444445,0.0,5224.0,7655.0,34.04683333333333,21167.83333333333,2009-04-17,17,4,Friday,0,4,Apr,2009,2,107,26.0754,30.701900000000002,29.829133333333328
2009-04-18,1512.266,1.0501847222222223,6.32,0.29,0.8121457140076649,0.10205416666666667,241.04625,4.428055555555555,1028.0,2613.0,10699.0,25.204433333333334,10864.433333333334,2009-04-18,18,5,Saturday,1,4,Apr,2009,2,108,34.04683333333333,41.04076666666666,27.5668
2009-04-19,1286.468,0.8933805555555556,6.322,0.244,0.8499241021813461,0.10666944444444446,242.6585347222222,3.7484722222222224,2201.0,376.0,8088.0,21.441133333333333,10776.133333333331,2009-04-19,19,6,Sunday,1,4,Apr,2009,2,109,25.204433333333334,35.68353333333334,25.532171428571424
2009-04-20,1486.51,1.0322986111111112,6.042,0.256,0.7661930490824618,0.11770972222222223,241.90455555555556,4.333333333333333,0.0,2644.0,10476.0,24.775166666666667,11655.166666666668,2009-04-20,20,0,Monday,0,4,Apr,2009,2,110,21.441133333333333,26.664066666666667,25.262328571428572
2009-04-21,1894.598,1.3156930555555555,6.72,0.252,0.9224972498854683,0.12689722222222222,240.64846527777777,5.535277777777778,1925.0,375.0,7380.0,31.576633333333334,21896.633333333335,2009-04-21,21,1,Tuesday,0,4,Apr,2009,2,111,24.775166666666667,25.025633333333335,26.198185714285717
2009-04-22,1496.198,1.0390263888888889,4.494,0.26,0.796487500484179,0.14160277777777777,241.27485416666664,4.372777777777778,1024.0,1203.0,13265.0,24.936633333333337,9444.633333333335,2009-04-22,22,2,Wednesday,0,4,Apr,2009,2,112,31.576633333333334,20.267699999999998,26.865176190476188
2009-04-23,1141.46,0.7926805555555556,5.716,0.302,0.7820254830814091,0.12184305555555557,241.49463888888891,3.402222222222222,1068.0,395.0,5511.0,19.024333333333335,12050.333333333336,2009-04-23,23,3,Thursday,0,4,Apr,2009,2,113,24.936633333333337,26.0754,25.857880952380953
2009-04-24,1194.048,0.8292,3.274,0.312,0.5512628035036964,0.12556944444444443,241.7900833333333,3.529861111111111,0.0,383.0,9677.0,19.9008,9840.8,2009-04-24,24,4,Friday,0,4,Apr,2009,2,114,19.024333333333335,34.04683333333333,23.837019047619044
2009-04-25,2022.284,1.404363888888889,6.12,0.26,1.1073233387752657,0.16360555555555556,240.50833333333333,5.936111111111111,2007.0,3901.0,13225.0,33.70473333333334,14571.733333333337,2009-04-25,25,5,Saturday,1,4,Apr,2009,2,115,19.9008,25.204433333333334,25.05134761904762
2009-04-26,1781.626,1.2372402777777778,7.016,0.286,1.0460679281953023,0.15945694444444444,241.8649236111111,5.242083333333333,3053.0,3017.0,10561.0,29.693766666666665,13062.766666666666,2009-04-26,26,6,Sunday,1,4,Apr,2009,2,116,33.70473333333334,21.441133333333333,26.230295238095238
2009-04-27,1351.628,0.9386305555555555,6.02,0.302,0.9078168711128396,0.11139444444444443,241.0012291666667,4.004166666666666,995.0,376.0,7021.0,22.52713333333333,14135.133333333331,2009-04-27,27,0,Monday,0,4,Apr,2009,2,117,29.693766666666665,24.775166666666667,25.90914761904762
2009-04-28,1706.386,1.1849902777777777,6.134,0.304,0.8594813633482343,0.11136527777777779,241.990125,5.059027777777778,2068.0,371.0,11469.0,28.439766666666667,14531.766666666666,2009-04-28,28,1,Tuesday,0,4,Apr,2009,2,118,22.52713333333333,31.576633333333334,25.461023809523812
2009-04-29,1664.68,1.1560277777777779,5.594,0.302,0.8793160550858161,0.09834444444444446,242.18654166666667,4.858472222222222,1043.0,2492.0,9372.0,27.744666666666667,14837.666666666668,2009-04-29,29,2,Wednesday,0,4,Apr,2009,2,119,28.439766666666667,24.936633333333337,25.86217142857143
2009-04-30,1834.762,1.2741402777777777,4.278,0.302,0.8322055726347396,0.09587222222222223,241.90433333333334,5.323888888888889,1027.0,363.0,15305.0,30.579366666666665,13884.366666666665,2009-04-30,30,3,Thursday,0,4,Apr,2009,2,120,27.744666666666667,19.024333333333335,27.512890476190478
2009-05-01,1512.802,1.0505569444444445,4.738,0.252,0.6615026029932841,0.13226527777777777,241.27309027777778,4.424166666666666,1067.0,1052.0,11709.0,25.213366666666666,11385.366666666665,2009-05-01,1,4,Friday,0,5,May,2009,2,121,30.579366666666665,19.9008,28.271828571428575
2009-05-02,1393.91,0.9679930555555556,5.726,0.252,0.7448225947556114,0.12473611111111112,241.8829027777778,4.077500000000001,1430.0,374.0,9760.0,23.231833333333334,11667.833333333336,2009-05-02,2,5,Saturday,1,5,May,2009,2,122,25.213366666666666,33.70473333333334,26.7757
2009-05-03,1608.878,1.1172763888888888,7.856,0.236,1.2608658182113825,0.12479027777777778,242.06633333333335,4.7619444444444445,3207.0,2593.0,7226.0,26.814633333333333,13788.633333333331,2009-05-03,3,6,Sunday,1,5,May,2009,2,123,23.231833333333334,29.693766666666665,26.364395238095238
2009-05-04,1667.882,1.158251388888889,5.192,0.25,0.8603290193529497,0.10142777777777778,241.43522916666666,4.841388888888889,1007.0,411.0,11374.0,27.798033333333333,15006.033333333333,2009-05-04,4,0,Monday,0,5,May,2009,2,124,26.814633333333333,22.52713333333333,27.11738095238095
2009-05-05,1731.474,1.2024124999999999,4.288,0.246,0.92331212680916,0.09855138888888888,240.81849305555556,5.057222222222222,1049.0,5539.0,10166.0,28.857899999999997,12103.899999999998,2009-05-05,5,1,Tuesday,0,5,May,2009,2,125,27.798033333333333,28.439766666666667,27.177114285714282
2009-05-06,1349.902,0.9374319444444444,4.604,0.256,0.7289745419334226,0.1016513888888889,240.8967152777778,3.969722222222222,1038.0,1797.0,9058.0,22.498366666666666,10605.366666666665,2009-05-06,6,2,Wednesday,0,5,May,2009,2,126,28.857899999999997,27.744666666666667,26.427642857142853
2009-05-07,1012.648,0.7032277777777778,4.288,0.244,0.5406384955102442,0.09375555555555556,241.1735138888889,2.972777777777778,0.0,374.0,7992.0,16.877466666666667,8511.466666666667,2009-05-07,7,3,Thursday,0,5,May,2009,2,127,22.498366666666666,30.579366666666665,24.47022857142857
2009-05-08,1857.156,1.2896916666666667,4.5,0.25,0.927349298861373,0.10755694444444444,240.82481249999998,5.417777777777778,2226.0,848.0,15426.0,30.9526,12452.599999999999,2009-05-08,8,4,Friday,0,5,May,2009,2,128,16.877466666666667,25.213366666666666,25.290119047619047
2009-05-09,1261.352,0.8759388888888889,4.682,0.304,0.6975218452108636,0.12707222222222223,241.57422916666667,3.7644444444444445,2090.0,382.0,6605.0,21.022533333333335,11945.533333333336,2009-05-09,9,5,Saturday,1,5,May,2009,2,129,30.9526,23.231833333333334,24.97450476190476
2009-05-10,1967.892,1.3665916666666666,6.012,0.268,1.249537389838014,0.14242222222222223,241.07,5.843888888888889,4300.0,6670.0,8696.0,32.7982,13132.200000000004,2009-05-10,10,6,Sunday,1,5,May,2009,2,130,21.022533333333335,26.814633333333333,25.829299999999996
2009-05-11,1517.176,1.0535944444444445,5.33,0.25,0.9462554926498902,0.11002777777777778,240.25132638888888,4.4309722222222225,1035.0,457.0,11009.0,25.286266666666666,12785.266666666666,2009-05-11,11,0,Monday,0,5,May,2009,2,131,32.7982,27.798033333333333,25.470476190476194
2009-05-12,1625.956,1.1291361111111111,6.34,0.314,0.8792873122195694,0.10418194444444444,240.3767777777778,4.768888888888889,0.0,2713.0,11335.0,27.099266666666665,13051.266666666666,2009-05-12,12,1,Tuesday,0,5,May,2009,2,132,25.286266666666666,28.857899999999997,25.21924285714286
2009-05-13,1246.398,0.8655541666666666,5.408,0.298,0.748665424500325,0.11914305555555556,240.63597916666666,3.7073611111111116,1419.0,553.0,7127.0,20.7733,11674.3,2009-05-13,13,2,Wednesday,0,5,May,2009,2,133,27.099266666666665,22.498366666666666,24.97280476190476
2009-05-14,1606.984,1.115961111111111,7.396,0.228,1.1482464782698376,0.10549305555555555,240.05952083333335,4.805694444444445,0.0,4065.0,11499.0,26.783066666666667,11219.066666666666,2009-05-14,14,3,Thursday,0,5,May,2009,2,134,20.7733,16.877466666666667,26.387890476190478
2009-05-15,1422.226,0.9876569444444445,5.256,0.208,0.7831805020366416,0.09760138888888889,240.95720138888888,4.182777777777778,1382.0,494.0,12195.0,23.70376666666667,9632.76666666667,2009-05-15,15,4,Friday,0,5,May,2009,2,135,26.783066666666667,30.9526,25.352342857142855
2009-05-16,2007.378,1.3940124999999999,6.732,0.144,1.0949509379329263,0.12951527777777777,239.98875694444445,5.885416666666667,1705.0,4820.0,12265.0,33.4563,14666.299999999996,2009-05-16,16,5,Saturday,1,5,May,2009,2,136,23.70376666666667,21.022533333333335,27.12859523809524
2009-05-17,1543.764,1.0720583333333333,6.54,0.246,1.0413499187597341,0.1572638888888889,240.30072916666666,4.605416666666667,2555.0,1926.0,7168.0,25.7294,14080.399999999998,2009-05-17,17,6,Sunday,1,5,May,2009,2,137,33.4563,32.7982,26.118766666666666
2009-05-18,1209.906,0.8402124999999999,5.016,0.234,0.7769430317711777,0.10733333333333334,240.9586736111111,3.518194444444444,763.0,374.0,8971.0,20.1651,10057.099999999999,2009-05-18,18,0,Monday,0,5,May,2009,2,138,25.7294,25.286266666666666,25.387171428571428
2009-05-19,1617.344,1.1231555555555557,5.458,0.244,0.909448718137072,0.13116944444444442,240.9929375,4.701527777777778,3253.0,792.0,10981.0,26.955733333333335,11929.733333333334,2009-05-19,19,1,Tuesday,0,5,May,2009,2,139,20.1651,27.099266666666665,25.366666666666667
2009-05-20,1307.162,0.907751388888889,5.39,0.248,0.741865632307056,0.12665416666666668,241.31970833333332,3.8394444444444447,1061.0,1889.0,9470.0,21.786033333333332,9366.033333333333,2009-05-20,20,2,Wednesday,0,5,May,2009,2,140,26.955733333333335,20.7733,25.51134285714286
2009-05-21,1575.15,1.0938541666666668,5.744,0.226,0.8713411122089754,0.14749722222222222,241.01910416666666,4.608472222222222,1553.0,1278.0,12563.0,26.2525,10858.5,2009-05-21,21,3,Thursday,0,5,May,2009,2,141,21.786033333333332,26.783066666666667,25.435547619047618
2009-05-22,1074.806,0.7463930555555556,4.59,0.23,0.6049968840371149,0.16475138888888888,241.9665347222222,3.200972222222222,982.0,1207.0,8078.0,17.913433333333334,7646.433333333334,2009-05-22,22,4,Friday,0,5,May,2009,2,142,26.2525,23.70376666666667,24.60835714285714
2009-05-23,1530.598,1.0629152777777777,4.284,0.23,0.7565521245817063,0.13420138888888888,240.56841666666668,4.4944444444444445,480.0,1844.0,12579.0,25.509966666666667,10606.966666666667,2009-05-23,23,5,Saturday,1,5,May,2009,2,143,17.913433333333334,33.4563,23.473166666666664
2009-05-24,1287.786,0.8942958333333334,5.078,0.224,0.7888913544512113,0.12305555555555554,242.01796527777776,3.7705555555555557,45.0,446.0,10256.0,21.4631,10716.100000000002,2009-05-24,24,6,Sunday,1,5,May,2009,2,144,25.509966666666667,25.7294,22.863695238095236
2009-05-25,1354.096,0.9403444444444444,4.62,0.22,0.7592524125476228,0.12719583333333334,238.4309027777778,4.001805555555555,920.0,966.0,9930.0,22.568266666666666,10752.266666666666,2009-05-25,25,0,Monday,0,5,May,2009,2,145,21.4631,20.1651,23.207004761904763
2009-05-26,1338.973,0.9298423611111111,4.084,0.21,0.7239516681869893,0.08802361111111111,231.79023263888888,4.040208333333333,1191.0,864.5,10100.0,22.316216666666666,10160.716666666667,2009-05-26,26,1,Tuesday,0,5,May,2009,2,146,22.568266666666666,26.955733333333335,22.544216666666667
2009-05-27,1544.292,1.072425,5.324,0.228,0.7986163033212554,0.0867375,231.14297222222223,4.673472222222222,1052.0,2355.0,11076.0,25.7382,11255.2,2009-05-27,27,2,Wednesday,0,5,May,2009,2,147,22.316216666666666,21.786033333333332,23.108811904761904
2009-05-28,1179.736,0.8192611111111112,4.978,0.208,0.7425953912430101,0.08943472222222222,233.70236111111112,3.512916666666667,1502.0,421.0,9049.0,19.662266666666667,8690.266666666666,2009-05-28,28,3,Thursday,0,5,May,2009,2,148,25.7382,26.2525,22.16735
2009-05-29,1242.846,0.8630875,4.798,0.23,0.6861254972939212,0.1021875,241.55870138888892,3.633472222222222,1005.0,434.0,10112.0,20.7141,9163.099999999999,2009-05-29,29,4,Friday,0,5,May,2009,2,149,19.662266666666667,17.913433333333334,22.56744523809524
2009-05-30,1659.106,1.1521569444444444,6.24,0.238,0.8715242853402558,0.16228333333333333,241.1634097222222,4.9030555555555555,2787.0,1707.0,11557.0,27.651766666666667,11600.766666666666,2009-05-30,30,5,Saturday,1,5,May,2009,2,150,20.7141,25.509966666666667,22.873416666666667
2009-05-31,956.89,0.6645069444444445,3.77,0.136,0.6991143379245626,0.13931666666666667,241.45614583333332,2.8866666666666667,1466.0,458.0,5720.0,15.948166666666667,8304.166666666668,2009-05-31,31,6,Sunday,1,5,May,2009,2,151,27.651766666666667,21.4631,22.08556904761905
2009-06-01,1443.26,1.0022638888888888,5.322,0.136,0.9698344326585504,0.15963611111111112,241.334125,4.31125,2789.0,461.0,11361.0,24.054333333333332,9443.333333333332,2009-06-01,1,0,Monday,0,6,Jun,2009,2,152,15.948166666666667,22.568266666666666,22.297864285714287
2009-06-02,1090.638,0.7573875,2.992,0.206,0.5994984652612468,0.15534444444444445,241.6302986111111,3.367777777777778,0.0,506.0,7892.0,18.1773,9779.3,2009-06-02,2,1,Tuesday,0,6,Jun,2009,2,153,24.054333333333332,22.316216666666666,21.706590476190478
2009-06-03,1356.578,0.9420680555555555,4.262,0.206,0.7709300815506672,0.13953194444444444,240.40592361111112,4.076666666666666,940.0,1370.0,11577.0,22.60963333333333,8722.633333333331,2009-06-03,3,2,Wednesday,0,6,Jun,2009,2,154,18.1773,25.7382,21.25965238095238
2009-06-04,1035.66,0.7192083333333333,4.892,0.134,0.7650101533616078,0.11434861111111111,240.0102013888889,3.083472222222222,1906.0,455.0,6905.0,17.261000000000003,7995.000000000004,2009-06-04,4,3,Thursday,0,6,Jun,2009,2,155,22.60963333333333,19.662266666666667,20.91661428571428
2009-06-05,1230.36,0.8544166666666666,4.19,0.19,0.5778804036693929,0.10899305555555555,239.86320833333335,3.65,0.0,456.0,12515.0,20.505999999999997,7534.999999999996,2009-06-05,5,4,Friday,0,6,Jun,2009,2,156,17.261000000000003,20.7141,20.886885714285714
2009-06-06,1475.45,1.0246180555555555,6.282,0.192,0.9430004211310511,0.16215000000000002,240.58184027777776,4.414305555555556,1769.0,2732.0,10611.0,24.590833333333332,9478.833333333332,2009-06-06,6,5,Saturday,1,6,Jun,2009,2,157,20.505999999999997,27.651766666666667,20.449609523809524
2009-06-07,1207.392,0.8384666666666667,8.76,0.164,0.96635919840785,0.15203472222222222,241.01856249999997,3.628888888888889,2077.0,1641.0,6034.0,20.1232,10371.2,2009-06-07,7,6,Sunday,1,6,Jun,2009,2,158,24.590833333333332,15.948166666666667,21.046042857142854
2009-06-08,1178.776,0.8185944444444445,5.106,0.232,0.7390831477876354,0.08983333333333335,240.0647291666667,3.5420833333333337,1024.0,432.0,8551.0,19.64626666666667,9639.26666666667,2009-06-08,8,0,Monday,0,6,Jun,2009,2,159,20.1232,24.054333333333332,20.416319047619048
2009-06-09,1332.85,0.9255902777777777,4.96,0.206,0.84167654683697,0.10721944444444444,240.9235138888889,3.957777777777778,1000.0,414.0,10695.0,22.214166666666664,10105.166666666664,2009-06-09,9,1,Tuesday,0,6,Jun,2009,2,160,19.64626666666667,18.1773,20.993014285714285
2009-06-10,1602.996,1.1131916666666668,5.322,0.208,0.9362095783718322,0.11056111111111111,240.7160833333333,4.733888888888889,1032.0,4745.0,9889.0,26.716600000000003,11050.600000000002,2009-06-10,10,2,Wednesday,0,6,Jun,2009,2,161,22.214166666666664,22.60963333333333,21.57972380952381
2009-06-11,1300.65,0.9032291666666667,4.732,0.314,0.6142867683387635,0.11106388888888888,241.17605555555556,3.8533333333333335,0.0,472.0,10610.0,21.677500000000002,10595.500000000004,2009-06-11,11,3,Thursday,0,6,Jun,2009,2,162,26.716600000000003,17.261000000000003,22.210652380952382
2009-06-12,1101.732,0.7650916666666666,4.524,0.292,0.6463833009263701,0.10604444444444446,240.9373402777778,3.265972222222222,1009.0,460.0,7137.0,18.362199999999998,9756.199999999997,2009-06-12,12,4,Friday,0,6,Jun,2009,2,163,21.677500000000002,20.505999999999997,21.90439523809524
2009-06-13,1041.846557168784,0.7235045535894334,1.1170780399274047,0.254,0.22727891961007904,0.11941907768703366,240.84930956342004,3.000689655172414,0.0,1114.1061705989111,8710.451905626134,17.3641092861464,7539.551209921357,2009-06-13,13,5,Saturday,1,6,Jun,2009,2,164,18.362199999999998,24.590833333333332,20.872006088497105
2009-06-14,2180.3895462794917,1.5141594071385358,1.9106896551724137,1.117629159104658,0.22917547324266463,0.17004325468844525,239.54402903811254,6.297701149425287,0.0,512.0145190562613,23711.651542649728,36.33982577132486,12116.15970961887,2009-06-14,14,6,Sunday,1,6,Jun,2009,2,165,17.3641092861464,20.1232,23.188666912972085
2009-06-15,1698.444896551724,1.179475622605364,3.744,0.134,0.860167198018373,0.1712397509578544,240.06123778735633,4.992442528735632,916.0,379.37931034482756,16283.896551724138,28.307414942528734,10728.139080459769,2009-06-15,15,0,Monday,0,6,Jun,2009,2,166,36.33982577132486,19.64626666666667,24.42597380952381
2009-06-16,1508.792,1.047772222222222,6.866,0.136,0.9554821584778463,0.14735277777777778,240.83118055555556,4.484861111111111,2983.0,1221.0,13691.0,25.14653333333333,7251.533333333329,2009-06-16,16,1,Tuesday,0,6,Jun,2009,2,167,28.307414942528734,22.214166666666664,24.844883333333335
2009-06-17,988.016,0.6861222222222222,5.432,0.134,0.7282427346251528,0.13393055555555555,241.29550694444447,2.958888888888889,975.0,611.0,7193.0,16.466933333333333,7687.933333333334,2009-06-17,17,2,Wednesday,0,6,Jun,2009,2,168,25.14653333333333,26.716600000000003,23.380645238095237
2009-06-18,1165.7,0.8095138888888889,3.244,0.134,0.6000913271485001,0.11524583333333334,241.2962222222222,3.4075,0.0,461.0,11223.0,19.428333333333335,7744.333333333336,2009-06-18,18,3,Thursday,0,6,Jun,2009,2,169,16.466933333333333,21.677500000000002,23.059335714285712
2009-06-19,1086.866,0.7547680555555556,4.888,0.134,0.6999734783671038,0.11406944444444443,241.31758333333335,3.208472222222222,969.0,475.0,7737.0,18.114433333333334,8933.433333333334,2009-06-19,19,4,Friday,0,6,Jun,2009,2,170,19.428333333333335,18.362199999999998,23.02394047619047
2009-06-20,1107.1,0.7688194444444444,5.5,0.134,0.7447847346327741,0.12434444444444445,241.48458333333332,3.2494444444444444,0.0,2657.0,9159.0,18.451666666666664,6635.666666666664,2009-06-20,20,5,Saturday,1,6,Jun,2009,2,171,18.114433333333334,17.3641092861464,23.179305816264797
2009-06-21,855.142,0.5938486111111112,3.892,0.146,0.5921702484883331,0.11217083333333334,241.28675694444445,2.5322222222222224,1039.0,412.0,6002.0,14.252366666666667,6799.366666666667,2009-06-21,21,6,Sunday,1,6,Jun,2009,2,172,18.451666666666664,36.33982577132486,20.023954515599343
2009-06-22,1094.098,0.7597902777777777,4.096,0.134,0.6475978280939285,0.11258611111111111,241.20229166666667,3.2180555555555554,0.0,449.0,11148.0,18.234966666666665,6637.9666666666635,2009-06-22,22,0,Monday,0,6,Jun,2009,2,173,14.252366666666667,28.307414942528734,18.585033333333335
2009-06-23,1039.214,0.7216763888888889,4.098,0.134,0.7286249509236995,0.11380000000000001,241.21326388888886,3.0751388888888886,1010.0,1261.0,8186.0,17.32023333333333,6863.23333333333,2009-06-23,23,1,Tuesday,0,6,Jun,2009,2,174,18.234966666666665,25.14653333333333,17.466990476190478
2009-06-24,1534.874,1.0658847222222223,4.91,0.138,0.8870315171089507,0.13494583333333335,240.53718055555555,4.516111111111111,3059.0,1239.0,14275.0,25.581233333333333,7008.233333333334,2009-06-24,24,2,Wednesday,0,6,Jun,2009,2,175,17.32023333333333,16.466933333333333,18.769033333333333
2009-06-25,771.362,0.5356680555555555,4.558,0.134,0.5564280236198228,0.12775416666666667,241.17795138888889,2.313888888888889,0.0,495.0,6224.0,12.856033333333333,6137.033333333333,2009-06-25,25,3,Thursday,0,6,Jun,2009,2,176,25.581233333333333,19.428333333333335,17.830133333333333
2009-06-26,1277.322,0.8870291666666665,6.216,0.136,0.814717805557754,0.16587916666666666,240.54077083333334,3.8409722222222222,1826.0,538.0,9952.0,21.2887,8972.699999999997,2009-06-26,26,4,Friday,0,6,Jun,2009,2,177,12.856033333333333,18.114433333333334,18.2836
2009-06-27,1709.052,1.1868416666666666,5.076,0.152,0.9924482765285224,0.18862777777777778,241.81414583333333,5.028194444444445,2663.0,2432.0,13468.0,28.484199999999998,9921.199999999997,2009-06-27,27,5,Saturday,1,6,Jun,2009,2,178,21.2887,18.451666666666664,19.716819047619047
2009-06-28,1059.394,0.7356902777777777,3.592,0.152,0.6526154968293347,0.19293333333333335,241.83843055555556,3.2090277777777776,0.0,1421.0,6742.0,17.656566666666667,9493.566666666666,2009-06-28,28,6,Sunday,1,6,Jun,2009,2,179,28.484199999999998,14.252366666666667,20.203133333333334
2009-06-29,1010.134,0.7014819444444444,4.76,0.158,0.6671356181173177,0.16390694444444445,241.89382638888887,3.026388888888889,1794.0,598.0,6462.0,16.83556666666667,7981.566666666669,2009-06-29,29,0,Monday,0,6,Jun,2009,2,180,17.656566666666667,18.234966666666665,20.003219047619048
2009-06-30,1192.446,0.8280875,5.222,0.14,0.6714112966275255,0.19663194444444443,241.94360416666666,3.6422222222222222,582.0,1034.0,8989.0,19.8741,9269.099999999999,2009-06-30,30,1,Tuesday,0,6,Jun,2009,2,181,16.83556666666667,17.32023333333333,20.36805714285714
2009-07-01,1218.342,0.8460708333333334,3.644,0.186,0.6501294791523923,0.18454305555555556,241.80929861111113,3.6469444444444448,989.0,590.0,9747.0,20.3057,8979.7,2009-07-01,1,2,Wednesday,0,7,Jul,2009,3,182,19.8741,25.581233333333333,19.61440952380952
2009-07-02,1242.578,0.8629013888888889,5.174,0.184,0.7009656884997592,0.1918875,241.96674305555555,3.7150000000000003,637.0,603.0,8032.0,20.709633333333333,11437.633333333331,2009-07-02,2,3,Thursday,0,7,Jul,2009,3,183,20.3057,12.856033333333333,20.736352380952383
2009-07-03,864.148,0.6001027777777778,4.226,0.134,0.589570466363541,0.17083055555555557,241.92334722222222,2.6351388888888887,856.0,642.0,7371.0,14.402466666666667,5533.466666666667,2009-07-03,3,4,Friday,0,7,Jul,2009,3,184,20.709633333333333,21.2887,19.752604761904763
2009-07-04,1238.568,0.8601166666666666,5.156,0.136,0.7794188371453512,0.25965416666666663,241.14746527777777,3.8441666666666667,2084.0,2329.0,6791.0,20.6428,9438.800000000003,2009-07-04,4,5,Saturday,1,7,Jul,2009,3,185,14.402466666666667,28.484199999999998,18.632404761904763
2009-07-05,1410.736,0.9796777777777779,4.594,0.204,0.8722759581166565,0.266075,241.4445763888889,4.310277777777778,3215.0,1438.0,8014.0,23.51226666666667,10845.26666666667,2009-07-05,5,6,Sunday,1,7,Jul,2009,3,186,20.6428,17.656566666666667,19.468933333333332
2009-07-06,954.26,0.6626805555555555,5.13,0.134,0.6357500159142141,0.18817499999999998,241.76347222222225,2.9018055555555557,429.0,755.0,7142.0,15.904333333333334,7578.333333333334,2009-07-06,6,0,Monday,0,7,Jul,2009,3,187,23.51226666666667,16.83556666666667,19.335900000000002
2009-07-07,1110.136,0.7709277777777778,5.398,0.136,0.843162939073395,0.17822083333333333,241.64100694444443,3.4037499999999996,1292.0,3619.0,5704.0,18.502266666666667,7887.266666666666,2009-07-07,7,1,Tuesday,0,7,Jul,2009,3,188,15.904333333333334,19.8741,19.13992380952381
2009-07-08,1234.4,0.8572222222222223,5.928,0.186,0.7997812352420074,0.15360833333333332,241.60375000000002,3.6909722222222223,0.0,3514.0,9308.0,20.573333333333334,7751.333333333336,2009-07-08,8,2,Wednesday,0,7,Jul,2009,3,189,18.502266666666667,20.3057,19.178157142857142
2009-07-09,846.252,0.587675,5.484,0.184,0.5050995649033979,0.13517500000000002,242.59112499999998,2.6118055555555557,0.0,656.0,4783.0,14.104199999999999,8665.199999999999,2009-07-09,9,3,Thursday,0,7,Jul,2009,3,190,20.573333333333334,20.709633333333333,18.23452380952381
2009-07-10,1192.7259999999999,0.8282819444444444,3.904,0.142,0.8180242377827862,0.1514986111111111,242.24482638888887,3.527083333333333,988.0,2624.0,7494.0,19.878766666666664,8772.766666666663,2009-07-10,10,4,Friday,0,7,Jul,2009,3,191,14.104199999999999,14.402466666666667,19.01685238095238
2009-07-11,993.968,0.6902555555555555,4.512,0.128,0.693315087784019,0.17324444444444445,242.21479166666666,3.018194444444444,981.0,683.0,7756.0,16.566133333333333,7146.133333333331,2009-07-11,11,5,Saturday,1,7,Jul,2009,3,192,19.878766666666664,20.6428,18.43447142857143
2009-07-12,513.478,0.3565819444444444,2.122,0.128,0.3420936685493315,0.13297222222222221,242.3049375,1.6009722222222222,0.0,589.0,4060.0,8.557966666666665,3908.9666666666653,2009-07-12,12,6,Sunday,1,7,Jul,2009,3,193,16.566133333333333,23.51226666666667,16.298142857142857
2009-07-13,496.746,0.3449625,1.918,0.128,0.32298717584057496,0.13647638888888888,242.5475138888889,1.5625,0.0,594.0,3881.0,8.2791,3804.1000000000004,2009-07-13,13,0,Monday,0,7,Jul,2009,3,194,8.557966666666665,15.904333333333334,15.208823809523807
2009-07-14,911.43,0.6329374999999999,4.432,0.128,0.738734869925456,0.18512083333333335,242.2053888888889,2.8152777777777778,2303.0,618.0,6155.0,15.190499999999998,6114.499999999998,2009-07-14,14,1,Tuesday,0,7,Jul,2009,3,195,8.2791,18.502266666666667,14.735714285714284
2009-07-15,718.074,0.49866249999999995,4.228,0.122,0.5506785478679928,0.13173055555555557,241.92689583333333,2.1675,878.0,932.0,5820.0,11.967899999999998,4337.899999999998,2009-07-15,15,2,Wednesday,0,7,Jul,2009,3,196,15.190499999999998,20.573333333333334,13.506366666666665
2009-07-16,599.554,0.41635694444444443,2.362,0.142,0.3395121756202708,0.1800875,242.11697916666668,1.876111111111111,0.0,1724.0,3902.0,9.992566666666667,4366.5666666666675,2009-07-16,16,3,Thursday,0,7,Jul,2009,3,197,11.967899999999998,14.104199999999999,12.918990476190475
2009-07-17,731.808,0.5082,2.062,0.138,0.44578506492924175,0.12439861111111113,241.59461805555554,2.1952777777777777,0.0,626.0,6670.0,12.1968,4900.799999999999,2009-07-17,17,4,Friday,0,7,Jul,2009,3,198,9.992566666666667,19.878766666666664,11.821566666666667
2009-07-18,966.41,0.6711180555555555,2.63,0.138,0.5160277612720499,0.1516236111111111,242.00627777777777,2.884861111111111,0.0,663.0,5389.0,16.106833333333334,10054.833333333334,2009-07-18,18,5,Saturday,1,7,Jul,2009,3,199,12.1968,16.566133333333333,11.75595238095238
2009-07-19,1203.644,0.8358638888888889,3.492,0.122,0.639083541473869,0.18003472222222222,242.04660416666667,3.5258333333333334,0.0,598.0,5058.0,20.060733333333335,14404.733333333334,2009-07-19,19,6,Sunday,1,7,Jul,2009,3,200,16.106833333333334,8.557966666666665,13.399204761904764
2009-07-20,662.486,0.4600597222222222,4.632,0.128,0.5620206266285991,0.15129444444444445,241.84186111111114,2.0479166666666666,914.0,784.0,4948.0,11.041433333333334,4395.433333333334,2009-07-20,20,0,Monday,0,7,Jul,2009,3,201,20.060733333333335,8.2791,13.79382380952381
2009-07-21,813.7620000000001,0.5651125,2.178,0.146,0.5065387799886435,0.18520833333333334,242.522875,2.5005555555555556,0.0,981.0,7795.0,13.562700000000001,4786.700000000001,2009-07-21,21,1,Tuesday,0,7,Jul,2009,3,202,11.041433333333334,15.190499999999998,13.561280952380955
2009-07-22,739.532,0.5135638888888889,2.46,0.146,0.4220586942986652,0.1656111111111111,242.07941666666665,2.2625,0.0,681.0,3965.0,12.325533333333334,7679.533333333335,2009-07-22,22,2,Wednesday,0,7,Jul,2009,3,203,13.562700000000001,11.967899999999998,13.61237142857143
2009-07-23,1030.0,0.7152777777777778,3.988,0.128,0.6271213787531806,0.15202083333333333,241.94331944444446,3.0527777777777776,926.0,622.0,9064.0,17.166666666666668,6554.666666666668,2009-07-23,23,3,Thursday,0,7,Jul,2009,3,204,12.325533333333334,9.992566666666667,14.637242857142857
2009-07-24,561.738,0.39009583333333336,2.294,0.128,0.3688957120972711,0.14481666666666668,241.7508263888889,1.756527777777778,0.0,630.0,4128.0,9.362300000000001,4604.300000000001,2009-07-24,24,4,Friday,0,7,Jul,2009,3,205,17.166666666666668,12.1968,14.232314285714287
2009-07-25,536.688,0.3727,2.18,0.13,0.34134236744617497,0.1357361111111111,242.09706944444446,1.6822222222222223,0.0,577.0,3716.0,8.944799999999999,4651.799999999999,2009-07-25,25,5,Saturday,1,7,Jul,2009,3,206,9.362300000000001,16.106833333333334,13.20916666666667
2009-07-26,543.016,0.3770944444444444,2.512,0.142,0.3488373174537611,0.16652638888888888,242.65740277777775,1.7173611111111111,0.0,1019.0,3799.0,9.050266666666666,4232.266666666666,2009-07-26,26,6,Sunday,1,7,Jul,2009,3,207,8.944799999999999,20.060733333333335,11.636242857142857
2009-07-27,688.566,0.4781708333333334,2.51,0.23,0.41281093234277266,0.2235763888888889,242.52809027777778,2.1820833333333334,0.0,2062.0,5202.0,11.4761,4212.1,2009-07-27,27,0,Monday,0,7,Jul,2009,3,208,9.050266666666666,11.041433333333334,11.698338095238096
2009-07-28,902.85,0.6269791666666666,5.34,0.158,0.7071614171405892,0.17553194444444445,242.22140972222223,2.7680555555555557,0.0,4899.0,4353.0,15.047500000000001,5795.500000000002,2009-07-28,28,1,Tuesday,0,7,Jul,2009,3,209,11.4761,13.562700000000001,11.91045238095238
2009-07-29,902.0,0.6263888888888889,3.98,0.138,0.5496488829475771,0.1287972222222222,241.50047222222221,2.711388888888889,869.0,749.0,7549.0,15.033333333333333,5866.333333333334,2009-07-29,29,2,Wednesday,0,7,Jul,2009,3,210,15.047500000000001,12.325533333333334,12.297280952380953
2009-07-30,792.326,0.5502263888888889,2.898,0.138,0.5413690686748504,0.13764305555555556,242.4390138888889,2.4106944444444447,0.0,2304.0,4040.0,13.205433333333334,6861.433333333334,2009-07-30,30,3,Thursday,0,7,Jul,2009,3,211,15.033333333333333,17.166666666666668,11.731390476190475
2009-07-31,975.83,0.6776597222222223,5.468,0.136,0.8278685162747634,0.15850416666666667,241.87106250000002,3.002222222222222,865.0,3423.0,6302.0,16.263833333333334,5673.833333333334,2009-07-31,31,4,Friday,0,7,Jul,2009,3,212,13.205433333333334,9.362300000000001,12.717323809523808
2009-08-01,706.966,0.4909486111111111,2.14,0.136,0.46676811744928043,0.16851527777777778,241.50300694444445,2.207361111111111,0.0,844.0,6248.0,11.782766666666667,4690.766666666666,2009-08-01,1,5,Saturday,1,8,Aug,2009,3,213,16.263833333333334,8.944799999999999,13.122747619047617
2009-08-02,489.724,0.3400861111111111,2.056,0.132,0.3179463695343682,0.14270277777777776,240.94159722222224,1.5684722222222223,0.0,637.0,3539.0,8.162066666666666,3986.0666666666657,2009-08-02,2,6,Sunday,1,8,Aug,2009,3,214,11.782766666666667,9.050266666666666,12.995861904761906
2009-08-03,500.298,0.3474291666666667,1.972,0.134,0.3246258580645018,0.1370138888888889,241.92006944444447,1.5655555555555556,0.0,605.0,3811.0,8.3383,3922.300000000001,2009-08-03,3,0,Monday,0,8,Aug,2009,3,215,8.162066666666666,11.4761,12.547604761904763
2009-08-04,508.892,0.3533972222222222,1.914,0.132,0.32797997022362024,0.136375,242.27648611111113,1.6094444444444445,0.0,607.0,3871.0,8.481533333333333,4003.533333333333,2009-08-04,4,1,Tuesday,0,8,Aug,2009,3,216,8.3383,15.047500000000001,11.609609523809524
2009-08-05,518.652,0.360175,2.104,0.134,0.3235910088378458,0.14437083333333334,242.30757638888886,1.6444444444444444,0.0,620.0,4042.0,8.644200000000001,3982.2000000000007,2009-08-05,5,2,Wednesday,0,8,Aug,2009,3,217,8.481533333333333,15.033333333333333,10.69687619047619
2009-08-06,532.672,0.36991111111111113,1.988,0.134,0.330697341228558,0.14915694444444444,241.22875000000002,1.677361111111111,0.0,659.0,4193.0,8.877866666666668,4025.866666666667,2009-08-06,6,3,Thursday,0,8,Aug,2009,3,218,8.644200000000001,13.205433333333334,10.07865238095238
2009-08-07,539.296,0.37451111111111113,2.018,0.134,0.3364416087466802,0.1536736111111111,241.3577986111111,1.6958333333333333,0.0,668.0,4232.0,8.988266666666668,4088.2666666666682,2009-08-07,7,4,Friday,0,8,Aug,2009,3,219,8.877866666666668,16.263833333333334,9.039285714285715
2009-08-08,526.472,0.3656055555555555,2.012,0.136,0.3299956492601313,0.14865833333333334,241.72709722222223,1.6597222222222223,0.0,646.0,4093.0,8.774533333333332,4035.533333333333,2009-08-08,8,5,Saturday,1,8,Aug,2009,3,220,8.988266666666668,11.782766666666667,8.609538095238095
2009-08-09,998.234,0.6932180555555556,5.446,0.136,0.8781308199757889,0.19744861111111112,242.04941666666664,3.057222222222222,1984.0,2380.0,5154.0,16.637233333333334,7119.233333333334,2009-08-09,9,6,Sunday,1,8,Aug,2009,3,221,8.774533333333332,8.162066666666666,9.820276190476191
2009-08-10,1069.358,0.7426097222222222,5.344,0.152,0.8808232884674,0.20711666666666667,241.02849999999998,3.277083333333333,0.0,3719.0,6012.0,17.822633333333332,8091.633333333331,2009-08-10,10,0,Monday,0,8,Aug,2009,3,222,16.637233333333334,8.3383,11.175180952380954
2009-08-11,950.954,0.6603847222222222,5.06,0.154,0.714206604259354,0.21350694444444443,241.84149305555556,2.94875,857.0,1467.0,6577.0,15.849233333333332,6948.233333333332,2009-08-11,11,1,Tuesday,0,8,Aug,2009,3,223,17.822633333333332,8.481533333333333,12.227709523809525
2009-08-12,824.436,0.5725250000000001,3.648,0.152,0.5551933013611595,0.18927222222222223,241.80827777777776,2.5543055555555556,912.0,689.0,4991.0,13.7406,7148.6,2009-08-12,12,2,Wednesday,0,8,Aug,2009,3,224,15.849233333333332,8.644200000000001,12.955766666666667
2009-08-13,823.355,0.5717743055555555,6.818,0.154,0.9458392283584082,0.15127291666666667,241.6538125,2.5038194444444444,1215.0,3702.0,2154.5,13.722583333333334,6651.083333333334,2009-08-13,13,3,Thursday,0,8,Aug,2009,3,225,13.7406,8.877866666666668,13.647869047619048
2009-08-14,748.676,0.5199138888888889,3.422,0.154,0.4191265524121754,0.1675888888888889,241.1795763888889,2.2831944444444447,429.0,850.0,4647.0,12.477933333333334,6551.933333333334,2009-08-14,14,4,Friday,0,8,Aug,2009,3,226,13.722583333333334,8.988266666666668,14.146392857142859
2009-08-15,1514.062,1.0514319444444444,5.516,0.15,0.9930527641804994,0.26719583333333335,240.8963472222222,4.605833333333333,3437.0,1852.0,8922.0,25.234366666666666,11023.366666666665,2009-08-15,15,5,Saturday,1,8,Aug,2009,3,227,12.477933333333334,8.774533333333332,16.49779761904762
2009-08-16,1217.712,0.8456333333333333,4.448,0.154,0.7270980437696483,0.2840638888888889,240.52084722222224,3.7944444444444443,1604.0,1094.0,5691.0,20.2952,11906.2,2009-08-16,16,6,Sunday,1,8,Aug,2009,3,228,25.234366666666666,16.637233333333334,17.020364285714287
2009-08-17,785.908,0.5457694444444444,3.232,0.144,0.49516132906732746,0.17462638888888887,241.22044444444444,2.4170833333333333,1.0,813.0,6261.0,13.098466666666667,6023.466666666667,2009-08-17,17,0,Monday,0,8,Aug,2009,3,229,20.2952,17.822633333333332,16.345483333333334
2009-08-18,1080.598,0.7504152777777777,5.698,0.146,0.9065834555971095,0.1713361111111111,240.8264861111111,3.2581944444444444,2306.0,1440.0,6324.0,18.009966666666667,7939.966666666667,2009-08-18,18,1,Tuesday,0,8,Aug,2009,3,230,13.098466666666667,15.849233333333332,16.654159523809522
2009-08-19,880.742,0.6116263888888889,4.73,0.142,0.593189953016259,0.1826347222222222,241.54156944444443,2.7259722222222225,896.0,812.0,6044.0,14.679033333333333,6927.033333333333,2009-08-19,19,2,Wednesday,0,8,Aug,2009,3,231,18.009966666666667,13.7406,16.78822142857143
2009-08-20,775.722,0.5386958333333334,2.41,0.138,0.44706845189249667,0.1811736111111111,241.08561805555553,2.4233333333333333,0.0,883.0,6138.0,12.9287,5907.699999999999,2009-08-20,20,3,Thursday,0,8,Aug,2009,3,232,14.679033333333333,13.722583333333334,16.674809523809525
2009-08-21,1161.746,0.8067680555555556,5.912,0.14,0.8767601815405749,0.18219583333333336,240.61175694444444,3.5033333333333334,3043.0,887.0,7527.0,19.362433333333335,7905.433333333334,2009-08-21,21,4,Friday,0,8,Aug,2009,3,233,12.9287,12.477933333333334,17.658309523809525
2009-08-22,1548.738,1.0755125,7.696,0.14,1.0959134597088196,0.2901625,241.1232361111111,4.760694444444444,4544.0,3203.0,8549.0,25.8123,9516.3,2009-08-22,22,5,Saturday,1,8,Aug,2009,3,234,19.362433333333335,25.234366666666666,17.74087142857143
2009-08-23,1066.708,0.7407694444444445,4.554,0.14,0.7383119014569041,0.25821388888888885,241.55547222222222,3.330416666666667,949.0,819.0,6994.0,17.778466666666667,9016.466666666667,2009-08-23,23,6,Sunday,1,8,Aug,2009,3,235,25.8123,20.2952,17.381338095238096
2009-08-24,1252.254,0.8696208333333333,4.81,0.148,0.8668487660286496,0.19798888888888888,241.06553472222222,3.7718055555555554,2279.0,737.0,8247.0,20.8709,9607.899999999998,2009-08-24,24,0,Monday,0,8,Aug,2009,3,236,17.778466666666667,13.098466666666667,18.491685714285715
2009-08-25,943.61,0.6552847222222222,4.518,0.154,0.6794423516001501,0.1922402777777778,241.50986111111112,2.889166666666666,1140.0,755.0,6291.0,15.726833333333333,7540.833333333334,2009-08-25,25,1,Tuesday,0,8,Aug,2009,3,237,20.8709,18.009966666666667,18.165523809523812
2009-08-26,1136.546,0.7892680555555556,7.056,0.15,0.9650938493039155,0.18695416666666667,241.77745833333333,3.4327777777777775,2131.0,1516.0,7860.0,18.942433333333334,7435.433333333334,2009-08-26,26,2,Wednesday,0,8,Aug,2009,3,238,15.726833333333333,14.679033333333333,18.77458095238095
2009-08-27,749.466,0.5204625,2.676,0.15,0.41567054761215516,0.1744486111111111,241.638125,2.317638888888889,0.0,664.0,4283.0,12.4911,7544.0999999999985,2009-08-27,27,3,Thursday,0,8,Aug,2009,3,239,18.942433333333334,12.9287,18.712066666666665
2009-08-28,1118.842,0.7769736111111112,4.25,0.14,0.7834422427591946,0.1714513888888889,240.8744375,3.3722222222222222,1778.0,1125.0,7485.0,18.647366666666667,8259.366666666665,2009-08-28,28,4,Friday,0,8,Aug,2009,3,240,12.4911,19.362433333333335,18.609914285714286
2009-08-29,1388.414,0.9641763888888889,4.75,0.142,0.7957728413363276,0.2191111111111111,240.97532638888887,4.183472222222222,905.0,1483.0,11707.0,23.140233333333335,9045.233333333334,2009-08-29,29,5,Saturday,1,8,Aug,2009,3,241,18.647366666666667,25.8123,18.228190476190477
2009-08-30,1668.342,1.1585708333333333,6.93,0.192,1.0538769929709126,0.204225,241.08125694444445,4.980277777777778,2653.0,1363.0,10648.0,27.8057,13141.7,2009-08-30,30,6,Sunday,1,8,Aug,2009,3,242,23.140233333333335,17.778466666666667,19.66065238095238
2009-08-31,1265.522,0.8788347222222221,4.784,0.18,0.7147035097053814,0.15230416666666668,238.7429027777778,3.822361111111111,960.0,678.0,9974.0,21.092033333333333,9480.033333333333,2009-08-31,31,0,Monday,0,8,Aug,2009,3,243,27.8057,20.8709,19.692242857142855
2009-09-01,980.536,0.6809277777777777,3.414,0.186,0.6029331827453006,0.15074444444444446,241.22110416666666,2.9940277777777777,0.0,697.0,6073.0,16.342266666666667,9572.266666666666,2009-09-01,1,1,Tuesday,0,9,Sep,2009,3,244,21.092033333333333,15.726833333333333,19.780161904761904
2009-09-02,1222.814,0.8491763888888889,4.358,0.188,0.7651519914221099,0.14434583333333334,241.81777083333336,3.6381944444444443,947.0,659.0,9921.0,20.380233333333333,8853.233333333334,2009-09-02,2,2,Wednesday,0,9,Sep,2009,3,245,16.342266666666667,18.942433333333334,19.985561904761905
2009-09-03,1251.188,0.8688805555555557,4.45,0.182,0.7921679735392554,0.14822083333333333,241.33006944444443,3.762083333333333,3319.0,3099.0,5011.0,20.853133333333336,9424.133333333335,2009-09-03,3,3,Thursday,0,9,Sep,2009,3,246,20.380233333333333,12.4911,21.180138095238096
2009-09-04,1024.388,0.7113805555555555,3.678,0.186,0.6327601402072766,0.12573888888888887,242.01287499999998,3.05625,0.0,636.0,8095.0,17.07313333333333,8342.133333333331,2009-09-04,4,4,Friday,0,9,Sep,2009,3,247,20.853133333333336,18.647366666666667,20.95524761904762
2009-09-05,1513.866,1.0512958333333333,5.862,0.186,0.9247115246038811,0.1875472222222222,240.86027777777778,4.530833333333333,2988.0,2248.0,10433.0,25.2311,9562.100000000002,2009-09-05,5,5,Saturday,1,9,Sep,2009,3,248,17.07313333333333,23.140233333333335,21.253942857142857
2009-09-06,1228.63,0.8532152777777778,4.412,0.136,0.8458761104363995,0.15314722222222224,241.86031944444443,3.665138888888889,995.0,588.0,9031.0,20.47716666666667,9863.166666666668,2009-09-06,6,6,Sunday,1,9,Sep,2009,3,249,25.2311,27.8057,20.207009523809525
2009-09-07,1221.458,0.8482347222222223,6.746,0.132,1.0072101198944106,0.139925,241.71161805555553,3.6395833333333334,2196.0,577.0,8299.0,20.357633333333336,9285.633333333335,2009-09-07,7,0,Monday,0,9,Sep,2009,3,250,20.47716666666667,21.092033333333333,20.10209523809524
2009-09-08,1086.254,0.7543430555555555,4.792,0.134,0.7728334420870834,0.13903055555555557,241.35160416666668,3.2243055555555555,1002.0,577.0,8533.0,18.104233333333333,7992.233333333334,2009-09-08,8,1,Tuesday,0,9,Sep,2009,3,251,20.357633333333336,16.342266666666667,20.353804761904765
2009-09-09,1521.344,1.056488888888889,4.854,0.134,0.8994834653252292,0.15525833333333333,241.30850694444445,4.49125,964.0,3832.0,10671.0,25.355733333333333,9888.733333333334,2009-09-09,9,2,Wednesday,0,9,Sep,2009,3,252,18.104233333333333,20.380233333333333,21.064590476190478
2009-09-10,1112.354,0.7724680555555555,5.39,0.132,0.8323771665628853,0.14055,241.2289513888889,3.3091666666666666,928.0,600.0,6508.0,18.539233333333335,10503.233333333337,2009-09-10,10,3,Thursday,0,9,Sep,2009,3,253,25.355733333333333,20.853133333333336,20.734033333333336
2009-09-11,1214.146,0.8431569444444444,3.764,0.132,0.6820197921571356,0.12734583333333335,241.14999305555554,3.565555555555555,0.0,631.0,11693.0,20.235766666666667,7911.766666666666,2009-09-11,11,4,Friday,0,9,Sep,2009,3,254,18.539233333333335,17.07313333333333,21.185838095238097
2009-09-12,2064.358,1.4335819444444446,5.758,0.132,1.3892294944097543,0.22583055555555556,240.70704861111113,6.1425,9583.0,1202.0,12601.0,34.40596666666667,11019.966666666674,2009-09-12,12,5,Saturday,1,9,Sep,2009,3,255,20.235766666666667,25.2311,22.496533333333332
2009-09-13,1571.628,1.0914083333333333,5.894,0.13,1.0007604057838084,0.18839513888888887,240.24939583333332,4.688680555555555,4146.0,612.0,10188.5,26.1938,11247.3,2009-09-13,13,6,Sunday,1,9,Sep,2009,3,256,34.40596666666667,20.47716666666667,23.313195238095236
2009-09-14,1574.858,1.0936513888888888,7.344,0.186,1.0189308070591274,0.16643472222222222,241.47695833333333,4.6575,2843.0,603.0,9091.0,26.247633333333333,13710.633333333331,2009-09-14,14,0,Monday,0,9,Sep,2009,3,257,26.1938,20.357633333333336,24.15462380952381
2009-09-15,1456.806,1.0116708333333333,6.06,0.182,1.0000633864466042,0.12796944444444444,240.99238194444447,4.285,1769.0,560.0,8644.0,24.2801,13307.100000000002,2009-09-15,15,1,Tuesday,0,9,Sep,2009,3,258,26.247633333333333,18.104233333333333,25.03689047619048
2009-09-16,1743.162,1.2105291666666667,5.696,0.182,1.0610601542750866,0.1373236111111111,240.23129166666666,5.1497222222222225,1035.0,3470.0,13384.0,29.0527,11163.7,2009-09-16,16,2,Wednesday,0,9,Sep,2009,3,259,24.2801,25.355733333333333,25.56502857142857
2009-09-17,1223.426,0.8496013888888888,3.308,0.182,0.6530539574166772,0.11616805555555557,241.3606527777778,3.610833333333334,0.0,563.0,9710.0,20.39043333333333,10117.43333333333,2009-09-17,17,3,Thursday,0,9,Sep,2009,3,260,29.0527,18.539233333333335,25.829485714285713
2009-09-18,1374.032,0.9541888888888889,6.83,0.136,0.9993607785409867,0.11750833333333333,241.09920138888887,4.038611111111111,1993.0,652.0,9151.0,22.900533333333332,11104.533333333333,2009-09-18,18,4,Friday,0,9,Sep,2009,3,261,20.39043333333333,20.235766666666667,26.210166666666662
2009-09-19,2135.71,1.4831319444444444,7.826,0.154,1.1412232561826308,0.18298055555555556,240.35401388888891,6.259444444444445,1607.0,4050.0,14845.0,35.595166666666664,15093.166666666664,2009-09-19,19,5,Saturday,1,9,Sep,2009,3,262,22.900533333333332,34.40596666666667,26.38005238095238
2009-09-20,2035.328,1.4134222222222221,6.754,0.136,1.1073497385940008,0.20534305555555557,241.29544444444446,6.024027777777778,4532.0,2466.0,11935.0,33.922133333333335,14989.133333333331,2009-09-20,20,6,Sunday,1,9,Sep,2009,3,263,35.595166666666664,26.1938,27.4841
2009-09-21,1417.868,0.9846305555555556,5.59,0.184,0.8932646324481532,0.1487263888888889,241.2526875,4.20125,921.0,604.0,10844.0,23.63113333333333,11262.133333333331,2009-09-21,21,0,Monday,0,9,Sep,2009,3,264,33.922133333333335,26.247633333333333,27.110314285714285
2009-09-22,1246.536,0.86565,4.648,0.182,0.7137386964111522,0.14392777777777777,241.18202777777776,3.6991666666666667,937.0,597.0,8502.0,20.7756,10739.600000000002,2009-09-22,22,1,Tuesday,0,9,Sep,2009,3,265,23.63113333333333,24.2801,26.609671428571428
2009-09-23,1636.61,1.1365347222222222,5.574,0.132,0.9751648360381804,0.1638638888888889,240.74660416666666,4.824722222222222,2085.0,978.0,12884.0,27.276833333333332,11329.833333333332,2009-09-23,23,2,Wednesday,0,9,Sep,2009,3,266,20.7756,29.0527,26.355976190476188
2009-09-24,1426.258,0.9904569444444444,5.794,0.128,1.0987565830163286,0.15560833333333332,240.38723611111112,4.234999999999999,1051.0,621.0,10374.0,23.770966666666666,11724.966666666667,2009-09-24,24,3,Thursday,0,9,Sep,2009,3,267,27.276833333333332,20.39043333333333,26.838909523809523
2009-09-25,1161.016,0.8062611111111112,3.08,0.13,0.6075334048087058,0.14437222222222224,241.42292361111112,3.4836111111111108,0.0,594.0,9694.0,19.350266666666666,9062.266666666666,2009-09-25,25,4,Friday,0,9,Sep,2009,3,268,23.770966666666666,22.900533333333332,26.331728571428574
2009-09-26,1556.254,1.0807319444444443,3.818,0.134,0.8030115867344946,0.20002916666666665,241.17850694444445,4.585277777777778,1943.0,571.0,14581.0,25.937566666666665,8842.566666666666,2009-09-26,26,5,Saturday,1,9,Sep,2009,3,269,19.350266666666666,35.595166666666664,24.95207142857143
2009-09-27,1410.472,0.9794944444444444,5.604,0.128,1.0249517461668638,0.16005833333333333,241.22180555555556,4.200555555555556,1817.0,4571.0,8554.0,23.507866666666665,8565.866666666665,2009-09-27,27,6,Sunday,1,9,Sep,2009,3,270,25.937566666666665,33.922133333333335,23.464319047619046
2009-09-28,1299.456,0.9024,3.806,0.122,0.8058221780435335,0.13416527777777779,241.72634027777778,3.795416666666666,0.0,603.0,10797.0,21.6576,10257.599999999999,2009-09-28,28,0,Monday,0,9,Sep,2009,3,271,23.507866666666665,23.63113333333333,23.18238571428571
2009-09-29,1146.398,0.7961097222222222,4.814,0.122,0.8060831932433448,0.13880416666666667,240.8973472222222,3.3938888888888887,1031.0,603.0,7322.0,19.10663333333333,10150.633333333331,2009-09-29,29,1,Tuesday,0,9,Sep,2009,3,272,21.6576,20.7756,22.943961904761903
2009-09-30,1776.468,1.2336583333333333,4.702,0.124,1.0244259363382717,0.14768055555555556,240.75757638888888,5.235972222222222,970.0,8080.0,9243.0,29.6078,11314.8,2009-09-30,30,2,Wednesday,0,9,Sep,2009,3,273,19.10663333333333,27.276833333333332,23.27695714285714
2009-10-01,1287.252,0.893925,5.406,0.124,1.0677860503257788,0.1287611111111111,241.52952083333335,3.7866666666666666,950.0,602.0,9433.0,21.4542,10469.2,2009-10-01,1,3,Thursday,0,10,Oct,2009,4,274,29.6078,23.770966666666666,22.945990476190474
2009-10-02,1152.668,0.8004638888888889,3.7,0.122,0.6877991580456865,0.12719166666666668,240.75888194444443,3.386111111111111,0.0,570.0,10142.0,19.211133333333333,8499.133333333331,2009-10-02,2,4,Friday,0,10,Oct,2009,4,275,21.4542,19.350266666666666,22.926114285714284
2009-10-03,1716.74,1.1921805555555556,5.594,0.154,1.0192693649176334,0.17735833333333334,240.63635416666665,5.050416666666667,3644.0,920.0,14480.0,28.612333333333332,9568.333333333332,2009-10-03,3,5,Saturday,1,10,Oct,2009,4,276,19.211133333333333,25.937566666666665,23.308223809523806
2009-10-04,1621.106,1.1257680555555556,6.332,0.124,1.1554775512573725,0.15639583333333335,240.6988611111111,4.815138888888889,3189.0,3499.0,8980.0,27.018433333333334,11350.433333333334,2009-10-04,4,6,Sunday,1,10,Oct,2009,4,277,28.612333333333332,23.507866666666665,23.809733333333334
2009-10-05,1275.522,0.8857791666666667,4.084,0.214,0.7553380835185536,0.11218055555555555,241.22052083333332,3.698611111111111,984.0,542.0,7983.0,21.258699999999997,11749.699999999997,2009-10-05,5,0,Monday,0,10,Oct,2009,4,278,27.018433333333334,21.6576,23.75274761904762
2009-10-06,1428.448,0.9919777777777778,5.036,0.22,0.9013002541995735,0.12449722222222223,241.18004861111112,4.170972222222222,1.0,543.0,8806.0,23.807466666666667,14457.466666666667,2009-10-06,6,1,Tuesday,0,10,Oct,2009,4,279,21.258699999999997,19.10663333333333,24.424295238095237
2009-10-07,1821.834,1.2651625,6.284,0.244,1.0110149167547555,0.14404305555555555,241.2119583333333,5.339027777777778,734.0,4334.0,9908.0,30.3639,15387.900000000001,2009-10-07,7,2,Wednesday,0,10,Oct,2009,4,280,23.807466666666667,29.6078,24.532309523809523
2009-10-08,1577.166,1.0952541666666666,5.026,0.218,0.8608620608560954,0.12959305555555556,241.06977777777777,4.583888888888889,2091.0,619.0,11568.0,26.286099999999998,12008.099999999999,2009-10-08,8,3,Thursday,0,10,Oct,2009,4,281,30.3639,21.4542,25.22258095238095
2009-10-09,1351.862,0.9387930555555556,3.404,0.218,0.6337385561579726,0.13084583333333333,240.81015277777777,3.953611111111111,0.0,559.0,10718.0,22.531033333333333,11254.033333333333,2009-10-09,9,4,Friday,0,10,Oct,2009,4,282,26.286099999999998,19.211133333333333,25.69685238095238
2009-10-10,2012.756,1.3977472222222223,6.658,0.228,1.1601796954071748,0.17751527777777779,239.76139583333332,5.927222222222222,4510.0,570.0,14811.0,33.54593333333334,13654.933333333334,2009-10-10,10,5,Saturday,1,10,Oct,2009,4,283,22.531033333333333,28.612333333333332,26.401652380952378
2009-10-11,1938.871,1.3464381944444446,6.492,0.226,1.3850473850593839,0.18676319444444445,240.6491597222222,5.744861111111112,4111.0,6454.0,8648.5,32.31451666666667,13101.01666666667,2009-10-11,11,6,Sunday,1,10,Oct,2009,4,284,33.54593333333334,27.018433333333334,27.158235714285716
2009-10-12,1351.604,0.938613888888889,3.756,0.212,0.854263246172455,0.10952361111111111,240.22382638888888,3.968611111111111,997.0,515.0,9420.0,22.526733333333333,11594.733333333334,2009-10-12,12,0,Monday,0,10,Oct,2009,4,285,32.31451666666667,21.258699999999997,27.33938333333333
2009-10-13,1449.1,1.0063194444444443,4.736,0.216,0.8616103372258388,0.11485555555555556,240.24728472222225,4.249722222222222,983.0,530.0,9530.0,24.151666666666664,13108.666666666664,2009-10-13,13,1,Tuesday,0,10,Oct,2009,4,286,22.526733333333333,23.807466666666667,27.38855476190476
2009-10-14,1711.224,1.18835,5.246,0.212,0.974117164357429,0.12159027777777778,239.7594652777778,5.004583333333334,2001.0,3131.0,10013.0,28.5204,13375.399999999998,2009-10-14,14,2,Wednesday,0,10,Oct,2009,4,287,24.151666666666664,30.3639,27.125197619047615
2009-10-15,1489.9759999999999,1.0347055555555555,5.266,0.218,0.9554376775968993,0.09696666666666667,241.12213194444445,4.324305555555555,1629.0,463.0,9641.0,24.832933333333333,13099.933333333334,2009-10-15,15,3,Thursday,0,10,Oct,2009,4,288,28.5204,26.286099999999998,26.917602380952385
2009-10-16,1516.86,1.053375,5.082,0.22,0.8351810968638604,0.10096111111111113,240.24599999999998,4.415138888888889,0.0,482.0,11136.0,25.281,13663.0,2009-10-16,16,4,Friday,0,10,Oct,2009,4,289,24.832933333333333,22.531033333333333,27.31045476190476
2009-10-17,2742.08,1.9042222222222223,8.126,0.222,1.40979300421187,0.18135555555555555,238.8905625,8.045555555555556,5490.0,4364.0,18326.0,45.70133333333333,17521.33333333333,2009-10-17,17,5,Saturday,1,10,Oct,2009,4,290,25.281,33.54593333333334,29.04694047619048
2009-10-18,1556.164,1.0806694444444445,4.58,0.222,0.789334267331734,0.09905833333333333,240.7508402777778,4.500555555555556,712.0,499.0,11144.0,25.936066666666665,13581.066666666666,2009-10-18,18,6,Sunday,1,10,Oct,2009,4,291,45.70133333333333,32.31451666666667,28.13573333333333
2009-10-19,1369.108,0.9507694444444444,4.67,0.218,0.9715137824567976,0.09330416666666667,242.26024305555555,3.9530555555555553,1104.0,457.0,8227.0,22.818466666666666,13030.466666666667,2009-10-19,19,0,Monday,0,10,Oct,2009,4,292,25.936066666666665,22.526733333333333,28.177409523809526
2009-10-20,1722.808,1.1963944444444445,5.124,0.23,0.941163008287753,0.10524861111111111,242.52750694444444,4.975,760.0,450.0,11005.0,28.713466666666665,16498.466666666667,2009-10-20,20,1,Tuesday,0,10,Oct,2009,4,293,22.818466666666666,24.151666666666664,28.82909523809524
2009-10-21,1969.506,1.3677125,5.17,0.224,1.1464556266182855,0.13345138888888888,242.30701388888886,5.713333333333334,2031.0,5916.0,8569.0,32.8251,16309.099999999999,2009-10-21,21,2,Wednesday,0,10,Oct,2009,4,294,28.713466666666665,28.5204,29.444052380952378
2009-10-22,1399.71,0.9720208333333333,5.146,0.23,0.7420959571191721,0.10822916666666667,242.4139583333333,4.042361111111111,0.0,492.0,11074.0,23.328500000000002,11762.5,2009-10-22,22,3,Thursday,0,10,Oct,2009,4,295,32.8251,24.832933333333333,29.22913333333333
2009-10-23,1757.45,1.2204513888888888,8.708,0.226,1.1758017655782445,0.1366,241.09628472222224,5.144861111111111,3180.0,495.0,11696.0,29.290833333333335,13919.833333333336,2009-10-23,23,4,Friday,0,10,Oct,2009,4,296,23.328500000000002,25.281,29.801966666666665
2009-10-24,2614.408,1.815561111111111,5.752,0.232,1.4058645762752993,0.1517111111111111,239.8931875,7.658472222222223,6202.0,518.0,15941.0,43.57346666666667,20912.466666666667,2009-10-24,24,5,Saturday,1,10,Oct,2009,4,297,29.290833333333335,45.70133333333333,29.497985714285715
2009-10-25,2406.536,1.6712055555555556,6.586,0.224,1.265090737229114,0.16887638888888887,239.92554861111108,7.070277777777778,3010.0,6181.0,13691.0,40.10893333333333,17226.933333333334,2009-10-25,25,6,Sunday,1,10,Oct,2009,4,298,43.57346666666667,25.936066666666665,31.52268095238095
2009-10-26,1112.344,0.7724611111111112,3.848,0.226,0.666197109851567,0.11126111111111112,241.53043055555557,3.2391666666666663,475.0,468.0,5788.0,18.539066666666667,11808.066666666666,2009-10-26,26,0,Monday,0,10,Oct,2009,4,299,40.10893333333333,22.818466666666666,30.911338095238097
2009-10-27,1116.756,0.775525,5.014,0.212,0.6906635593822165,0.12069305555555555,241.2427638888889,3.27,579.0,449.0,8367.0,18.6126,9217.600000000002,2009-10-27,27,1,Tuesday,0,10,Oct,2009,4,300,18.539066666666667,28.713466666666665,29.468357142857144
2009-10-28,1268.708,0.8810472222222223,5.218,0.218,0.7310109085565639,0.1145638888888889,241.40815277777776,3.6894444444444447,1044.0,463.0,9318.0,21.145133333333334,10320.133333333335,2009-10-28,28,2,Wednesday,0,10,Oct,2009,4,301,18.6126,32.8251,27.799790476190477
2009-10-29,1981.44,1.3760000000000001,6.032,0.218,1.279078703362468,0.1748902777777778,240.3468611111111,5.853333333333333,765.0,4125.0,5677.0,33.024,22457.0,2009-10-29,29,3,Thursday,0,10,Oct,2009,4,302,21.145133333333334,23.328500000000002,29.184861904761906
2009-10-30,1493.358,1.0370541666666666,5.978,0.22,0.9072084713044359,0.11703749999999999,241.48033333333333,4.352083333333334,1779.0,2005.0,8828.0,24.8893,12277.3,2009-10-30,30,4,Friday,0,10,Oct,2009,4,303,33.024,29.290833333333335,28.556071428571432
2009-10-31,1875.942,1.3027375,6.064,0.216,1.1095160777908097,0.11879027777777777,240.51906250000002,5.452638888888889,1773.0,2514.0,14637.0,31.2657,12341.7,2009-10-31,31,5,Saturday,1,10,Oct,2009,4,304,24.8893,43.57346666666667,26.797819047619043
2009-11-01,1843.168,1.2799777777777777,5.216,0.218,0.981610408080255,0.1540986111111111,240.92416666666665,5.388333333333334,1970.0,470.0,12215.0,30.719466666666666,16064.466666666667,2009-11-01,1,6,Sunday,1,11,Nov,2009,4,305,31.2657,40.10893333333333,25.456466666666667
2009-11-02,1504.2259999999999,1.0446013888888888,4.366,0.226,0.8971178851129842,0.1181125,241.28460416666667,4.4006944444444445,1881.0,471.0,7490.0,25.07043333333333,15228.43333333333,2009-11-02,2,0,Monday,0,11,Nov,2009,4,306,30.719466666666666,18.539066666666667,26.389519047619046
2009-11-03,2266.688,1.5740888888888889,6.938,0.212,1.3893975068288007,0.1678902777777778,241.14193055555555,6.631805555555555,2009.0,3951.0,9025.0,37.77813333333334,22793.13333333334,2009-11-03,3,1,Tuesday,0,11,Nov,2009,4,307,25.07043333333333,18.6126,29.12745238095238
2009-11-04,1801.8,1.25125,5.97,0.24,1.0338295238404362,0.11974166666666666,242.07813194444446,5.230833333333333,1075.0,4008.0,12246.0,30.029999999999998,12700.999999999996,2009-11-04,4,2,Wednesday,0,11,Nov,2009,4,308,37.77813333333334,21.145133333333334,30.396719047619047
2009-11-05,1560.466,1.0836569444444444,5.268,0.214,0.9677214271777133,0.11046111111111111,241.6652777777778,4.538611111111111,1105.0,532.0,9868.0,26.007766666666665,14502.766666666666,2009-11-05,5,3,Thursday,0,11,Nov,2009,4,309,30.029999999999998,33.024,29.3944
2009-11-06,1390.45,0.9655902777777778,4.19,0.218,0.66293320569097,0.11760694444444446,242.56815972222225,4.030972222222222,0.0,442.0,11326.0,23.174166666666668,11406.166666666668,2009-11-06,6,4,Friday,0,11,Nov,2009,4,310,26.007766666666665,24.8893,29.149380952380948
2009-11-07,1557.176,1.0813722222222222,4.318,0.22,0.7939326419480325,0.13727777777777778,241.87858333333332,4.510416666666667,2187.0,408.0,10014.0,25.95293333333333,13343.93333333333,2009-11-07,7,5,Saturday,1,11,Nov,2009,4,311,23.174166666666668,31.2657,28.390414285714286
2009-11-08,2508.002,1.7416680555555555,6.23,0.22,1.3927951302061221,0.1574222222222222,243.25039583333333,7.242777777777778,4941.0,2075.0,14871.0,41.80003333333333,19913.033333333333,2009-11-08,8,6,Sunday,1,11,Nov,2009,4,312,25.95293333333333,30.719466666666666,29.97335238095238
2009-11-09,1407.477,0.9774145833333334,5.818,0.23,0.9641161638570993,0.12355416666666667,243.57511111111108,4.098958333333333,1126.0,430.0,7639.5,23.45795,14262.45,2009-11-09,9,0,Monday,0,11,Nov,2009,4,313,41.80003333333333,25.07043333333333,29.742997619047618
2009-11-10,1606.184,1.1154055555555555,5.452,0.232,0.7711376049749497,0.11618194444444443,242.50097916666664,4.648194444444444,1118.0,432.0,11788.0,26.76973333333333,13431.73333333333,2009-11-10,10,1,Tuesday,0,11,Nov,2009,4,314,23.45795,37.77813333333334,28.170369047619044
2009-11-11,2040.48,1.417,6.91,0.254,1.254082746786967,0.15490833333333334,242.37135416666666,5.974722222222223,2338.0,5105.0,11214.0,34.008,15351.0,2009-11-11,11,2,Wednesday,0,11,Nov,2009,4,315,26.76973333333333,30.029999999999998,28.738654761904762
2009-11-12,1463.066,1.0160180555555556,5.83,0.224,0.9959648467924218,0.10638750000000001,242.2066736111111,4.253333333333334,1486.0,429.0,9403.0,24.384433333333334,13066.433333333334,2009-11-12,12,3,Thursday,0,11,Nov,2009,4,316,34.008,26.007766666666665,28.50675
2009-11-13,1532.926,1.0645319444444443,4.838,0.222,0.8625153014648401,0.10898055555555555,241.23570833333332,4.456388888888889,1856.0,407.0,9178.0,25.548766666666666,14107.766666666666,2009-11-13,13,4,Friday,0,11,Nov,2009,4,317,24.384433333333334,23.174166666666668,28.84597857142857
2009-11-14,2560.456,1.7780944444444446,6.038,0.224,1.261608110205233,0.17072777777777778,240.22240277777777,7.4534722222222225,4169.0,2411.0,18868.0,42.67426666666667,17226.26666666667,2009-11-14,14,5,Saturday,1,11,Nov,2009,4,318,25.548766666666666,25.95293333333333,31.234740476190478
2009-11-15,1967.308,1.366186111111111,8.726,0.218,1.3627528566263871,0.14663055555555554,240.32536805555557,5.778472222222222,991.0,5278.0,9446.0,32.788466666666665,17073.466666666667,2009-11-15,15,6,Sunday,1,11,Nov,2009,4,319,42.67426666666667,41.80003333333333,29.94737380952381
2009-11-16,1514.468,1.0517138888888888,7.116,0.216,0.9995088252118224,0.1091625,241.884875,4.403194444444445,2021.0,545.0,9354.0,25.241133333333334,13321.133333333335,2009-11-16,16,0,Monday,0,11,Nov,2009,4,320,32.788466666666665,23.45795,30.202114285714288
2009-11-17,1708.294,1.186315277777778,4.04,0.222,0.7982730060087401,0.11640833333333335,242.66059722222224,4.913472222222222,0.0,453.0,11616.0,28.471566666666668,16402.56666666667,2009-11-17,17,1,Tuesday,0,11,Nov,2009,4,321,25.241133333333334,26.76973333333333,30.445233333333334
2009-11-18,2639.174,1.8327597222222223,8.432,0.218,1.4825524814403959,0.14158333333333334,241.29666666666668,7.685833333333334,6012.0,7655.0,13787.0,43.98623333333333,16532.23333333333,2009-11-18,18,2,Wednesday,0,11,Nov,2009,4,322,28.471566666666668,34.008,31.870695238095237
2009-11-19,1474.848,1.0242,3.968,0.226,0.6732512830010378,0.10350972222222223,242.97506944444442,4.251111111111111,0.0,481.0,10936.0,24.5808,13163.8,2009-11-19,19,3,Thursday,0,11,Nov,2009,4,323,43.98623333333333,24.384433333333334,31.89874761904762
2009-11-20,1961.016,1.3618166666666667,6.408,0.22,1.0155881420232362,0.10140694444444445,241.58236805555555,5.692222222222222,843.0,407.0,12816.0,32.6836,18617.6,2009-11-20,20,4,Friday,0,11,Nov,2009,4,324,24.5808,25.548766666666666,32.91800952380952
2009-11-21,2496.856,1.733927777777778,8.018,0.22,1.445303149112508,0.1467388888888889,240.62086805555555,7.281111111111111,5694.0,1997.0,12553.0,41.61426666666667,21370.26666666667,2009-11-21,21,5,Saturday,1,11,Nov,2009,4,325,32.6836,42.67426666666667,32.766580952380956
2009-11-22,2450.976,1.7020666666666668,7.84,0.224,1.5296002488216571,0.15460972222222222,241.0777013888889,7.193194444444445,6774.0,411.0,16097.0,40.8496,17567.600000000006,2009-11-22,22,6,Sunday,1,11,Nov,2009,4,326,41.61426666666667,32.788466666666665,33.91817142857143
2009-11-23,1471.122,1.0216125,4.764,0.224,0.8534341744066558,0.10301249999999999,242.7427152777778,4.236666666666666,0.0,402.0,8230.0,24.518700000000003,15886.700000000004,2009-11-23,23,0,Monday,0,11,Nov,2009,4,327,40.8496,25.241133333333334,33.81496666666667
2009-11-24,2128.856,1.4783722222222224,9.732,0.228,1.3913498219195082,0.10681944444444444,241.9765277777778,6.179861111111111,2491.0,4579.0,9086.0,35.48093333333334,19324.93333333334,2009-11-24,24,1,Tuesday,0,11,Nov,2009,4,328,24.518700000000003,28.471566666666668,34.81630476190476
2009-11-25,1980.13,1.3750902777777778,5.69,0.232,1.0707509851397863,0.12185833333333333,241.17878472222222,5.770277777777778,745.0,5083.0,10596.0,33.00216666666667,16578.166666666664,2009-11-25,25,2,Wednesday,0,11,Nov,2009,4,329,35.48093333333334,43.98623333333333,33.247152380952386
2009-11-26,1599.626,1.110851388888889,5.964,0.226,0.9740191995592045,0.09829305555555555,242.6434652777778,4.61125,2262.0,407.0,10069.0,26.660433333333334,13922.433333333334,2009-11-26,26,3,Thursday,0,11,Nov,2009,4,330,33.00216666666667,24.5808,33.544242857142855
2009-11-27,1380.026,0.9583513888888889,3.038,0.216,0.6615791804091292,0.09239722222222221,241.85881944444446,3.9611111111111112,0.0,396.0,11599.0,23.000433333333334,11005.433333333334,2009-11-27,27,4,Friday,0,11,Nov,2009,4,331,26.660433333333334,32.6836,32.16093333333334
2009-11-28,1858.95,1.2909375,5.834,0.216,0.9481718609795594,0.15640138888888888,241.5964513888889,5.4061111111111115,3199.0,386.0,14350.0,30.9825,13047.5,2009-11-28,28,5,Saturday,1,11,Nov,2009,4,332,23.000433333333334,41.61426666666667,30.642109523809523
2009-11-29,1650.962,1.1465013888888889,6.436,0.226,1.052612330610192,0.13267777777777778,243.30872222222223,4.776666666666666,1073.0,3061.0,7828.0,27.516033333333333,15554.033333333333,2009-11-29,29,6,Sunday,1,11,Nov,2009,4,333,30.9825,40.8496,28.73731428571429
2009-11-30,1745.19,1.2119375000000001,4.854,0.29,0.8174850084056793,0.10651527777777778,243.76430555555555,5.022361111111111,1080.0,361.0,12039.0,29.0865,15606.5,2009-11-30,30,0,Monday,0,11,Nov,2009,4,334,27.516033333333333,24.518700000000003,29.389857142857146
2009-12-01,1756.378,1.2197069444444444,4.088,0.28,0.8664742005322588,0.0985236111111111,242.63315277777778,5.078333333333333,0.0,354.0,10821.0,29.272966666666665,18097.966666666664,2009-12-01,1,1,Tuesday,0,12,Dec,2009,4,335,29.0865,35.48093333333334,28.503004761904766
2009-12-02,2345.668,1.6289361111111111,6.044,0.23,1.0723244747268135,0.11821527777777777,241.6693125,6.819722222222222,1143.0,7052.0,12851.0,39.09446666666667,18048.466666666667,2009-12-02,2,2,Wednesday,0,12,Dec,2009,4,336,29.272966666666665,33.00216666666667,29.373333333333335
2009-12-03,1479.688,1.0275611111111111,5.486,0.284,0.8120258157104858,0.10084861111111111,243.28409722222221,4.293333333333333,1039.0,402.0,9906.0,24.66146666666667,13314.46666666667,2009-12-03,3,3,Thursday,0,12,Dec,2009,4,337,39.09446666666667,26.660433333333334,29.08776666666667
2009-12-04,1711.294,1.1883986111111111,4.63,0.284,0.9471170399796907,0.1272375,243.38570138888886,4.985138888888889,1158.0,352.0,9134.0,28.52156666666667,17877.56666666667,2009-12-04,4,4,Friday,0,12,Dec,2009,4,338,24.66146666666667,23.000433333333334,29.8765
2009-12-05,2351.762,1.6331680555555557,6.01,0.26,1.347569111255978,0.19035555555555558,241.29875694444445,6.922499999999999,3822.0,351.0,13324.0,39.19603333333334,21699.03333333334,2009-12-05,5,5,Saturday,1,12,Dec,2009,4,339,28.52156666666667,30.9825,31.049861904761908
2009-12-06,2378.288,1.651588888888889,8.494,0.268,1.4361770223848733,0.2027027777777778,241.26927083333334,6.983333333333333,2850.0,4175.0,12420.0,39.638133333333336,20193.13333333334,2009-12-06,6,6,Sunday,1,12,Dec,2009,4,340,39.19603333333334,27.516033333333333,32.78159047619048
2009-12-07,1742.638,1.2101652777777778,5.038,0.236,0.9601872112541044,0.11464444444444444,242.54359722222225,5.065833333333334,1132.0,358.0,10291.0,29.043966666666666,17262.966666666667,2009-12-07,7,0,Monday,0,12,Dec,2009,4,341,39.638133333333336,29.0865,32.77551428571429
2009-12-08,2006.884,1.3936694444444444,6.022,0.24,1.047063919274393,0.12443888888888889,243.73107638888888,5.790277777777778,1108.0,350.0,15376.0,33.44806666666667,16614.066666666666,2009-12-08,8,1,Tuesday,0,12,Dec,2009,4,342,29.043966666666666,29.272966666666665,33.37195714285714
2009-12-09,1802.356,1.2516361111111112,5.09,0.24,1.014772948557728,0.1302736111111111,242.40731944444443,5.2498611111111115,2054.0,3355.0,7971.0,30.039266666666666,16659.266666666666,2009-12-09,9,2,Wednesday,0,12,Dec,2009,4,343,33.44806666666667,39.09446666666667,32.07835714285714
2009-12-10,2059.164,1.4299750000000002,5.662,0.244,1.0191507750881377,0.15531111111111112,241.77770833333335,5.97486111111111,2823.0,351.0,15435.0,34.3194,15710.400000000001,2009-12-10,10,3,Thursday,0,12,Dec,2009,4,344,30.039266666666666,24.66146666666667,33.458061904761905
2009-12-11,1784.462,1.2392097222222223,5.6,0.236,0.9385464374940604,0.15251666666666666,244.29111805555556,5.130833333333333,1546.0,385.0,11251.0,29.741033333333334,16559.033333333333,2009-12-11,11,4,Friday,0,12,Dec,2009,4,345,34.3194,28.52156666666667,33.63227142857143
2009-12-12,1816.38,1.2613750000000001,6.788,0.234,1.2616634390462416,0.17272916666666666,244.9389513888889,5.2612499999999995,1087.0,4120.0,8198.0,30.273000000000003,16868.000000000004,2009-12-12,12,5,Saturday,1,12,Dec,2009,4,346,29.741033333333334,39.19603333333334,32.357552380952384
2009-12-13,2138.814,1.4852874999999999,4.6,0.238,1.1728765992244623,0.15429861111111112,244.4975972222222,6.164861111111111,3984.0,417.0,13178.0,35.646899999999995,18067.899999999994,2009-12-13,13,6,Sunday,1,12,Dec,2009,4,347,30.273000000000003,39.638133333333336,31.787376190476188
2009-12-14,1794.862,1.2464319444444445,6.974,0.238,1.2842538309247904,0.10554305555555556,246.1488125,5.122222222222222,1090.0,2280.0,10742.0,29.91436666666667,15802.366666666669,2009-12-14,14,0,Monday,0,12,Dec,2009,4,348,35.646899999999995,29.043966666666666,31.911719047619048
2009-12-15,1940.116,1.3473027777777777,5.132,0.246,0.9258533722913384,0.11273888888888889,246.04318055555555,5.514583333333333,1111.0,392.0,14084.0,32.33526666666667,16748.26666666667,2009-12-15,15,1,Tuesday,0,12,Dec,2009,4,349,29.91436666666667,33.44806666666667,31.752747619047618
2009-12-16,1394.874,0.9686625,4.884,0.242,0.885559925020685,0.10724305555555556,247.21586805555555,3.993333333333333,1143.0,2943.0,8104.0,23.2479,11057.900000000001,2009-12-16,16,2,Wednesday,0,12,Dec,2009,4,350,32.33526666666667,30.039266666666666,30.78255238095238
2009-12-17,1717.182,1.1924875,4.24,0.24,0.7706243120233401,0.10345138888888888,246.89413194444444,4.84125,0.0,308.0,14395.0,28.6197,13916.7,2009-12-17,17,3,Thursday,0,12,Dec,2009,4,351,23.2479,34.3194,29.968309523809523
2009-12-18,1744.706,1.2116013888888888,4.936,0.242,0.9195965665270432,0.1114013888888889,246.5948541666667,4.968333333333333,1195.0,304.0,11466.0,29.078433333333333,16113.433333333334,2009-12-18,18,4,Friday,0,12,Dec,2009,4,352,28.6197,29.741033333333334,29.873652380952382
2009-12-19,2204.334,1.5307875,5.698,0.194,0.9652121303369985,0.09556111111111111,245.93454166666666,6.242916666666666,1165.0,2662.0,13681.0,36.738899999999994,19230.899999999994,2009-12-19,19,5,Saturday,1,12,Dec,2009,4,353,29.078433333333333,30.273000000000003,30.79735238095238
2009-12-20,1144.166,0.7945597222222222,5.688,0.204,0.7643593823376148,0.08479166666666667,247.43500694444444,3.2444444444444445,1237.0,313.0,7795.0,19.069433333333333,9724.433333333334,2009-12-20,20,6,Sunday,1,12,Dec,2009,4,354,36.738899999999994,35.646899999999995,28.429142857142857
2009-12-21,2034.966,1.4131708333333333,7.2,0.2,1.1952608637016153,0.11940833333333334,246.4092152777778,5.778333333333332,3293.0,282.0,11473.0,33.9161,18868.1,2009-12-21,21,0,Monday,0,12,Dec,2009,4,355,19.069433333333333,29.91436666666667,29.00081904761905
2009-12-22,1888.022,1.3111263888888889,4.636,0.214,0.8659757931693356,0.10650138888888888,245.73843749999997,5.365694444444444,0.0,285.0,15829.0,31.467033333333333,15353.033333333333,2009-12-22,22,1,Tuesday,0,12,Dec,2009,4,356,33.9161,32.33526666666667,28.876785714285717
2009-12-23,1455.2,1.0105555555555557,5.276,0.194,0.7784588986029677,0.09403888888888888,246.87896527777778,4.121388888888889,1143.0,284.0,11205.0,24.253333333333334,11621.333333333332,2009-12-23,23,2,Wednesday,0,12,Dec,2009,4,357,31.467033333333333,23.2479,29.020419047619047
2009-12-24,2905.894,2.0179819444444442,7.57,0.2,1.8151260512765,0.14143055555555556,245.83511805555557,8.29361111111111,5184.0,5575.0,15198.0,48.43156666666666,22474.56666666666,2009-12-24,24,3,Thursday,0,12,Dec,2009,4,358,24.253333333333334,28.6197,31.850685714285714
2009-12-25,2127.648,1.4775333333333334,5.878,0.244,1.0743087861012637,0.1336,243.58829861111113,6.127638888888888,3371.0,3895.0,14288.0,35.4608,13906.799999999996,2009-12-25,25,4,Friday,0,12,Dec,2009,4,359,48.43156666666666,29.078433333333333,32.76245238095238
2009-12-26,2183.618,1.5164013888888888,6.446,0.24,1.01438985450688,0.111725,242.46571527777778,6.30638888888889,1186.0,4294.0,16047.0,36.393633333333334,14866.633333333331,2009-12-26,26,5,Saturday,1,12,Dec,2009,4,360,35.4608,36.738899999999994,32.71312857142858
2009-12-27,2195.4519999999998,1.5246194444444443,6.464,0.242,1.1824750451583346,0.1438638888888889,242.66604166666664,6.364722222222222,4218.0,318.0,12450.0,36.59086666666666,19604.86666666666,2009-12-27,27,6,Sunday,1,12,Dec,2009,4,361,36.393633333333334,19.069433333333333,35.21619047619048
2009-12-28,2094.098,1.4542347222222223,4.952,0.266,1.0679624487702004,0.12615833333333334,243.77761111111113,6.033333333333333,2175.0,2063.0,14934.0,34.90163333333333,15729.633333333331,2009-12-28,28,0,Monday,0,12,Dec,2009,4,362,36.59086666666666,33.9161,35.35698095238096
2009-12-29,2047.968,1.4222000000000001,5.216,0.25,1.0517707939083942,0.1680902777777778,243.18301388888887,5.912638888888889,1260.0,346.0,10205.0,34.1328,22321.800000000003,2009-12-29,29,1,Tuesday,0,12,Dec,2009,4,363,34.90163333333333,31.467033333333333,35.73780476190476
2009-12-30,2451.11,1.7021597222222222,7.84,0.248,1.5313782786849226,0.1852736111111111,241.05222916666668,7.168472222222222,5284.0,4539.0,12484.0,40.85183333333334,18544.833333333336,2009-12-30,30,2,Wednesday,0,12,Dec,2009,4,364,34.1328,24.253333333333334,38.10901904761904
2009-12-31,2211.892,1.536036111111111,4.69,0.242,0.919821947798214,0.12959166666666666,240.95881944444446,6.401666666666666,0.0,387.0,19409.0,36.864866666666664,17068.86666666666,2009-12-31,31,3,Thursday,0,12,Dec,2009,4,365,40.85183333333334,48.43156666666666,36.456633333333336
2010-01-01,1224.252,0.850175,4.976,0.322,0.6972807283347351,0.11481666666666668,242.56572222222223,3.537083333333333,2304.0,327.0,3558.0,20.4042,14215.2,2010-01-01,1,4,Friday,0,1,Jan,2010,1,1,36.864866666666664,35.4608,34.30569047619047
2010-01-02,1311.815,0.910982638888889,6.236,0.248,0.9290496921498069,0.1386486111111111,244.67208333333332,3.8197916666666667,801.0,298.0,6441.5,21.863583333333334,14323.083333333336,2010-01-02,2,5,Saturday,1,1,Jan,2010,1,2,20.4042,36.393633333333334,32.22996904761904
2010-01-03,2083.454,1.4468430555555556,6.382,0.272,1.300597058736592,0.1330625,243.74452777777776,6.044166666666667,3842.0,4920.0,10074.0,34.72423333333334,15888.233333333337,2010-01-03,3,6,Sunday,1,1,Jan,2010,1,3,21.863583333333334,36.59086666666666,31.963307142857143
2010-01-04,1604.132,1.1139805555555555,4.56,0.298,0.8035526050351403,0.10861388888888888,245.69911805555554,4.599444444444444,0.0,292.0,10812.0,26.735533333333333,15631.533333333333,2010-01-04,4,0,Monday,0,1,Jan,2010,1,4,34.72423333333334,34.90163333333333,30.796721428571427
2010-01-05,2219.78,1.541513888888889,5.544,0.252,1.0008005647885312,0.10342777777777779,244.5210347222222,6.347083333333333,1785.0,293.0,16468.0,36.99633333333334,18450.333333333343,2010-01-05,5,1,Tuesday,0,1,Jan,2010,1,5,26.735533333333333,34.1328,31.205797619047623
2010-01-06,1777.18,1.2341527777777779,5.304,0.242,1.0095076743329399,0.10561111111111111,245.2348125,5.112083333333333,1731.0,3256.0,11359.0,29.619666666666667,13273.666666666668,2010-01-06,6,2,Wednesday,0,1,Jan,2010,1,6,36.99633333333334,40.85183333333334,29.60120238095238
2010-01-07,1769.442,1.2287791666666668,4.908,0.24,0.952200048537974,0.07987777777777778,244.90856250000002,5.069722222222222,1198.0,255.0,12936.0,29.4907,15101.7,2010-01-07,7,3,Thursday,0,1,Jan,2010,1,7,29.619666666666667,36.864866666666664,28.54775
2010-01-08,1797.208,1.248061111111111,5.454,0.242,0.8740690091840574,0.11095833333333334,244.4048125,5.151388888888889,0.0,994.0,12531.0,29.953466666666667,16428.466666666667,2010-01-08,8,4,Friday,0,1,Jan,2010,1,8,29.4907,20.4042,29.91193095238096
2010-01-09,2336.9,1.6228472222222223,8.154,0.246,1.4835480165585961,0.13847222222222222,243.8697361111111,6.733472222222223,2781.0,4855.0,14734.0,38.94833333333334,16578.333333333336,2010-01-09,9,5,Saturday,1,1,Jan,2010,1,9,29.953466666666667,21.863583333333334,32.35260952380953
2010-01-10,2508.466,1.7419902777777776,7.35,0.238,1.444277565839838,0.15775694444444446,243.84061805555555,7.226388888888889,3564.0,2032.0,14108.0,41.807766666666666,22103.766666666663,2010-01-10,10,6,Sunday,1,1,Jan,2010,1,10,38.94833333333334,34.72423333333334,33.36454285714286
2010-01-11,1518.684,1.0546416666666667,5.36,0.246,0.905890917156891,0.10847638888888889,246.0691111111111,4.335138888888889,1251.0,340.0,10279.0,25.3114,13441.399999999998,2010-01-11,11,0,Monday,0,1,Jan,2010,1,11,41.807766666666666,26.735533333333333,33.16109523809524
2010-01-12,2199.7517942492013,1.5276054126730565,6.46,0.246,0.9345249020464391,0.13443611111111112,244.9008073171814,6.2464474618388355,1550.2313099041532,4487.231309904153,19052.197444089456,36.66252990415335,11572.86984025559,2010-01-12,12,1,Tuesday,0,1,Jan,2010,1,12,25.3114,36.99633333333334,33.113409033926665
2010-01-13,2502.3611501597443,1.7377507987220446,1.7818862619808307,1.6936153354632588,0.02550818185815628,0.112,245.24075878594246,7.004952076677316,1713.738019169329,1713.738019169329,16280.511182108627,41.706019169329075,21998.03194888179,2010-01-13,13,2,Wednesday,0,1,Jan,2010,1,13,36.66252990415335,29.619666666666667,34.840030820021305
2010-01-14,2693.4370555910546,1.87044239971601,5.886,0.24,0.5329894571022263,0.13761527777777777,244.1554512579872,7.679225461483847,2307.0306709265174,501.03067092651753,5854.791373801916,44.890617593184245,36227.76487752929,2010-01-14,14,3,Thursday,0,1,Jan,2010,1,14,41.706019169329075,29.4907,37.040019047619055
2010-01-15,2196.76,1.525527777777778,9.098,0.238,1.3875600031197723,0.15159027777777778,243.72576388888888,6.335,1957.0,2952.0,13546.0,36.61266666666667,18157.66666666667,2010-01-15,15,4,Friday,0,1,Jan,2010,1,15,44.890617593184245,29.953466666666667,37.99133333333334
2010-01-16,2150.112,1.4931333333333334,6.634,0.244,1.11535840240238,0.1684152777777778,243.0452361111111,6.219722222222222,2605.0,2415.0,13652.0,35.8352,17163.199999999997,2010-01-16,16,5,Saturday,1,1,Jan,2010,1,16,36.61266666666667,38.94833333333334,37.546600000000005
2010-01-17,1906.556,1.3239972222222223,5.12,0.244,0.9872325390520865,0.13124027777777778,242.54300694444444,5.521527777777778,1992.0,298.0,15044.0,31.775933333333334,14441.933333333334,2010-01-17,17,6,Sunday,1,1,Jan,2010,1,17,35.8352,41.807766666666666,36.113480952380954
2010-01-18,1881.098,1.3063180555555556,4.906,0.24,0.80876046095491,0.133175,243.63636805555555,5.4215277777777775,617.0,295.0,12981.0,31.351633333333332,17458.63333333333,2010-01-18,18,0,Monday,0,1,Jan,2010,1,18,31.775933333333334,25.3114,36.97637142857143
2010-01-19,2433.508,1.689936111111111,6.674,0.244,1.193834257746977,0.11232916666666666,243.02311111111112,7.004583333333334,2044.0,653.0,19311.0,40.55846666666666,18550.46666666666,2010-01-19,19,1,Tuesday,0,1,Jan,2010,1,19,31.351633333333332,36.66252990415335,37.53293382321618
2010-01-20,2351.728,1.6331444444444445,6.01,0.26,1.2502635835939246,0.13879166666666667,242.76043750000002,6.810694444444445,2317.0,3341.0,14563.0,39.19546666666667,18974.466666666667,2010-01-20,20,2,Wednesday,0,1,Jan,2010,1,20,40.55846666666666,41.706019169329075,37.17428346569299
2010-01-21,2137.8559999999998,1.484622222222222,5.348,0.238,1.0589672163553605,0.12876388888888887,242.95125,6.161944444444445,894.0,449.0,16451.0,35.63093333333333,17836.933333333334,2010-01-21,21,3,Thursday,0,1,Jan,2010,1,21,39.19546666666667,44.890617593184245,35.85147142857143
2010-01-22,1790.626,1.2434902777777777,5.228,0.236,0.7798824940729375,0.10892916666666667,241.8501736111111,5.183194444444444,699.0,352.0,14512.0,29.843766666666667,14280.766666666666,2010-01-22,22,4,Friday,0,1,Jan,2010,1,22,35.63093333333333,36.61266666666667,34.88448571428571
2010-01-23,2611.541,1.813570138888889,7.042,0.234,1.4009249557702126,0.18099583333333336,240.82820833333332,7.6688888888888895,3154.0,4086.0,16039.0,43.52568333333333,20246.683333333334,2010-01-23,23,5,Saturday,1,1,Jan,2010,1,23,29.843766666666667,35.8352,35.98312619047619
2010-01-24,2269.42,1.575986111111111,9.122,0.258,1.3833795862754268,0.12169305555555555,241.74617361111112,6.605138888888889,3496.0,2760.0,11046.0,37.82366666666667,20521.66666666667,2010-01-24,24,6,Sunday,1,1,Jan,2010,1,24,43.52568333333333,31.775933333333334,36.8470880952381
2010-01-25,1930.51,1.3406319444444443,6.048,0.256,1.0692289197950218,0.1025513888888889,242.8986111111111,5.55,1368.0,455.0,16136.0,32.17516666666667,14216.166666666668,2010-01-25,25,0,Monday,0,1,Jan,2010,1,25,37.82366666666667,31.351633333333332,36.964735714285716
2010-01-26,2067.564,1.4358083333333331,4.666,0.256,0.7772285839995609,0.09092361111111112,243.33947916666665,5.903472222222222,526.0,395.0,16243.0,34.459399999999995,17295.399999999994,2010-01-26,26,1,Tuesday,0,1,Jan,2010,1,26,32.17516666666667,40.55846666666666,36.09344047619047
2010-01-27,2760.902,1.9172930555555556,7.078,0.27,1.271434038586241,0.10330694444444445,241.98610416666665,7.990138888888889,2044.0,6403.0,18154.0,46.015033333333335,19414.033333333333,2010-01-27,27,2,Wednesday,0,1,Jan,2010,1,27,34.459399999999995,39.19546666666667,37.06766428571429
2010-01-28,2110.234,1.4654402777777777,5.166,0.264,1.03444927046454,0.11008333333333334,243.2490347222222,6.0633333333333335,2032.0,504.0,14987.0,35.170566666666666,17647.566666666666,2010-01-28,28,3,Thursday,0,1,Jan,2010,1,28,46.015033333333335,35.63093333333333,37.00189761904762
2010-01-29,2092.99,1.4534652777777777,5.964,0.234,1.0138957899472474,0.1025513888888889,243.63280555555554,5.978611111111111,1488.0,851.0,18061.0,34.88316666666666,14483.166666666664,2010-01-29,29,4,Friday,0,1,Jan,2010,1,29,35.170566666666666,29.843766666666667,37.72181190476191
2010-01-30,2842.728,1.9741166666666667,8.006,0.238,1.5574798919724573,0.16388611111111112,242.07939583333334,8.307222222222222,3240.0,7544.0,17891.0,47.3788,18703.799999999996,2010-01-30,30,5,Saturday,1,1,Jan,2010,1,30,34.88316666666666,43.52568333333333,38.27225714285714
2010-01-31,1799.196,1.2494416666666666,4.89,0.24,1.0077647339184936,0.11910833333333333,243.40263888888887,5.202222222222222,1715.0,1380.0,12569.0,29.9866,14322.599999999999,2010-01-31,31,6,Sunday,1,1,Jan,2010,1,31,47.3788,37.82366666666667,37.152676190476186
2010-02-01,1693.778,1.1762347222222223,4.3,0.226,0.928380528075038,0.08665555555555556,243.63174305555557,4.857777777777778,1111.0,367.0,14623.0,28.229633333333332,12128.633333333331,2010-02-01,1,0,Monday,0,2,Feb,2010,1,32,29.9866,32.17516666666667,36.58902857142857
2010-02-02,2157.432,1.4982166666666665,5.124,0.228,0.8195395800570315,0.0910888888888889,243.33281944444445,6.148333333333333,0.0,382.0,21536.0,35.95719999999999,14039.19999999999,2010-02-02,2,1,Tuesday,0,2,Feb,2010,1,33,28.229633333333332,34.459399999999995,36.803
2010-02-03,2903.014,2.0159819444444445,7.388,0.252,1.317498095286849,0.1275638888888889,242.3880763888889,8.37,2234.0,8423.0,21130.0,48.38356666666667,16596.566666666666,2010-02-03,3,2,Wednesday,0,2,Feb,2010,1,34,35.95719999999999,46.015033333333335,37.1413619047619
2010-02-04,2316.27,1.6085208333333334,6.124,0.25,0.8529287537141881,0.09850555555555557,242.10079166666668,6.643888888888889,1074.0,532.0,23743.0,38.6045,13255.5,2010-02-04,4,3,Thursday,0,2,Feb,2010,1,35,48.38356666666667,35.170566666666666,37.631923809523805
2010-02-05,2098.892,1.4575638888888887,4.482,0.238,0.8869036447873335,0.09929027777777778,241.94126388888887,6.075416666666667,902.0,474.0,18008.0,34.98153333333333,15597.533333333333,2010-02-05,5,4,Friday,0,2,Feb,2010,1,36,38.6045,34.88316666666666,37.64597619047619
2010-02-06,2712.986,1.8840180555555555,7.416,0.24,1.382981982160875,0.20598194444444443,241.09206944444446,7.933194444444444,4324.0,2209.0,17857.0,45.216433333333335,20826.433333333334,2010-02-06,6,5,Saturday,1,2,Feb,2010,1,37,34.98153333333333,47.3788,37.337066666666665
2010-02-07,1625.708,1.1289638888888889,6.0,0.248,1.0220471866736422,0.11282361111111111,242.68447222222224,4.726805555555556,2736.0,3837.0,5546.0,27.095133333333333,14976.133333333331,2010-02-07,7,6,Sunday,1,2,Feb,2010,1,38,45.216433333333335,29.9866,36.924
2010-02-08,2582.238,1.7932208333333333,5.154,0.244,1.131968865912273,0.09704861111111111,241.99677777777777,7.4075,1161.0,431.0,19764.0,43.037299999999995,21681.299999999996,2010-02-08,8,0,Monday,0,2,Feb,2010,1,39,27.095133333333333,28.229633333333332,39.03938095238095
2010-02-09,2420.932,1.6812027777777776,5.348,0.288,0.9129681278631895,0.09702222222222222,243.1503680555556,6.920138888888889,1214.0,410.0,19769.0,40.348866666666666,18955.86666666667,2010-02-09,9,1,Tuesday,0,2,Feb,2010,1,40,43.037299999999995,35.95719999999999,39.666761904761906
2010-02-10,1948.024,1.3527944444444444,4.846,0.242,0.878723388228539,0.09837083333333332,242.44686458333334,5.615138888888889,1219.0,2976.0,12230.5,32.46706666666667,16041.56666666667,2010-02-10,10,2,Wednesday,0,2,Feb,2010,1,41,40.348866666666666,48.38356666666667,37.39297619047619
2010-02-11,1369.768,0.9512277777777778,3.54,0.246,0.7576181749531756,0.08621527777777778,244.51238194444446,3.9073611111111113,0.0,330.0,9916.0,22.82946666666667,12583.466666666667,2010-02-11,11,3,Thursday,0,2,Feb,2010,1,42,32.46706666666667,38.6045,35.1394
2010-02-12,1892.998,1.3145819444444444,5.396,0.246,0.8855898072429094,0.09186250000000001,243.62629166666665,5.408055555555555,1241.0,312.0,15211.0,31.549966666666666,14785.966666666667,2010-02-12,12,4,Friday,0,2,Feb,2010,1,43,22.82946666666667,34.98153333333333,34.64917619047619
2010-02-13,2351.556,1.633025,8.724,0.244,1.2631654071402099,0.1005513888888889,242.88909027777777,6.744027777777777,1838.0,5292.0,18710.0,39.1926,13352.599999999999,2010-02-13,13,5,Saturday,1,2,Feb,2010,1,44,31.549966666666666,45.216433333333335,33.78862857142857
2010-02-14,1688.5,1.1725694444444446,5.37,0.238,0.7521626752911574,0.08665555555555556,243.14075,4.832569444444444,1224.5,319.5,13190.5,28.141666666666666,13407.166666666664,2010-02-14,14,6,Sunday,1,2,Feb,2010,1,45,39.1926,27.095133333333333,33.93813333333333
2010-02-15,2097.132,1.4563416666666666,6.174,0.242,1.2884932109333223,0.09115972222222223,243.44677777777775,6.042361111111111,3468.0,332.0,16065.0,34.9522,15087.199999999997,2010-02-15,15,0,Monday,0,2,Feb,2010,1,46,28.141666666666666,43.037299999999995,32.783119047619046
2010-02-16,1797.756,1.2484416666666667,6.014,0.33,0.9110863774329244,0.08305972222222222,243.75376388888887,5.148333333333333,1945.0,317.0,12820.0,29.962600000000002,14880.600000000002,2010-02-16,16,1,Tuesday,0,2,Feb,2010,1,47,34.9522,40.348866666666666,31.299366666666668
2010-02-17,2054.56,1.4267777777777777,7.33,0.268,1.182393659669783,0.08302777777777778,242.34681944444444,5.94125,2294.0,6636.0,10101.0,34.242666666666665,15211.666666666664,2010-02-17,17,2,Wednesday,0,2,Feb,2010,1,48,29.962600000000002,32.46706666666667,31.55302380952381
2010-02-18,1761.156,1.223025,5.154,0.246,0.8803796827244468,0.09722222222222222,243.58819444444444,5.038194444444445,965.0,385.0,14884.0,29.3526,13118.599999999999,2010-02-18,18,3,Thursday,0,2,Feb,2010,1,49,34.242666666666665,22.82946666666667,32.484899999999996
2010-02-19,1953.572,1.3566472222222221,5.544,0.252,1.0276267364047076,0.09385416666666667,241.70740277777776,5.654166666666667,2124.0,397.0,14543.0,32.559533333333334,15495.533333333333,2010-02-19,19,4,Friday,0,2,Feb,2010,1,50,29.3526,31.549966666666666,32.62912380952381
2010-02-20,1983.728,1.377588888888889,5.288,0.252,1.0110552399048924,0.10503333333333333,241.78896527777778,5.745555555555556,3748.0,382.0,14470.0,33.062133333333335,14462.133333333339,2010-02-20,20,5,Saturday,1,2,Feb,2010,1,51,32.559533333333334,39.1926,31.753342857142854
2010-02-21,2740.314,1.9029958333333332,8.38,0.27,1.615948547053222,0.11629027777777777,240.625375,8.038333333333334,5905.0,8142.0,17083.0,45.6719,14541.900000000001,2010-02-21,21,6,Sunday,1,2,Feb,2010,1,52,33.062133333333335,28.141666666666666,34.2576619047619
2010-02-22,1474.036,1.0236361111111112,6.084,0.238,0.9992112251652956,0.11154444444444445,240.57949305555553,4.315,1393.0,2167.0,10159.0,24.56726666666667,10848.26666666667,2010-02-22,22,0,Monday,0,2,Feb,2010,1,53,45.6719,34.9522,32.7741
2010-02-23,1461.28,1.0147777777777778,6.758,0.24,1.0651251062345328,0.11670694444444443,241.98468055555557,4.254583333333334,0.0,3001.0,8806.0,24.354666666666667,12547.666666666668,2010-02-23,23,1,Tuesday,0,2,Feb,2010,1,54,24.56726666666667,29.962600000000002,31.972966666666668
2010-02-24,1914.278,1.3293597222222222,6.512,0.252,0.9488062027249397,0.10425555555555556,241.4657986111111,5.523055555555556,2260.0,1682.0,14315.0,31.904633333333333,13647.633333333331,2010-02-24,24,2,Wednesday,0,2,Feb,2010,1,55,24.354666666666667,34.242666666666665,31.638961904761906
2010-02-25,1880.204,1.3056972222222223,3.836,0.242,0.6410254185331673,0.09088750000000001,240.98316666666668,5.405833333333333,0.0,474.0,15120.0,31.33673333333333,15742.73333333333,2010-02-25,25,3,Thursday,0,2,Feb,2010,1,56,31.904633333333333,29.3526,31.922409523809524
2010-02-26,2120.156,1.4723305555555555,5.188,0.244,1.0533478138088306,0.09674305555555555,240.42563194444443,6.139305555555556,1146.0,2454.0,14821.0,35.33593333333333,16914.933333333327,2010-02-26,26,4,Friday,0,2,Feb,2010,1,57,31.33673333333333,32.559533333333334,32.3190380952381
2010-02-27,1765.056,1.2257333333333333,4.752,0.242,0.951065033958574,0.1058263888888889,241.54445833333335,5.150833333333333,3743.0,441.0,14358.0,29.4176,10875.599999999999,2010-02-27,27,5,Saturday,1,2,Feb,2010,1,58,35.33593333333333,33.062133333333335,31.798390476190473
2010-02-28,711.666,0.49421250000000005,1.712,0.236,0.3033751521745221,0.09310277777777778,242.56746527777779,2.06125,0.0,487.0,2952.0,11.8611,8422.1,2010-02-28,28,6,Sunday,1,2,Feb,2010,1,59,29.4176,45.6719,26.968276190476193
2010-03-01,1298.728,0.9018944444444444,4.682,0.238,0.7283404918735055,0.09033055555555555,241.82277777777776,3.7577777777777777,1785.0,471.0,7115.0,21.645466666666668,12274.466666666667,2010-03-01,1,0,Monday,0,3,Mar,2010,1,60,11.8611,24.56726666666667,26.550876190476192
2010-03-02,766.9060000000001,0.5325736111111111,2.978,0.246,0.38361885528128814,0.09471944444444444,241.75205555555556,2.2255555555555557,0.0,424.0,3605.0,12.781766666666668,8752.766666666668,2010-03-02,2,1,Tuesday,0,3,Mar,2010,1,61,21.645466666666668,24.354666666666667,24.897604761904763
2010-03-03,935.834,0.6498847222222222,2.128,0.258,0.4677348375876891,0.08398194444444444,241.2114375,2.7330555555555556,0.0,425.0,7221.0,15.597233333333332,7951.233333333332,2010-03-03,3,2,Wednesday,0,3,Mar,2010,1,62,12.781766666666668,31.904633333333333,22.56797619047619
2010-03-04,682.88,0.4742222222222222,1.586,0.262,0.29273941917546087,0.08746805555555555,242.9922916666667,2.0072222222222225,0.0,436.0,2928.0,11.381333333333334,8017.333333333334,2010-03-04,4,3,Thursday,0,3,Mar,2010,1,63,15.597233333333332,31.33673333333333,19.71720476190476
2010-03-05,1133.726,0.7873097222222223,4.464,0.248,0.6836332392027168,0.09403888888888888,243.4863125,3.26625,1108.0,351.0,5918.0,18.895433333333337,11518.433333333338,2010-03-05,5,4,Friday,0,3,Mar,2010,1,64,11.381333333333334,35.33593333333333,17.368561904761908
2010-03-06,794.712,0.5518833333333333,2.662,0.242,0.4312303038779006,0.09691527777777777,243.03125694444446,2.3066666666666666,0.0,419.0,3970.0,13.2452,8856.2,2010-03-06,6,5,Saturday,1,3,Mar,2010,1,65,18.895433333333337,29.4176,15.05821904761905
2010-03-07,1372.472,0.9531055555555555,7.14,0.238,0.9114177212735841,0.09301944444444445,243.55174305555556,3.966666666666667,0.0,4674.0,3679.0,22.874533333333332,14521.533333333333,2010-03-07,7,6,Sunday,1,3,Mar,2010,1,66,13.2452,11.8611,16.631566666666668
2010-03-08,2557.098,1.7757625,7.08,0.264,1.3637158131966551,0.17523472222222222,243.77458333333334,7.424444444444445,4214.0,7645.0,15971.0,42.6183,14788.299999999996,2010-03-08,8,0,Monday,0,3,Mar,2010,1,67,22.874533333333332,21.645466666666668,19.627685714285715
2010-03-09,1760.112,1.2223000000000002,4.216,0.264,0.916309071430045,0.11672083333333333,243.52749999999997,5.080694444444444,846.0,397.0,10893.0,29.3352,17199.2,2010-03-09,9,1,Tuesday,0,3,Mar,2010,1,68,42.6183,12.781766666666668,21.992461904761903
2010-03-10,1822.632,1.2657166666666666,4.38,0.266,0.7463094747526859,0.09048472222222223,243.56579166666666,5.196944444444445,1167.0,375.0,14916.0,30.377200000000002,13919.2,2010-03-10,10,2,Wednesday,0,3,Mar,2010,1,69,29.3352,15.597233333333332,24.103885714285717
2010-03-11,1951.09,1.3549236111111111,5.704,0.236,1.0604110468697017,0.105825,242.68144444444445,5.639444444444445,2071.0,320.0,15706.0,32.518166666666666,14421.166666666664,2010-03-11,11,3,Thursday,0,3,Mar,2010,1,70,30.377200000000002,11.381333333333334,27.123433333333335
2010-03-12,1645.424,1.1426555555555555,6.226,0.244,0.8190959359544654,0.10327083333333334,243.0135347222222,4.722222222222222,1691.0,411.0,14076.0,27.423733333333335,11245.733333333334,2010-03-12,12,4,Friday,0,3,Mar,2010,1,71,32.518166666666666,18.895433333333337,28.341761904761906
2010-03-13,2383.0099999999998,1.6548680555555555,6.21,0.242,1.2725726087053222,0.1842791666666667,241.99693750000003,6.905,2848.0,5534.0,17973.0,39.71683333333333,13361.833333333328,2010-03-13,13,5,Saturday,1,3,Mar,2010,1,72,27.423733333333335,13.2452,32.12342380952381
2010-03-14,1566.714,1.0879958333333333,6.154,0.244,0.8723298223459612,0.13932777777777777,241.9863125,4.594861111111111,3464.0,918.0,7101.0,26.1119,14628.899999999998,2010-03-14,14,6,Sunday,1,3,Mar,2010,1,73,39.71683333333333,22.874533333333332,32.585904761904764
2010-03-15,1791.85,1.2443402777777777,5.578,0.248,0.8864772570213206,0.11410555555555556,242.29575,5.178333333333334,778.0,436.0,15053.0,29.864166666666666,13597.166666666664,2010-03-15,15,0,Monday,0,3,Mar,2010,1,74,26.1119,42.6183,30.763885714285713
2010-03-16,1542.65,1.0712847222222224,3.45,0.236,0.6809383070041799,0.11648333333333333,241.5400763888889,4.460972222222223,0.0,457.0,10083.0,25.710833333333333,15170.833333333332,2010-03-16,16,1,Tuesday,0,3,Mar,2010,1,75,29.864166666666666,29.3352,30.24611904761905
2010-03-17,2009.1299999999999,1.3952291666666665,5.504,0.244,0.9828877439195806,0.12899166666666667,241.64133333333334,5.8277777777777775,1136.0,5851.0,13105.0,33.485499999999995,13393.499999999993,2010-03-17,17,2,Wednesday,0,3,Mar,2010,1,76,25.710833333333333,30.377200000000002,30.690161904761904
2010-03-18,1562.682,1.0851958333333334,5.28,0.24,0.8535999199462089,0.11542638888888888,241.5022638888889,4.547361111111111,1147.0,570.0,10845.0,26.0447,13482.699999999997,2010-03-18,18,3,Thursday,0,3,Mar,2010,1,77,33.485499999999995,32.518166666666666,29.76538095238095
2010-03-19,1663.384,1.1551277777777778,4.292,0.238,0.6630864511942568,0.13158194444444446,241.42446527777776,4.8059722222222225,0.0,596.0,12591.0,27.723066666666668,14536.06666666667,2010-03-19,19,4,Friday,0,3,Mar,2010,1,78,26.0447,27.423733333333335,29.808142857142855
2010-03-20,916.6067692307693,0.6365324786324786,2.036,0.238,0.22022521373768486,0.2590372863247863,242.66685950854702,2.809604700854701,0.0,1233.0,1816.923076923077,15.276779487179487,12226.856410256409,2010-03-20,20,5,Saturday,1,3,Mar,2010,1,79,27.723066666666668,39.71683333333333,26.31670659340659
2010-03-21,1762.1152307692307,1.2236911324786324,5.502,0.276,0.8414846511202566,0.2608259081196581,241.60166132478633,5.2010202991452985,1670.0,3626.0,3845.576923076923,29.36858717948718,20227.010256410256,2010-03-21,21,6,Sunday,1,3,Mar,2010,1,80,15.276779487179487,26.1119,26.78194761904762
2010-03-22,1618.59,1.1240208333333332,3.69,0.236,0.7187992435921192,0.11913611111111112,241.35879166666666,4.687083333333333,1142.0,557.0,13859.0,26.976499999999998,11418.499999999996,2010-03-22,22,0,Monday,0,3,Mar,2010,1,81,29.36858717948718,29.864166666666666,26.369423809523813
2010-03-23,1822.162,1.265390277777778,5.308,0.238,0.953283746731117,0.12960694444444446,241.1662986111111,5.370416666666666,2892.0,1153.0,13107.0,30.369366666666668,13217.366666666669,2010-03-23,23,1,Tuesday,0,3,Mar,2010,1,82,26.976499999999998,25.710833333333333,27.034928571428573
2010-03-24,1994.752,1.3852444444444445,5.888,0.238,1.050108426168416,0.14552638888888889,240.72467361111114,5.801944444444444,1075.0,5832.0,12817.0,33.245866666666664,13521.866666666661,2010-03-24,24,2,Wednesday,0,3,Mar,2010,1,83,30.369366666666668,33.485499999999995,27.000695238095236
2010-03-25,1679.884,1.166586111111111,4.3,0.232,0.7572255167373907,0.12969305555555558,242.26515277777779,4.843194444444444,0.0,611.0,13797.0,27.998066666666666,13590.066666666666,2010-03-25,25,3,Thursday,0,3,Mar,2010,1,84,33.245866666666664,26.0447,27.27974761904762
2010-03-26,1651.284,1.146725,4.052,0.236,0.842815214930542,0.14297361111111112,241.50402777777776,4.79875,1078.0,682.0,12547.0,27.521400000000003,13214.400000000005,2010-03-26,26,4,Friday,0,3,Mar,2010,1,85,27.998066666666666,27.723066666666668,27.250938095238098
2010-03-27,1847.97,1.2833125,6.896,0.238,0.9870731752778126,0.13548055555555558,240.41256944444442,5.393472222222223,1067.0,3080.0,12483.0,30.799500000000002,14169.500000000004,2010-03-27,27,5,Saturday,1,3,Mar,2010,1,86,27.521400000000003,15.276779487179487,29.4684695970696
2010-03-28,1798.214,1.2487597222222222,6.152,0.234,1.1926372284256213,0.18085277777777778,241.37355555555555,5.323888888888889,1083.0,7895.0,7118.0,29.970233333333333,13874.233333333334,2010-03-28,28,6,Sunday,1,3,Mar,2010,1,87,30.799500000000002,29.36858717948718,29.554419047619053
2010-03-29,1622.738,1.126901388888889,4.196,0.242,0.6302952582530259,0.14380694444444445,241.52158333333335,4.726388888888889,0.0,636.0,15420.0,27.045633333333335,10989.633333333335,2010-03-29,29,0,Monday,0,3,Mar,2010,1,88,29.970233333333333,26.976499999999998,29.564295238095237
2010-03-30,1906.454,1.3239263888888888,4.878,0.35,0.9091980002242033,0.19494305555555558,241.08461805555555,5.636527777777778,1760.0,571.0,13765.0,31.77423333333333,15678.23333333333,2010-03-30,30,1,Tuesday,0,3,Mar,2010,1,89,27.045633333333335,30.369366666666668,29.764990476190473
2010-03-31,1923.802,1.3359736111111111,5.848,0.23,1.039579955733185,0.13998472222222222,240.1941736111111,5.662916666666667,1067.0,6313.0,12041.0,32.06336666666667,12642.366666666669,2010-03-31,31,2,Wednesday,0,3,Mar,2010,1,90,31.77423333333333,33.245866666666664,29.596061904761907
2010-04-01,1687.44,1.1718333333333333,5.066,0.236,0.8914225655714617,0.10032222222222222,241.75415972222223,4.879027777777778,1780.0,517.0,14393.0,28.124000000000002,11434.000000000004,2010-04-01,1,3,Thursday,0,4,Apr,2010,2,91,32.06336666666667,27.998066666666666,29.614052380952383
2010-04-02,1648.622,1.1448763888888889,4.398,0.226,0.730008779825362,0.10618472222222222,242.77352083333332,4.733472222222222,0.0,483.0,13074.0,27.477033333333335,13920.033333333336,2010-04-02,2,4,Friday,0,4,Apr,2010,2,92,28.124000000000002,27.521400000000003,29.607714285714284
2010-04-03,1805.278,1.2536652777777777,4.446,0.232,0.8028035009876187,0.14350694444444445,243.24993055555558,5.170972222222222,1778.0,648.0,17694.0,30.087966666666667,9967.966666666667,2010-04-03,3,5,Saturday,1,4,Apr,2010,2,93,27.477033333333335,30.799500000000002,29.506066666666666
2010-04-04,1690.388,1.1738805555555556,4.372,0.232,0.9330283077753782,0.16595555555555555,241.74743055555555,4.925694444444445,1097.0,831.0,12687.0,28.173133333333332,13558.133333333331,2010-04-04,4,6,Sunday,1,4,Apr,2010,2,94,30.087966666666667,29.970233333333333,29.249338095238095
2010-04-05,1118.82,0.7769583333333333,7.15,0.222,0.8460492683580723,0.11487499999999999,243.6551458333333,3.26875,1755.0,1436.0,5503.0,18.647,9953.0,2010-04-05,5,0,Monday,0,4,Apr,2010,2,95,28.173133333333332,27.045633333333335,28.049533333333333
2010-04-06,1825.852,1.267952777777778,5.604,0.232,0.9023028082305369,0.11848194444444445,242.74411111111112,5.258888888888889,1154.0,613.0,12476.0,30.430866666666667,16187.866666666665,2010-04-06,6,1,Tuesday,0,4,Apr,2010,2,96,18.647,31.77423333333333,27.85762380952381
2010-04-07,1596.982,1.1090152777777778,4.65,0.23,0.8763729630137618,0.12814305555555555,241.83122916666665,4.645416666666667,1077.0,3440.0,11362.0,26.616366666666668,10737.366666666669,2010-04-07,7,2,Wednesday,0,4,Apr,2010,2,97,30.430866666666667,32.06336666666667,27.07948095238095
2010-04-08,1649.22,1.1452916666666666,6.57,0.25,0.8265978724494834,0.11468194444444445,241.99483333333333,4.759027777777778,145.0,669.0,13322.0,27.487000000000002,13351.000000000004,2010-04-08,8,3,Thursday,0,4,Apr,2010,2,98,26.616366666666668,28.124000000000002,26.988480952380957
2010-04-09,1233.35,0.8564930555555554,4.254,0.232,0.741926263796303,0.11283472222222223,242.58288194444444,3.570555555555556,1088.0,566.0,10595.0,20.555833333333332,8306.833333333332,2010-04-09,9,4,Friday,0,4,Apr,2010,2,99,27.487000000000002,27.477033333333335,25.999738095238094
2010-04-10,1190.208,0.8265333333333333,5.532,0.228,0.7033530486529076,0.12466666666666668,241.28286111111112,3.48625,1044.0,960.0,8933.0,19.8368,8899.8,2010-04-10,10,5,Saturday,1,4,Apr,2010,2,100,20.555833333333332,30.087966666666667,24.535285714285717
2010-04-11,1603.181,1.113320138888889,8.32,0.226,1.3137871096316596,0.12155625,241.4909097222222,4.733819444444444,5499.0,554.0,8851.0,26.719683333333332,11815.68333333333,2010-04-11,11,6,Sunday,1,4,Apr,2010,2,101,19.8368,28.173133333333332,24.327650000000002
2010-04-12,1439.426,0.9996013888888888,3.708,0.226,0.7128779943885258,0.10953472222222221,242.00644444444447,4.164305555555556,660.0,611.0,11949.0,23.990433333333332,10770.43333333333,2010-04-12,12,0,Monday,0,4,Apr,2010,2,102,26.719683333333332,18.647,25.09099761904762
2010-04-13,1512.704,1.0504888888888888,3.772,0.228,0.7531489233742968,0.11884722222222222,241.735125,4.392222222222222,1097.0,646.0,13033.0,25.21173333333333,10435.73333333333,2010-04-13,13,1,Tuesday,0,4,Apr,2010,2,103,23.990433333333332,30.430866666666667,24.34540714285714
2010-04-14,1660.364,1.1530305555555556,5.34,0.23,1.0022359209873064,0.12444305555555556,241.3756111111111,4.8469444444444445,1132.0,5871.0,9194.0,27.672733333333333,11475.733333333334,2010-04-14,14,2,Wednesday,0,4,Apr,2010,2,104,25.21173333333333,26.616366666666668,24.49631666666667
2010-04-15,1872.178,1.3001236111111112,5.544,0.228,0.8646040624752234,0.11620555555555556,240.8521875,5.425416666666667,2526.0,658.0,15667.0,31.20296666666667,12351.966666666667,2010-04-15,15,3,Thursday,0,4,Apr,2010,2,105,27.672733333333333,27.487000000000002,25.027169047619047
2010-04-16,1562.062,1.0847652777777776,5.11,0.244,0.8470082052122843,0.11831944444444444,241.99183333333332,4.550694444444445,2837.0,592.0,12623.0,26.034366666666664,9982.366666666665,2010-04-16,16,4,Friday,0,4,Apr,2010,2,106,31.20296666666667,20.555833333333332,25.80981666666667
2010-04-17,1557.712,1.0817444444444444,5.92,0.246,0.9241926138313528,0.10407083333333333,241.30517361111112,4.548055555555555,553.0,3124.0,12571.0,25.961866666666666,9713.866666666665,2010-04-17,17,5,Saturday,1,4,Apr,2010,2,107,26.034366666666664,19.8368,26.68482619047619
2010-04-18,1476.106,1.0250736111111112,4.29,0.246,0.7829278739010498,0.10293888888888889,240.68122916666664,4.280833333333333,1104.0,618.0,12550.0,24.601766666666666,10329.766666666666,2010-04-18,18,6,Sunday,1,4,Apr,2010,2,108,25.961866666666666,26.719683333333332,26.382266666666663
2010-04-19,1708.594,1.186523611111111,5.84,0.242,0.9358586374534321,0.11555833333333333,241.25981944444445,4.962916666666667,1230.0,4255.0,13474.0,28.476566666666667,9517.566666666666,2010-04-19,19,0,Monday,0,4,Apr,2010,2,109,24.601766666666666,23.990433333333332,27.023142857142854
2010-04-20,1833.628,1.2733527777777778,4.484,0.242,0.769716565971608,0.12215416666666666,240.77724999999998,5.33125,1388.0,719.0,16668.0,30.560466666666667,11785.466666666667,2010-04-20,20,1,Tuesday,0,4,Apr,2010,2,110,28.476566666666667,25.21173333333333,27.787247619047623
2010-04-21,1579.914,1.0971625,2.73,0.252,0.5986241359423551,0.11000416666666667,241.93004166666668,4.556111111111111,0.0,635.0,12902.0,26.3319,12794.900000000001,2010-04-21,21,2,Wednesday,0,4,Apr,2010,2,111,30.560466666666667,27.672733333333333,27.595699999999997
2010-04-22,1460.904,1.0145166666666667,3.824,0.236,0.7293402806860944,0.12961805555555556,240.74602083333335,4.2659722222222225,1062.0,653.0,12492.0,24.3484,10141.400000000001,2010-04-22,22,3,Thursday,0,4,Apr,2010,2,112,26.3319,31.20296666666667,26.616476190476188
2010-04-23,1180.536,0.8198166666666667,4.758,0.234,0.6063856395478826,0.12303055555555555,241.61291666666665,3.435277777777778,0.0,623.0,10981.0,19.6756,8071.5999999999985,2010-04-23,23,4,Friday,0,4,Apr,2010,2,113,24.3484,26.034366666666664,25.70808095238095
2010-04-24,1518.418,1.0544569444444443,4.34,0.24,1.0325444661548018,0.21308194444444445,241.51611805555558,4.585416666666666,4445.0,1483.0,8223.0,25.306966666666664,11155.966666666664,2010-04-24,24,5,Saturday,1,4,Apr,2010,2,114,19.6756,25.961866666666666,25.61452380952381
2010-04-25,1542.742,1.071348611111111,4.356,0.25,0.8534196237504608,0.16596527777777778,240.66157638888888,4.521527777777778,0.0,2350.0,7595.0,25.712366666666664,15767.366666666665,2010-04-25,25,6,Sunday,1,4,Apr,2010,2,115,25.306966666666664,24.601766666666666,25.77318095238095
2010-04-26,1082.716,0.751886111111111,3.706,0.24,0.6462935460666749,0.11556944444444443,241.23138194444445,3.169166666666667,1038.0,460.0,7635.0,18.045266666666667,8912.266666666666,2010-04-26,26,0,Monday,0,4,Apr,2010,2,116,25.712366666666664,28.476566666666667,24.282995238095243
2010-04-27,1250.94,0.8687083333333334,3.76,0.238,0.5336326512338053,0.11269444444444444,242.07596527777778,3.6158333333333337,0.0,545.0,8539.0,20.849,11765.0,2010-04-27,27,1,Tuesday,0,4,Apr,2010,2,117,18.045266666666667,30.560466666666667,22.895642857142857
2010-04-28,867.858,0.6026791666666667,3.692,0.234,0.5303043586835554,0.1268638888888889,242.51982638888887,2.551111111111111,0.0,578.0,6035.0,14.4643,7851.299999999999,2010-04-28,28,2,Wednesday,0,4,Apr,2010,2,118,20.849,26.3319,21.20027142857143
2010-04-29,1103.724,0.7664749999999999,4.368,0.236,0.5576747983821048,0.12063472222222223,242.2791736111111,3.1961111111111107,12.0,679.0,8102.0,18.3954,9602.399999999998,2010-04-29,29,3,Thursday,0,4,Apr,2010,2,119,14.4643,24.3484,20.349842857142853
2010-04-30,1118.628,0.776825,4.32,0.234,0.783156076283214,0.14471805555555556,241.81767361111113,3.3229166666666665,2695.0,659.0,6969.0,18.6438,8320.8,2010-04-30,30,4,Friday,0,4,Apr,2010,2,120,18.3954,19.6756,20.202442857142852
2010-05-01,1320.158,0.9167763888888888,5.038,0.232,0.9685865445943176,0.13369722222222222,240.64716666666666,3.9298611111111112,1984.0,4885.0,6751.0,22.002633333333332,8382.633333333331,2010-05-01,1,5,Saturday,1,5,May,2010,2,121,18.6438,25.306966666666664,19.730395238095237
2010-05-02,2187.91,1.5193819444444443,7.33,0.236,1.3357046103338495,0.1624861111111111,240.38825,6.422499999999999,1858.0,7966.0,14454.0,36.46516666666666,12187.166666666664,2010-05-02,2,6,Sunday,1,5,May,2010,2,122,22.002633333333332,25.712366666666664,21.266509523809525
2010-05-03,1411.302,0.9800708333333332,4.35,0.228,0.8396146427260874,0.10638333333333334,237.18724305555557,4.158888888888889,980.0,534.0,11825.0,23.5217,10182.7,2010-05-03,3,0,Monday,0,5,May,2010,2,123,36.46516666666666,18.045266666666667,22.04885714285714
2010-05-04,1516.96,1.0534444444444444,3.72,0.234,0.6766129456475822,0.10711111111111112,236.03702777777778,4.5025,0.0,1018.0,12007.0,25.282666666666668,12257.666666666668,2010-05-04,4,1,Tuesday,0,5,May,2010,2,124,23.5217,20.849,22.682238095238095
2010-05-05,1805.308,1.253686111111111,5.204,0.236,0.9784982019136136,0.08972222222222222,236.10560416666667,5.365138888888889,2969.0,2194.0,12183.0,30.088466666666665,12742.466666666667,2010-05-05,5,2,Wednesday,0,5,May,2010,2,125,25.282666666666668,14.4643,24.914261904761904
2010-05-06,1299.25,0.9022569444444445,3.496,0.234,0.5808983271845004,0.08243333333333334,235.98911111111113,3.8222222222222224,0.0,301.0,10280.0,21.654166666666665,11073.166666666664,2010-05-06,6,3,Thursday,0,5,May,2010,2,126,30.088466666666665,18.3954,25.379799999999996
2010-05-07,1644.004,1.1416694444444444,4.174,0.23,0.8056957260388686,0.10080833333333332,237.49589583333335,4.8156944444444445,1053.0,332.0,13602.0,27.400066666666664,12413.066666666666,2010-05-07,7,4,Friday,0,5,May,2010,2,127,21.654166666666665,18.6438,26.630695238095235
2010-05-08,1533.422,1.0648763888888888,6.492,0.226,1.0972647406380143,0.12029305555555556,241.89702083333336,4.485277777777778,3569.0,2435.0,10158.0,25.557033333333333,9395.033333333333,2010-05-08,8,5,Saturday,1,5,May,2010,2,128,27.400066666666664,22.002633333333332,27.138466666666666
2010-05-09,1566.51,1.0878541666666666,6.066,0.23,1.0370443907391083,0.14262777777777777,241.40132638888886,4.638472222222222,2888.0,2636.0,9945.0,26.1085,10639.5,2010-05-09,9,6,Sunday,1,5,May,2010,2,129,25.557033333333333,36.46516666666666,25.658942857142854
2010-05-10,1467.892,1.0193694444444446,4.602,0.244,0.7882181466686132,0.10020694444444445,240.99840972222225,4.260138888888889,0.0,403.0,12893.0,24.46486666666667,11168.866666666669,2010-05-10,10,0,Monday,0,5,May,2010,2,130,26.1085,23.5217,25.793680952380953
2010-05-11,1571.368,1.0912277777777777,4.414,0.242,0.7238296370657329,0.1057638888888889,242.3830763888889,4.54375,1156.0,345.0,11418.0,26.189466666666664,13270.466666666664,2010-05-11,11,1,Tuesday,0,5,May,2010,2,131,24.46486666666667,25.282666666666668,25.923223809523808
2010-05-12,2035.418,1.4134847222222222,5.89,0.242,0.9852874019968122,0.11097083333333334,241.716625,5.8902777777777775,1036.0,4434.0,16362.0,33.923633333333335,12091.633333333331,2010-05-12,12,2,Wednesday,0,5,May,2010,2,132,26.189466666666664,30.088466666666665,26.471104761904762
2010-05-13,1554.188,1.0792972222222224,4.688,0.24,0.9557338643420747,0.10701458333333333,242.96012847222224,4.479722222222223,2124.5,1477.0,10527.5,25.903133333333336,11774.133333333335,2010-05-13,13,3,Thursday,0,5,May,2010,2,133,33.923633333333335,21.654166666666665,27.078100000000003
2010-05-14,1722.146,1.1959347222222223,4.632,0.254,0.7631244823637651,0.11103055555555555,242.06722916666666,4.981944444444444,1045.0,334.0,16764.0,28.70243333333333,10559.43333333333,2010-05-14,14,4,Friday,0,5,May,2010,2,134,25.903133333333336,27.400066666666664,27.26415238095238
2010-05-15,1944.772,1.3505361111111112,6.714,0.258,1.200248226041394,0.16176666666666667,242.10271527777775,5.709305555555555,3347.0,336.0,13670.0,32.412866666666666,15059.866666666665,2010-05-15,15,5,Saturday,1,5,May,2010,2,135,28.70243333333333,25.557033333333333,28.243557142857146
2010-05-16,2100.426,1.4586291666666666,8.418,0.262,1.2439140835992866,0.11415416666666667,240.97365277777777,6.154444444444445,3361.0,3922.0,11888.0,35.0071,15836.099999999999,2010-05-16,16,6,Sunday,1,5,May,2010,2,136,32.412866666666666,26.1085,29.514785714285715
2010-05-17,1628.182,1.1306819444444445,4.16,0.27,0.690386187930672,0.10234444444444445,241.36027083333332,4.723194444444444,1014.0,367.0,15344.0,27.136366666666667,10411.366666666669,2010-05-17,17,0,Monday,0,5,May,2010,2,137,35.0071,24.46486666666667,29.896428571428572
2010-05-18,1421.184,0.9869333333333333,3.086,0.268,0.5808580803608573,0.10392499999999999,241.520875,4.118333333333333,0.0,370.0,11677.0,23.6864,11639.399999999998,2010-05-18,18,1,Tuesday,0,5,May,2010,2,138,27.136366666666667,26.189466666666664,29.53884761904762
2010-05-19,1426.752,0.9908,5.322,0.27,0.7249675626684776,0.10503749999999999,241.60104166666667,4.1762500000000005,2122.0,659.0,9864.0,23.7792,11134.2,2010-05-19,19,2,Wednesday,0,5,May,2010,2,139,23.6864,33.923633333333335,28.089642857142856
2010-05-20,1153.898,0.8013180555555555,3.332,0.268,0.5760845615449359,0.09662499999999999,242.45078472222224,3.3552777777777782,0.0,369.0,10101.0,19.23163333333333,8761.633333333331,2010-05-20,20,3,Thursday,0,5,May,2010,2,140,23.7792,25.903133333333336,27.136571428571425
2010-05-21,1294.396,0.898886111111111,4.658,0.268,0.691181633837007,0.11645416666666666,241.75904861111113,3.7977777777777777,1073.0,381.0,10113.0,21.573266666666665,10006.266666666666,2010-05-21,21,4,Friday,0,5,May,2010,2,141,19.23163333333333,28.70243333333333,26.118119047619047
2010-05-22,2095.772,1.4553972222222222,7.806,0.302,1.0680585039625174,0.14770694444444446,239.55310416666666,6.156527777777778,2278.0,2441.0,17454.0,34.92953333333333,12756.533333333333,2010-05-22,22,5,Saturday,1,5,May,2010,2,142,21.573266666666665,32.412866666666666,26.477642857142857
2010-05-23,1487.556,1.033025,4.612,0.266,0.6967491829740329,0.1757638888888889,240.69034722222221,4.398055555555556,864.0,416.0,9541.0,24.7926,13971.599999999999,2010-05-23,23,6,Sunday,1,5,May,2010,2,143,34.92953333333333,35.0071,25.01842857142857
2010-05-24,1341.332,0.9314805555555556,5.124,0.186,0.8307155465549475,0.15836111111111112,241.03509722222222,3.971111111111111,1875.0,2467.0,7746.0,22.355533333333334,10267.533333333333,2010-05-24,24,0,Monday,0,5,May,2010,2,144,24.7926,27.136366666666667,24.33545238095238
2010-05-25,1198.626,0.8323791666666667,4.832,0.164,0.7125746859774772,0.1415736111111111,240.2630486111111,3.5909722222222222,474.0,451.0,10439.0,19.9771,8613.099999999999,2010-05-25,25,1,Tuesday,0,5,May,2010,2,145,22.355533333333334,23.6864,23.80555238095238
2010-05-26,1387.884,0.9638083333333334,6.53,0.158,0.9956216796097626,0.16778472222222224,239.54319444444445,4.185,914.0,4500.0,8530.0,23.1314,9187.399999999998,2010-05-26,26,2,Wednesday,0,5,May,2010,2,146,19.9771,23.7792,23.71300952380952
2010-05-27,1323.342,0.9189875000000001,3.846,0.158,0.6801652416319531,0.13599722222222224,239.92095138888888,3.91125,932.0,443.0,10669.0,22.0557,10011.7,2010-05-27,27,3,Thursday,0,5,May,2010,2,147,23.1314,19.23163333333333,24.11644761904762
2010-05-28,1398.164,0.9709472222222222,3.684,0.158,0.6419744668712188,0.11282638888888889,240.0395763888889,4.099027777777778,1020.0,413.0,11616.0,23.302733333333332,10253.733333333334,2010-05-28,28,4,Friday,0,5,May,2010,2,148,22.0557,21.573266666666665,24.363514285714285
2010-05-29,2049.808,1.4234777777777778,5.614,0.166,1.0370874808179278,0.1427861111111111,240.20170833333336,6.040555555555556,4057.0,400.0,16635.0,34.163466666666665,13071.466666666667,2010-05-29,29,5,Saturday,1,5,May,2010,2,149,23.302733333333332,34.92953333333333,24.254076190476187
2010-05-30,1665.7,1.1567361111111112,5.658,0.172,0.9984682931365636,0.12284166666666667,240.46701388888889,4.902083333333334,2405.0,2976.0,9708.0,27.761666666666667,12672.666666666668,2010-05-30,30,6,Sunday,1,5,May,2010,2,150,34.163466666666665,24.7926,24.678228571428573
2010-05-31,1340.462,0.9308763888888889,4.164,0.168,0.7571493160955438,0.10130138888888889,240.69020833333335,3.9730555555555553,1710.0,2171.0,10461.0,22.341033333333332,7999.033333333333,2010-05-31,31,0,Monday,0,5,May,2010,2,151,27.761666666666667,22.355533333333334,24.67615714285714
2010-06-01,1268.964,0.8812249999999999,4.162,0.17,0.6899434785140939,0.09511805555555555,240.5402777777778,3.7181944444444444,970.0,400.0,11858.0,21.1494,7921.4000000000015,2010-06-01,1,1,Tuesday,0,6,Jun,2010,2,152,22.341033333333332,19.9771,24.84362857142857
2010-06-02,980.898,0.6811791666666667,2.956,0.168,0.5574800356198083,0.08974861111111111,240.33645833333333,2.9158333333333335,0.0,656.0,8454.0,16.348300000000002,7238.300000000001,2010-06-02,2,2,Wednesday,0,6,Jun,2010,2,153,21.1494,23.1314,23.874614285714284
2010-06-03,1394.186,0.9681847222222222,5.038,0.166,0.8155972188488302,0.11391388888888888,240.24450694444445,4.154166666666667,2916.0,451.0,12304.0,23.23643333333333,7565.433333333331,2010-06-03,3,3,Thursday,0,6,Jun,2010,2,154,16.348300000000002,22.0557,24.043290476190474
2010-06-04,1420.554,0.9864958333333333,4.46,0.166,0.7884161240704253,0.12864166666666665,240.27963888888888,4.203333333333333,1695.0,397.0,12517.0,23.675900000000002,9066.900000000001,2010-06-04,4,4,Friday,0,6,Jun,2010,2,155,23.23643333333333,23.302733333333332,24.0966
2010-06-05,2009.644,1.3955861111111112,5.326,0.18,1.1101656248546476,0.20415972222222223,241.10038194444445,6.095138888888889,10932.0,1253.0,12223.0,33.49406666666667,9086.066666666666,2010-06-05,5,5,Saturday,1,6,Jun,2010,2,156,23.675900000000002,34.163466666666665,24.00097142857143
2010-06-06,1746.792,1.21305,4.836,0.18,1.085533011140879,0.2022125,241.42161805555557,5.288194444444445,7609.0,574.0,11365.0,29.1132,9565.2,2010-06-06,6,6,Sunday,1,6,Jun,2010,2,157,33.49406666666667,27.761666666666667,24.194047619047616
2010-06-07,1012.082,0.7028347222222222,4.088,0.174,0.6862258711656427,0.12785416666666669,242.33104861111113,3.0329166666666665,1821.0,488.0,6737.0,16.868033333333333,7822.033333333333,2010-06-07,7,0,Monday,0,6,Jun,2010,2,158,29.1132,22.341033333333332,23.41219047619047
2010-06-08,1362.034,0.9458569444444446,4.626,0.172,0.7588882978387744,0.13773194444444445,241.07685416666666,4.03375,1513.0,821.0,11374.0,22.700566666666667,8992.566666666666,2010-06-08,8,1,Tuesday,0,6,Jun,2010,2,159,16.868033333333333,21.1494,23.633785714285715
2010-06-09,1534.682,1.065751388888889,4.986,0.178,0.8847910779170727,0.1267597222222222,241.18673611111112,4.544722222222222,2774.0,4269.0,8255.0,25.578033333333334,10280.033333333333,2010-06-09,9,2,Wednesday,0,6,Jun,2010,2,160,22.700566666666667,16.348300000000002,24.95231904761905
2010-06-10,1215.19,0.8438819444444445,2.982,0.184,0.6034270991793566,0.12029583333333334,241.69444444444446,3.591527777777778,0.0,474.0,10870.0,20.25316666666667,8909.166666666668,2010-06-10,10,3,Thursday,0,6,Jun,2010,2,161,25.578033333333334,23.23643333333333,24.526138095238093
2010-06-11,1470.672,1.0213,5.15,0.168,0.7991550256168878,0.15178472222222222,241.45329166666667,4.4125,3439.0,468.0,11728.0,24.5112,8876.199999999997,2010-06-11,11,4,Friday,0,6,Jun,2010,2,162,20.25316666666667,23.675900000000002,24.645466666666664
2010-06-12,1974.467,1.3711576388888889,4.222,0.174,0.8703065347113871,0.18871180555555556,240.35415972222222,5.8475,2705.0,3659.0,16200.0,32.907783333333334,10343.783333333333,2010-06-12,12,5,Saturday,1,6,Jun,2010,2,163,24.5112,33.49406666666667,24.561711904761903
2010-06-13,1674.356,1.1627472222222222,6.244,0.172,1.0474104445369778,0.17619166666666666,241.20292361111112,5.06,4922.0,2516.0,9096.0,27.905933333333333,11371.933333333334,2010-06-13,13,6,Sunday,1,6,Jun,2010,2,164,32.907783333333334,29.1132,24.38924523809524
2010-06-14,1217.984,0.8458222222222221,4.168,0.174,0.6645407232221608,0.12405555555555554,241.61683333333332,3.61375,958.0,473.0,10336.0,20.299733333333332,8532.733333333334,2010-06-14,14,0,Monday,0,6,Jun,2010,2,165,27.905933333333333,16.868033333333333,24.879488095238095
2010-06-15,1223.966,0.8499763888888888,3.394,0.17,0.5985058505064889,0.12437222222222223,240.9032986111111,3.622916666666667,0.0,488.0,10144.0,20.39943333333333,9767.43333333333,2010-06-15,15,1,Tuesday,0,6,Jun,2010,2,166,20.299733333333332,22.700566666666667,24.550754761904763
2010-06-16,1768.092,1.2278416666666667,4.798,0.18,0.7771114472579501,0.12713750000000001,240.75138194444443,5.18375,1875.0,4999.0,10336.0,29.468200000000003,12258.200000000004,2010-06-16,16,2,Wednesday,0,6,Jun,2010,2,167,20.39943333333333,25.578033333333334,25.106492857142857
2010-06-17,1028.018,0.7139013888888889,3.516,0.174,0.5586774850592928,0.11685277777777778,240.42709027777778,3.0509722222222218,0.0,488.0,8510.0,17.133633333333332,8135.633333333331,2010-06-17,17,3,Thursday,0,6,Jun,2010,2,168,29.468200000000003,20.25316666666667,24.66084523809524
2010-06-18,1332.316,0.9252194444444445,4.1,0.172,0.7177361379806756,0.11904027777777779,240.52340972222223,3.945972222222222,977.0,454.0,11977.0,22.205266666666667,8797.266666666666,2010-06-18,18,4,Friday,0,6,Jun,2010,2,169,17.133633333333332,24.5112,24.33142619047619
2010-06-19,1416.22,0.9834861111111112,6.22,0.204,0.9216898806443286,0.14639444444444444,241.7036388888889,4.214166666666666,2385.0,1803.0,9554.0,23.603666666666665,9861.666666666664,2010-06-19,19,5,Saturday,1,6,Jun,2010,2,170,22.205266666666667,32.907783333333334,23.002266666666664
2010-06-20,1672.55,1.1614930555555556,5.84,0.178,1.004215634688305,0.10005555555555556,240.30783333333335,4.924444444444444,1021.0,4195.0,12337.0,27.875833333333333,10322.833333333332,2010-06-20,20,6,Sunday,1,6,Jun,2010,2,171,23.603666666666665,27.905933333333333,22.997966666666667
2010-06-21,1660.89,1.1533958333333334,7.508,0.192,1.0571645551741085,0.11783333333333333,240.95399305555554,4.947638888888889,3824.0,3525.0,11179.0,27.681500000000003,9153.500000000004,2010-06-21,21,0,Monday,0,6,Jun,2010,2,172,27.875833333333333,20.299733333333332,24.052504761904764
2010-06-22,1520.588,1.055963888888889,4.956,0.158,0.960639174422157,0.14544027777777777,240.6849236111111,4.581666666666667,968.0,6176.0,9230.0,25.343133333333334,8969.133333333335,2010-06-22,22,1,Tuesday,0,6,Jun,2010,2,173,27.681500000000003,20.39943333333333,24.758747619047618
2010-06-23,1442.064,1.0014333333333334,5.452,0.152,1.0554013380859593,0.20589027777777777,239.99858333333336,4.383194444444444,5740.0,1500.0,10188.0,24.0344,6606.4000000000015,2010-06-23,23,2,Wednesday,0,6,Jun,2010,2,174,25.343133333333334,29.468200000000003,23.982490476190474
2010-06-24,1095.78,0.7609583333333333,3.638,0.196,0.6636481928744251,0.1602652777777778,240.80948611111108,3.274583333333333,973.0,883.0,8090.0,18.262999999999998,8316.999999999996,2010-06-24,24,3,Thursday,0,6,Jun,2010,2,175,24.0344,17.133633333333332,24.14382857142857
2010-06-25,1099.438,0.7634986111111112,3.334,0.152,0.6596544476232169,0.1518986111111111,240.5305486111111,3.3211111111111107,0.0,689.0,10466.0,18.323966666666667,7168.966666666667,2010-06-25,25,4,Friday,0,6,Jun,2010,2,176,18.262999999999998,22.205266666666667,23.589357142857143
2010-06-26,981.62,0.6816805555555555,3.976,0.152,0.6105469568813058,0.20450694444444445,241.4948611111111,3.002638888888889,921.0,1221.0,7939.0,16.360333333333333,6279.333333333334,2010-06-26,26,5,Saturday,1,6,Jun,2010,2,177,18.323966666666667,23.603666666666665,22.55459523809524
2010-06-27,1139.964,0.7916416666666666,4.486,0.152,0.7398992508374728,0.21160416666666665,239.94747916666665,3.4852777777777777,2665.0,764.0,7690.0,18.999399999999998,7880.399999999998,2010-06-27,27,6,Sunday,1,6,Jun,2010,2,178,16.360333333333333,27.875833333333333,21.28653333333333
2010-06-28,1471.34,1.021763888888889,3.242,0.166,0.7065803718655393,0.1950611111111111,240.4290138888889,4.3725,0.0,809.0,12516.0,24.522333333333332,11197.333333333332,2010-06-28,28,0,Monday,0,6,Jun,2010,2,179,18.999399999999998,27.681500000000003,20.835223809523807
2010-06-29,1368.543,0.9503770833333333,5.104,0.156,0.8258566257268567,0.22447916666666667,240.34065625,4.162638888888889,1746.0,1984.0,8263.0,22.80905,10816.05,2010-06-29,29,1,Tuesday,0,6,Jun,2010,2,180,24.522333333333332,25.343133333333334,20.473211904761907
2010-06-30,1384.136,0.9612055555555555,3.736,0.15,0.6215817407451462,0.16568611111111112,240.61095833333334,4.09375,398.0,806.0,5214.0,23.068933333333334,16650.933333333334,2010-06-30,30,2,Wednesday,0,6,Jun,2010,2,181,22.80905,24.0344,20.335288095238095
2010-07-01,1349.002,0.9368069444444445,5.404,0.208,0.7252895586871654,0.20031388888888887,239.31421527777775,4.051944444444445,877.0,921.0,7438.0,22.483366666666665,13247.366666666665,2010-07-01,1,3,Thursday,0,7,Jul,2010,3,182,23.068933333333334,18.262999999999998,20.93819761904762
2010-07-02,1140.928,0.7923111111111112,4.07,0.196,0.5819560583092118,0.20645694444444446,239.63011805555556,3.495,822.0,932.0,6337.0,19.01546666666667,10924.466666666667,2010-07-02,2,4,Friday,0,7,Jul,2010,3,183,22.483366666666665,18.323966666666667,21.036983333333335
2010-07-03,1120.074,0.7778291666666667,3.286,0.224,0.5853032914640157,0.21868472222222224,241.33627777777778,3.42125,0.0,968.0,6151.0,18.6679,11548.899999999998,2010-07-03,3,5,Saturday,1,7,Jul,2010,3,184,19.01546666666667,16.360333333333333,21.36663571428571
2010-07-04,1538.088,1.0681166666666666,3.394,0.174,0.7356311224366665,0.19454583333333333,240.33446527777778,4.561805555555556,860.0,804.0,6597.0,25.6348,17373.8,2010-07-04,4,6,Sunday,1,7,Jul,2010,3,185,18.6679,18.999399999999998,22.31455
2010-07-05,1113.99,0.7736041666666666,4.428,0.168,0.6631070559110548,0.16239305555555555,241.18256250000002,3.3313888888888887,841.0,837.0,6913.0,18.5665,9975.5,2010-07-05,5,0,Monday,0,7,Jul,2010,3,186,25.6348,24.522333333333332,21.463716666666667
2010-07-06,1005.934,0.6985652777777778,2.368,0.16,0.5145185892080537,0.1335361111111111,240.5297013888889,3.0056944444444444,0.0,771.0,8451.0,16.765566666666665,7543.566666666666,2010-07-06,6,1,Tuesday,0,7,Jul,2010,3,187,18.5665,22.80905,20.600361904761908
2010-07-07,834.788,0.5797138888888889,3.712,0.16,0.5720671185553234,0.14551111111111112,240.6574513888889,2.5466666666666664,879.0,760.0,5762.0,13.913133333333333,6512.133333333333,2010-07-07,7,2,Wednesday,0,7,Jul,2010,3,188,16.765566666666665,23.068933333333334,19.292390476190473
2010-07-08,1212.652,0.8421194444444444,5.126,0.158,0.765154443731931,0.17145416666666666,240.304125,3.6294444444444443,857.0,1350.0,8459.0,20.210866666666668,9544.866666666669,2010-07-08,8,3,Thursday,0,7,Jul,2010,3,189,13.913133333333333,22.483366666666665,18.96774761904762
2010-07-09,1083.478,0.7524152777777778,2.392,0.164,0.477475294824141,0.21810694444444445,240.79250694444445,3.3231944444444443,0.0,625.0,5356.0,18.05796666666667,12076.966666666667,2010-07-09,9,4,Friday,0,7,Jul,2010,3,190,20.210866666666668,19.01546666666667,18.830961904761903
2010-07-10,1154.504,0.8017388888888888,3.906,0.158,0.694928835239558,0.1953347222222222,240.06252083333337,3.510277777777778,907.0,1240.0,8921.0,19.241733333333332,8173.733333333334,2010-07-10,10,5,Saturday,1,7,Jul,2010,3,191,18.05796666666667,18.6679,18.912938095238097
2010-07-11,1193.5720000000001,0.8288694444444445,4.632,0.162,0.7087783730542924,0.21015555555555557,239.7739513888889,3.6480555555555556,848.0,594.0,7781.0,19.89286666666667,10669.866666666669,2010-07-11,11,6,Sunday,1,7,Jul,2010,3,192,19.241733333333332,25.6348,18.092661904761904
2010-07-12,1109.574,0.7705375000000001,3.758,0.174,0.6358109451787015,0.19854999999999998,240.2186458333333,3.397222222222222,1724.0,646.0,6444.0,18.492900000000002,9678.900000000001,2010-07-12,12,0,Monday,0,7,Jul,2010,3,193,19.89286666666667,18.5665,18.08214761904762
2010-07-13,1382.114,0.9598013888888889,5.016,0.174,0.8290700112344542,0.19980694444444444,240.49479166666666,4.2404166666666665,2273.0,2826.0,7894.0,23.035233333333334,10042.233333333334,2010-07-13,13,1,Tuesday,0,7,Jul,2010,3,194,18.492900000000002,16.765566666666665,18.977814285714288
2010-07-14,1409.472,0.9788,5.902,0.208,0.9036186346192355,0.17255555555555555,240.34191666666666,4.260555555555555,1064.0,598.0,7575.0,23.4912,14254.2,2010-07-14,14,2,Wednesday,0,7,Jul,2010,3,195,23.035233333333334,13.913133333333333,20.346109523809528
2010-07-15,1635.813,1.1359812500000002,4.676,0.18,0.7877970218702602,0.13355833333333333,240.36691666666667,4.791944444444444,1108.0,2179.0,8203.5,27.263550000000002,15773.050000000003,2010-07-15,15,3,Thursday,0,7,Jul,2010,3,196,23.4912,20.210866666666668,21.353635714285712
2010-07-16,820.056,0.5694833333333333,2.376,0.152,0.4277741927374803,0.13661666666666666,241.15434722222224,2.4870833333333335,0.0,568.0,3854.0,13.6676,9245.6,2010-07-16,16,4,Friday,0,7,Jul,2010,3,197,27.263550000000002,18.05796666666667,20.726440476190476
2010-07-17,806.352,0.5599666666666666,2.766,0.154,0.45061569986470607,0.1259375,241.18420833333334,2.424166666666667,0.0,541.0,6094.0,13.4392,6804.199999999999,2010-07-17,17,5,Saturday,1,7,Jul,2010,3,198,13.6676,19.241733333333332,19.897507142857144
2010-07-18,812.038,0.5639152777777778,2.626,0.154,0.47720089115999986,0.11800694444444446,241.45020138888887,2.417638888888889,0.0,498.0,3943.0,13.533966666666666,9092.966666666667,2010-07-18,18,6,Sunday,1,7,Jul,2010,3,199,13.4392,19.89286666666667,18.989092857142857
2010-07-19,801.158,0.5563597222222222,2.474,0.15,0.46136710292132743,0.13367916666666665,241.84955555555555,2.395,0.0,549.0,6105.0,13.352633333333333,6698.633333333333,2010-07-19,19,0,Monday,0,7,Jul,2010,3,200,13.533966666666666,18.492900000000002,18.254769047619046
2010-07-20,855.824,0.5943222222222222,2.676,0.154,0.4556684255352839,0.15170833333333333,241.6489861111111,2.5684722222222223,9.0,550.0,5178.0,14.263733333333333,8526.733333333334,2010-07-20,20,1,Tuesday,0,7,Jul,2010,3,201,13.352633333333333,23.035233333333334,17.001697619047622
2010-07-21,1064.166,0.7390041666666666,3.728,0.15,0.7399283589342331,0.1696152777777778,241.72080555555556,3.204861111111111,2030.0,585.0,6178.0,17.7361,8943.100000000002,2010-07-21,21,2,Wednesday,0,7,Jul,2010,3,202,14.263733333333333,23.4912,16.179540476190475
2010-07-22,1164.446,0.8086430555555555,3.344,0.242,0.6934365902854696,0.21616944444444444,241.1897847222222,3.5011111111111113,0.0,2151.0,5604.0,19.407433333333334,11652.433333333334,2010-07-22,22,3,Thursday,0,7,Jul,2010,3,203,17.7361,27.263550000000002,15.057238095238095
2010-07-23,1176.158,0.8167763888888888,3.66,0.24,0.5835508234797492,0.1981111111111111,239.8829166666667,3.5233333333333334,897.0,2106.0,8295.0,19.602633333333333,8304.633333333335,2010-07-23,23,4,Friday,0,7,Jul,2010,3,204,19.407433333333334,13.6676,15.905100000000001
2010-07-24,921.668,0.6400472222222222,3.162,0.242,0.4633535107003189,0.1985097222222222,240.29686805555554,2.786111111111111,0.0,2096.0,3892.0,15.361133333333333,9373.133333333333,2010-07-24,24,5,Saturday,1,7,Jul,2010,3,205,19.602633333333333,13.4392,16.179661904761904
2010-07-25,1130.41,0.7850069444444445,5.916,0.24,0.721219166978818,0.17928194444444445,240.27947916666668,3.3686111111111114,0.0,3732.0,7549.0,18.84016666666667,7559.166666666668,2010-07-25,25,6,Sunday,1,7,Jul,2010,3,206,15.361133333333333,13.533966666666666,16.937690476190475
2010-07-26,884.15,0.6139930555555555,3.508,0.156,0.6405129350494335,0.1235138888888889,240.93763194444443,2.658333333333333,0.0,2246.0,4147.0,14.735833333333334,8342.833333333334,2010-07-26,26,0,Monday,0,7,Jul,2010,3,207,18.84016666666667,13.352633333333333,17.135290476190477
2010-07-27,952.36,0.6613611111111111,3.572,0.15,0.5824760525442286,0.12134027777777777,239.63009722222225,2.8269444444444445,907.0,523.0,4042.0,15.872666666666667,10400.666666666668,2010-07-27,27,1,Tuesday,0,7,Jul,2010,3,208,14.735833333333334,14.263733333333333,17.365138095238095
2010-07-28,862.654,0.5990652777777777,4.21,0.15,0.6064575833983397,0.1269902777777778,240.30625694444444,2.583472222222222,801.0,544.0,7232.0,14.377566666666667,5800.566666666666,2010-07-28,28,2,Wednesday,0,7,Jul,2010,3,209,15.872666666666667,17.7361,16.885347619047618
2010-07-29,549.104,0.38132222222222223,2.162,0.15,0.34096025385788453,0.12310138888888889,240.3845347222222,1.6897222222222221,0.0,537.0,4158.0,9.151733333333334,4456.733333333334,2010-07-29,29,3,Thursday,0,7,Jul,2010,3,210,14.377566666666667,19.407433333333334,15.420247619047618
2010-07-30,551.26,0.38281944444444443,2.044,0.15,0.34713169678098493,0.1200375,240.04908333333333,1.695138888888889,0.0,534.0,4087.0,9.187666666666667,4566.666666666666,2010-07-30,30,4,Friday,0,7,Jul,2010,3,211,9.151733333333334,19.602633333333333,13.932395238095237
2010-07-31,554.616,0.38515,2.03,0.15,0.3343324794426723,0.12620138888888888,239.68085416666665,1.7159722222222222,0.0,548.0,4272.0,9.243599999999999,4423.5999999999985,2010-07-31,31,5,Saturday,1,7,Jul,2010,3,212,9.187666666666667,15.361133333333333,13.058461904761904
2010-08-01,555.664,0.38587777777777776,2.08,0.15,0.33713619827019237,0.12811805555555555,239.80130555555556,1.7205555555555554,0.0,558.0,4263.0,9.261066666666666,4440.066666666666,2010-08-01,1,6,Sunday,1,8,Aug,2010,3,213,9.243599999999999,18.84016666666667,11.690019047619046
2010-08-02,549.482,0.38158472222222223,2.04,0.15,0.3420827225460981,0.12725277777777777,240.89735416666667,1.7008333333333332,0.0,536.0,4191.0,9.158033333333332,4431.033333333333,2010-08-02,2,0,Monday,0,8,Aug,2010,3,214,9.261066666666666,14.735833333333334,10.893190476190474
2010-08-03,615.212,0.42723055555555556,2.052,0.154,0.3416349313329203,0.12299722222222222,241.5017013888889,1.8530555555555557,0.0,527.0,4096.0,10.253533333333333,5630.533333333333,2010-08-03,3,1,Tuesday,0,8,Aug,2010,3,215,9.158033333333332,15.872666666666667,10.090457142857144
2010-08-04,543.356,0.37733055555555556,2.06,0.154,0.3403060498195985,0.12460555555555555,241.39795138888888,1.6722222222222223,0.0,532.0,4116.0,9.055933333333334,4407.933333333334,2010-08-04,4,2,Wednesday,0,8,Aug,2010,3,216,10.253533333333333,14.377566666666667,9.33022380952381
2010-08-05,533.476,0.37046944444444446,1.914,0.154,0.3294310240727958,0.12061111111111111,241.8593888888889,1.6345833333333335,0.0,517.0,4013.0,8.891266666666667,4361.266666666666,2010-08-05,5,3,Thursday,0,8,Aug,2010,3,217,9.055933333333334,9.151733333333334,9.293014285714284
2010-08-06,524.746,0.36440694444444444,1.716,0.152,0.32432205179488155,0.11429444444444445,240.9532361111111,1.6036111111111109,0.0,507.0,3947.0,8.745766666666666,4291.766666666666,2010-08-06,6,4,Friday,0,8,Aug,2010,3,218,8.891266666666667,9.187666666666667,9.229885714285714
2010-08-07,527.476,0.36630277777777775,1.988,0.154,0.331401526098282,0.11668472222222223,241.32504861111113,1.6180555555555556,0.0,520.0,3968.0,8.791266666666667,4303.266666666666,2010-08-07,7,5,Saturday,1,8,Aug,2010,3,219,8.745766666666666,9.243599999999999,9.165266666666666
2010-08-08,528.46,0.3669861111111111,1.984,0.152,0.33086235559159344,0.11673055555555556,240.7344652777778,1.6234722222222224,0.0,526.0,3958.0,8.807666666666668,4323.666666666668,2010-08-08,8,6,Sunday,1,8,Aug,2010,3,220,8.791266666666667,9.261066666666666,9.100495238095238
2010-08-09,535.064,0.3715722222222222,1.93,0.152,0.32945549080738273,0.11909166666666667,241.06926388888888,1.6384722222222223,0.0,515.0,4042.0,8.917733333333333,4360.733333333332,2010-08-09,9,0,Monday,0,8,Aug,2010,3,221,8.807666666666668,9.158033333333332,9.066166666666666
2010-08-10,544.758,0.3783041666666667,2.094,0.152,0.3485987344719848,0.12625555555555554,241.95466666666664,1.6648611111111111,0.0,525.0,4141.0,9.0793,4413.299999999999,2010-08-10,10,1,Tuesday,0,8,Aug,2010,3,222,8.917733333333333,10.253533333333333,8.898419047619047
2010-08-11,542.002,0.3763902777777777,1.992,0.15,0.34053454348273704,0.12226666666666666,240.54286805555554,1.6716666666666666,0.0,542.0,4118.0,9.033366666666666,4373.366666666665,2010-08-11,11,2,Wednesday,0,8,Aug,2010,3,223,9.0793,9.055933333333334,8.895195238095239
2010-08-12,529.698,0.3678458333333333,2.038,0.152,0.33331904903086207,0.11742916666666668,240.79493055555557,1.6237499999999998,0.0,514.0,3982.0,8.8283,4332.300000000001,2010-08-12,12,3,Thursday,0,8,Aug,2010,3,224,9.033366666666666,8.891266666666667,8.8862
2010-08-13,534.294,0.37103749999999996,1.974,0.152,0.33223173796345173,0.11495694444444446,240.99115972222222,1.6345833333333335,0.0,508.0,4097.0,8.9049,4299.9,2010-08-13,13,4,Friday,0,8,Aug,2010,3,225,8.8283,8.745766666666666,8.908933333333334
2010-08-14,554.27,0.3849097222222222,1.984,0.154,0.36659665749557435,0.11146527777777777,241.165875,1.683472222222222,0.0,512.0,4471.0,9.237833333333333,4254.833333333332,2010-08-14,14,5,Saturday,1,8,Aug,2010,3,226,8.9049,8.791266666666667,8.97272857142857
2010-08-15,1055.986,0.7333236111111112,4.78,0.154,0.773961613396474,0.14359027777777778,241.686625,3.161388888888889,0.0,4361.0,5282.0,17.599766666666667,7956.766666666666,2010-08-15,15,6,Sunday,1,8,Aug,2010,3,227,9.237833333333333,8.807666666666668,10.228742857142858
2010-08-16,1129.73,0.7845347222222222,3.242,0.164,0.6429229726481885,0.12848333333333334,241.07695833333335,3.4175,1530.0,463.0,7328.0,18.828833333333332,9507.833333333332,2010-08-16,16,0,Monday,0,8,Aug,2010,3,228,17.599766666666667,8.917733333333333,11.644614285714285
2010-08-17,1138.914498132005,0.7909128459250035,4.378,0.16,0.5903808458887906,0.09638365677321158,240.7826824629476,3.353885852436081,940.0,745.4087449840874,5666.0,18.981908302200086,11630.499557215997,2010-08-17,17,1,Tuesday,0,8,Aug,2010,3,229,18.828833333333332,9.0793,13.05927261460001
2010-08-18,1259.5247820672478,0.8746699875466999,0.899758405977584,0.8495815691158157,0.01449990308512382,0.024616438356164387,239.72616645911168,3.6756745537567452,0.0,358.0572851805728,1440.0,20.992079701120797,19194.022415940224,2010-08-18,18,2,Wednesday,0,8,Aug,2010,3,230,18.981908302200086,9.033366666666666,14.767660190950602
2010-08-19,1187.2199252801993,0.8244582814445829,0.849546699875467,0.7993698630136986,0.014499903085123863,0.06406849315068493,240.48930469074307,3.4764217517642173,0.0,931.9053549190535,1440.0,19.786998754669987,17415.093399750935,2010-08-19,19,3,Thursday,0,8,Aug,2010,3,231,20.992079701120797,8.8283,16.333188584474886
2010-08-20,1114.9150684931508,0.7742465753424658,0.7993349937733499,0.7491581569115816,0.014499903085123828,0.10352054794520549,241.25244292237443,3.2771689497716894,0.0,1505.7534246575342,1440.0,18.58191780821918,15636.164383561649,2010-08-20,20,4,Friday,0,8,Aug,2010,3,232,19.786998754669987,8.9049,17.71561969993477
2010-08-21,1042.610211706102,0.7240348692403487,0.7491232876712329,0.6989464508094645,0.014499903085123875,0.14297260273972603,242.01558115400582,3.0779161477791614,0.0,2079.601494396015,1440.0,17.376836861768368,13857.235367372352,2010-08-21,21,5,Saturday,1,8,Aug,2010,3,233,18.58191780821918,9.237833333333333,18.8783344897112
2010-08-22,964.6355143212952,0.6698857738342328,1.358,0.176,0.1052409142870284,0.17842298325722983,242.73064869970636,2.8699049667143273,0.0,2400.273695862737,1588.0,16.077258572021588,12088.984876158851,2010-08-22,22,6,Sunday,1,8,Aug,2010,3,234,17.376836861768368,17.599766666666667,18.660833333333333
2010-08-23,765.658,0.5317069444444444,2.26,0.17,0.43749123714488897,0.14360833333333334,242.0454236111111,2.3279166666666664,0.0,565.0,6106.0,12.760966666666667,6089.966666666667,2010-08-23,23,0,Monday,0,8,Aug,2010,3,235,16.077258572021588,18.828833333333332,17.79399523809524
2010-08-24,722.948,0.5020472222222222,2.136,0.17,0.4338327311651596,0.12184583333333333,241.6081597222222,2.254861111111111,0.0,541.0,5712.0,12.049133333333334,5796.133333333333,2010-08-24,24,1,Tuesday,0,8,Aug,2010,3,236,12.760966666666667,18.981908302200086,16.803598813971416
2010-08-25,980.408,0.6808388888888889,3.948,0.17,0.6514068223801301,0.11189722222222223,241.11630555555556,2.9448611111111114,969.0,522.0,8959.0,16.340133333333334,5890.133333333333,2010-08-25,25,2,Wednesday,0,8,Aug,2010,3,237,12.049133333333334,20.992079701120797,16.139035047144638
2010-08-26,757.252,0.5258694444444444,3.33,0.17,0.45787704168930965,0.12367638888888889,241.8138125,2.3005555555555555,0.0,538.0,5078.0,12.620866666666666,7004.866666666667,2010-08-26,26,3,Thursday,0,8,Aug,2010,3,238,16.340133333333334,19.786998754669987,15.11530189171559
2010-08-27,2030.65,1.4101736111111112,5.33,0.174,1.143513435637043,0.21133194444444442,240.85945833333332,5.994027777777777,930.0,7583.0,12707.0,33.844166666666666,12624.166666666664,2010-08-27,27,4,Friday,0,8,Aug,2010,3,239,12.620866666666666,18.58191780821918,17.29562315720809
2010-08-28,1442.856,1.0019833333333332,5.042,0.172,0.8880715525329858,0.16493333333333332,242.56586111111113,4.281805555555556,2086.0,549.0,12983.0,24.0476,8429.599999999999,2010-08-28,28,5,Saturday,1,8,Aug,2010,3,240,33.844166666666666,17.376836861768368,18.248589319812606
2010-08-29,1668.48,1.1586666666666667,5.578,0.174,1.0117716811004647,0.13312083333333333,241.00794444444443,4.937777777777778,3005.0,534.0,13095.0,27.808,11174.0,2010-08-29,29,6,Sunday,1,8,Aug,2010,3,241,24.0476,16.077258572021588,19.924409523809523
2010-08-30,1494.802,1.0380569444444443,5.12,0.172,0.8163033913784291,0.12545555555555557,241.37439583333332,4.3825,940.0,1470.0,11790.0,24.913366666666665,10713.366666666665,2010-08-30,30,0,Monday,0,8,Aug,2010,3,242,27.808,12.760966666666667,21.660466666666668
2010-08-31,1365.106,0.9479902777777778,4.624,0.174,0.7604378552278805,0.11698611111111111,241.19238888888887,4.103472222222222,2099.0,1723.0,7958.0,22.751766666666665,10971.766666666666,2010-08-31,31,1,Tuesday,0,8,Aug,2010,3,243,24.913366666666665,12.049133333333334,23.189414285714285
2010-09-01,1593.318,1.1064708333333333,4.796,0.172,0.8818372210820732,0.12512500000000001,241.26284027777777,4.691666666666666,1947.0,1194.0,13990.0,26.5553,9424.3,2010-09-01,1,2,Wednesday,0,9,Sep,2010,3,244,22.751766666666665,16.340133333333334,24.64872380952381
2010-09-02,1392.492,0.9670083333333334,4.486,0.172,0.7174583739465824,0.11827222222222224,240.94371527777778,4.08875,929.0,500.0,11785.0,23.208199999999998,9994.199999999997,2010-09-02,2,3,Thursday,0,9,Sep,2010,3,245,26.5553,12.620866666666666,26.1612
2010-09-03,1346.414,0.9350097222222222,5.5,0.176,0.722081020800533,0.11708055555555556,240.5336736111111,3.9734722222222225,940.0,523.0,9747.0,22.44023333333333,11230.23333333333,2010-09-03,3,4,Friday,0,9,Sep,2010,3,246,23.208199999999998,33.844166666666666,24.53206666666667
2010-09-04,1743.84,1.2109999999999999,4.808,0.174,0.8689068192036771,0.15140555555555554,241.10194444444443,5.173472222222222,2605.0,734.0,13241.0,29.064,12484.0,2010-09-04,4,5,Saturday,1,9,Sep,2010,3,247,22.44023333333333,24.0476,25.248695238095234
2010-09-05,1323.018,0.9187625,4.352,0.162,0.792392072905149,0.12986805555555556,242.14060416666663,3.96375,1609.0,2732.0,7471.0,22.0503,10238.3,2010-09-05,5,6,Sunday,1,9,Sep,2010,3,248,29.064,27.808,24.426166666666663
2010-09-06,1422.876,0.9881083333333334,5.074,0.16,0.8296527598614952,0.11194722222222223,241.84175,4.206944444444445,3164.0,532.0,10174.0,23.7146,9844.600000000002,2010-09-06,6,0,Monday,0,9,Sep,2010,3,249,22.0503,24.913366666666665,24.254914285714285
2010-09-07,1451.854,1.0082319444444445,5.192,0.16,0.8834113102664636,0.11664027777777777,241.2751597222222,4.307083333333333,1929.0,922.0,11829.0,24.197566666666667,9517.566666666666,2010-09-07,7,1,Tuesday,0,9,Sep,2010,3,250,23.7146,22.751766666666665,24.461457142857142
2010-09-08,1303.812,0.9054249999999999,4.13,0.186,0.7798210784881887,0.11887638888888888,240.98400694444442,3.8720833333333333,1.0,495.0,7478.0,21.7302,13756.2,2010-09-08,8,2,Wednesday,0,9,Sep,2010,3,251,24.197566666666667,26.5553,23.772157142857143
2010-09-09,1238.714,0.8602180555555555,6.426,0.156,0.8053318876659239,0.11663472222222222,240.6032152777778,3.701666666666666,1813.0,2128.0,7016.0,20.645233333333334,9688.233333333334,2010-09-09,9,3,Thursday,0,9,Sep,2010,3,252,21.7302,23.208199999999998,23.406019047619047
2010-09-10,1328.108,0.9222972222222222,4.396,0.158,0.8901940574363493,0.138925,241.8182013888889,3.921527777777778,966.0,654.0,10773.0,22.135133333333332,9742.133333333331,2010-09-10,10,4,Friday,0,9,Sep,2010,3,253,20.645233333333334,22.44023333333333,23.362433333333335
2010-09-11,1463.31,1.0161875,3.788,0.16,0.7649165871192584,0.16363194444444445,241.67075,4.311944444444444,930.0,1427.0,8996.0,24.3885,13035.5,2010-09-11,11,5,Saturday,1,9,Sep,2010,3,254,22.135133333333332,29.064,22.694504761904764
2010-09-12,1612.092,1.1195083333333333,5.156,0.142,0.907533769436995,0.13983194444444444,241.61972222222224,4.755694444444444,1805.0,2080.0,8891.0,26.8682,14092.2,2010-09-12,12,6,Sunday,1,9,Sep,2010,3,255,24.3885,22.0503,23.382776190476193
2010-09-13,1076.32,0.7474444444444444,3.848,0.142,0.7001472155112489,0.13180416666666667,241.15527083333336,3.241111111111111,1301.0,798.0,6710.0,17.938666666666666,9129.666666666668,2010-09-13,13,0,Monday,0,9,Sep,2010,3,256,26.8682,23.7146,22.557642857142856
2010-09-14,1430.678,0.993526388888889,4.804,0.138,0.8781794869250177,0.13680833333333334,240.94131944444445,4.237361111111111,1874.0,2705.0,10270.0,23.844633333333334,8995.633333333335,2010-09-14,14,1,Tuesday,0,9,Sep,2010,3,257,17.938666666666666,24.197566666666667,22.50722380952381
2010-09-15,986.094,0.6847875,3.384,0.14,0.6182421576649765,0.15247083333333333,241.29677777777778,2.9531944444444447,0.0,898.0,6018.0,16.434900000000003,9518.900000000001,2010-09-15,15,2,Wednesday,0,9,Sep,2010,3,258,23.844633333333334,21.7302,21.75075238095238
2010-09-16,1339.738,0.9303736111111112,5.28,0.14,0.8209161863355149,0.11899305555555555,240.41177083333335,3.9340277777777777,1038.0,739.0,10310.0,22.328966666666666,10241.966666666667,2010-09-16,16,3,Thursday,0,9,Sep,2010,3,259,16.434900000000003,20.645233333333334,21.991285714285716
2010-09-17,1497.608,1.0400055555555556,5.758,0.14,1.103572015707972,0.13655694444444444,240.814875,4.427777777777778,1954.0,5496.0,9727.0,24.96013333333333,7783.133333333331,2010-09-17,17,4,Friday,0,9,Sep,2010,3,260,22.328966666666666,22.135133333333332,22.394857142857145
2010-09-18,1247.946,0.8666291666666666,2.974,0.144,0.6697313381541643,0.11248472222222222,241.55907638888888,3.662361111111111,982.0,754.0,11779.0,20.7991,7284.0999999999985,2010-09-18,18,5,Saturday,1,9,Sep,2010,3,261,24.96013333333333,24.3885,21.882085714285715
2010-09-19,919.6,0.6386111111111111,3.762,0.138,0.6892631703595176,0.10236527777777778,241.71130555555558,2.7115277777777775,0.0,1307.0,5156.0,15.326666666666666,8863.666666666666,2010-09-19,19,6,Sunday,1,9,Sep,2010,3,262,20.7991,26.8682,20.233295238095234
2010-09-20,1682.832,1.1686333333333334,6.17,0.146,0.9115615657303384,0.13556527777777777,241.4937361111111,4.985972222222222,3323.0,766.0,13262.0,28.0472,10696.2,2010-09-20,20,0,Monday,0,9,Sep,2010,3,263,15.326666666666666,17.938666666666666,21.67737142857143
2010-09-21,1111.376,0.7717888888888889,3.636,0.14,0.7148863771191648,0.12480138888888889,240.91864583333333,3.311527777777778,0.0,679.0,7969.0,18.522933333333334,9874.933333333334,2010-09-21,21,1,Tuesday,0,9,Sep,2010,3,264,28.0472,23.844633333333334,20.91712857142857
2010-09-22,1510.394,1.0488847222222222,4.484,0.146,0.8405596454898681,0.13078472222222223,240.65502777777778,4.468055555555556,2472.0,1167.0,11768.0,25.173233333333332,9766.233333333334,2010-09-22,22,2,Wednesday,0,9,Sep,2010,3,265,18.522933333333334,16.434900000000003,22.165461904761905
2010-09-23,1449.862,1.0068486111111112,3.92,0.142,0.7749204317006655,0.11454027777777777,240.7245,4.227777777777778,1021.0,755.0,12002.0,24.16436666666667,10386.366666666669,2010-09-23,23,3,Thursday,0,9,Sep,2010,3,266,25.173233333333332,22.328966666666666,22.4276619047619
2010-09-24,1327.992,0.9222166666666667,3.952,0.14,0.772648312720224,0.12865,240.58872222222223,3.923611111111111,1739.0,773.0,8666.0,22.1332,10955.199999999997,2010-09-24,24,4,Friday,0,9,Sep,2010,3,267,24.16436666666667,24.96013333333333,22.023814285714288
2010-09-25,585.3598205421916,0.406499875376522,2.008,0.142,0.2204874817403568,0.05532533727885962,241.4143233926223,1.7047964659963513,0.0,150.0,4454.327987781596,9.755997009036527,5151.669021254932,2010-09-25,25,5,Saturday,1,9,Sep,2010,3,268,22.1332,20.7991,20.446228144148076
2010-09-26,1369.9661855670104,0.9513654066437572,1.2524620084001528,0.6502688048873616,0.1740194008942248,0.030364261168384882,239.6517640320733,3.980183276059565,0.0,0.0,10434.226804123711,22.832769759450173,12398.542955326462,2010-09-26,26,6,Sunday,1,9,Sep,2010,3,269,9.755997009036527,15.326666666666666,21.518528585974288
2010-09-27,2237.7270103092783,1.5539770904925543,1.85507369224895,1.2528804887361589,0.17401940089422593,0.017168384879725086,237.59540664375717,6.509392898052693,0.0,0.0,17164.123711340206,37.29545017182131,20131.3264604811,2010-09-27,27,0,Monday,0,9,Sep,2010,3,270,22.832769759450173,28.0472,22.83970718194876
2010-09-28,2887.73298358152,2.0053701274871667,4.108,0.842,0.41545348474264787,0.022178127784141532,236.64117954265834,8.40104402655806,944.0,181.0,19496.821496754488,48.128883059692,27507.061562937513,2010-09-28,28,1,Tuesday,0,9,Sep,2010,3,271,37.29545017182131,18.522933333333334,27.06912857142857
2010-09-29,1684.426,1.1697402777777777,4.422,0.238,0.7078752922445577,0.0968125,241.22340972222224,4.879166666666666,1579.0,648.0,13047.0,28.073766666666664,12799.766666666663,2010-09-29,29,2,Wednesday,0,9,Sep,2010,3,272,48.128883059692,25.173233333333332,27.483490476190475
2010-09-30,1248.278,0.8668597222222222,3.932,0.242,0.623792166427552,0.10641388888888888,242.30779166666665,3.6041666666666665,0.0,771.0,7988.0,20.804633333333335,12045.633333333335,2010-09-30,30,3,Thursday,0,9,Sep,2010,3,273,28.073766666666664,24.16436666666667,27.00352857142857
2010-10-01,1504.82,1.045013888888889,4.136,0.234,0.8038066209562698,0.10957222222222221,240.80197916666665,4.372638888888889,1752.0,724.0,11307.0,25.080333333333332,11297.333333333332,2010-10-01,1,4,Friday,0,10,Oct,2010,4,274,20.804633333333335,22.1332,27.42454761904762
2010-10-02,1923.254,1.3355930555555555,6.414,0.238,1.1501900974497248,0.11533750000000001,240.70345833333332,5.584305555555555,3972.0,741.0,13532.0,32.05423333333333,13809.23333333333,2010-10-02,2,5,Saturday,1,10,Oct,2010,4,275,25.080333333333332,9.755997009036527,30.610009951090017
2010-10-03,1830.684,1.2713083333333333,6.796,0.24,1.1785037565950087,0.14084305555555554,241.93284027777776,5.398472222222223,5000.0,2564.0,7738.0,30.5114,15209.399999999998,2010-10-03,3,6,Sunday,1,10,Oct,2010,4,276,32.05423333333333,22.832769759450173,31.706957128311423
2010-10-04,1775.96,1.2333055555555557,5.212,0.25,0.9173914833984789,0.13026666666666667,240.62145833333335,5.197916666666667,1709.0,722.0,8252.0,29.599333333333334,18916.333333333336,2010-10-04,4,0,Monday,0,10,Oct,2010,4,277,30.5114,37.29545017182131,30.607511865670283
2010-10-05,1854.624,1.2879333333333334,5.252,0.238,0.8039250073067605,0.14766805555555557,239.91899999999998,5.422083333333333,0.0,3012.0,12037.0,30.9104,15861.399999999998,2010-10-05,5,1,Tuesday,0,10,Oct,2010,4,278,29.599333333333334,48.128883059692,28.14772857142857
2010-10-06,1315.456,0.913511111111111,4.174,0.244,0.7185912207058226,0.09761666666666667,241.27625,3.815555555555555,1016.0,527.0,8055.0,21.924266666666664,12326.266666666663,2010-10-06,6,2,Wednesday,0,10,Oct,2010,4,279,30.9104,28.073766666666664,27.269228571428567
2010-10-07,1809.954,1.2569124999999999,4.94,0.236,0.9248393722543693,0.12506666666666666,241.60523611111108,5.287638888888889,2159.0,543.0,12666.0,30.1659,14797.900000000001,2010-10-07,7,3,Thursday,0,10,Oct,2010,4,280,21.924266666666664,20.804633333333335,28.606552380952376
2010-10-08,1510.456,1.0489277777777777,5.226,0.238,0.8133990626292205,0.13931666666666667,240.98219444444445,4.433472222222222,964.0,710.0,9927.0,25.174266666666664,13573.266666666663,2010-10-08,8,4,Friday,0,10,Oct,2010,4,281,30.1659,25.080333333333332,28.61997142857143
2010-10-09,1611.78,1.1192916666666666,4.048,0.304,0.7597949274821847,0.1764027777777778,240.1984375,4.740972222222222,959.0,1585.0,13132.0,26.863,11187.0,2010-10-09,9,5,Saturday,1,10,Oct,2010,4,282,25.174266666666664,32.05423333333333,27.87836666666667
2010-10-10,1998.904,1.3881277777777778,6.892,0.334,1.192989354546708,0.22739305555555558,240.3423472222222,5.9181944444444445,3325.0,773.0,10297.0,33.31506666666667,18920.066666666666,2010-10-10,10,6,Sunday,1,10,Oct,2010,4,283,26.863,30.5114,28.278890476190476
2010-10-11,1622.59,1.126798611111111,6.158,0.274,0.9904536572970528,0.18647916666666664,239.92619444444443,4.820416666666667,1007.0,5006.0,8734.0,27.043166666666664,12296.166666666664,2010-10-11,11,0,Monday,0,10,Oct,2010,4,284,33.31506666666667,29.599333333333334,27.91372380952381
2010-10-12,1579.692,1.0970083333333334,5.696,0.26,0.9155778877786953,0.11824166666666666,240.26067361111112,4.681388888888889,1104.0,780.0,9812.0,26.3282,14632.2,2010-10-12,12,1,Tuesday,0,10,Oct,2010,4,285,27.043166666666664,30.9104,27.259123809523807
2010-10-13,2073.886,1.4401986111111111,3.962,0.25,0.9247615229643058,0.11989166666666667,240.79931944444445,6.015833333333333,1988.0,611.0,16593.0,34.564766666666664,15372.766666666663,2010-10-13,13,2,Wednesday,0,10,Oct,2010,4,286,26.3282,21.924266666666664,29.064909523809522
2010-10-14,2135.122,1.482723611111111,6.298,0.26,1.2936264378348172,0.1499611111111111,240.90321527777778,6.261111111111111,2583.0,2441.0,14239.0,35.585366666666665,16322.366666666669,2010-10-14,14,3,Thursday,0,10,Oct,2010,4,287,34.564766666666664,30.1659,29.839119047619047
2010-10-15,1596.324,1.1085583333333333,4.238,0.262,0.7625222543603029,0.13995833333333332,240.7949444444444,4.6883333333333335,712.0,827.0,10786.0,26.6054,14280.399999999998,2010-10-15,15,4,Friday,0,10,Oct,2010,4,288,35.585366666666665,25.174266666666664,30.043566666666663
2010-10-16,1000.014,0.6944541666666667,3.35,0.246,0.6232709982826152,0.11662361111111111,241.91749305555555,2.936111111111111,0.0,645.0,7656.0,16.666900000000002,8365.900000000001,2010-10-16,16,5,Saturday,1,10,Oct,2010,4,289,26.6054,26.863,28.586980952380948
2010-10-17,1047.382,0.7273486111111112,4.326,0.242,0.7389983383783324,0.12881527777777776,242.2758263888889,3.0640277777777776,995.0,666.0,4681.0,17.456366666666668,11114.366666666669,2010-10-17,17,6,Sunday,1,10,Oct,2010,4,290,16.666900000000002,33.31506666666667,26.321452380952376
2010-10-18,2713.884,1.8846416666666668,6.29,0.248,1.5569328089029724,0.1813777777777778,241.81618055555555,7.903333333333332,2234.0,10218.0,16382.0,45.2314,16397.4,2010-10-18,18,0,Monday,0,10,Oct,2010,4,291,17.456366666666668,27.043166666666664,28.91977142857143
2010-10-19,1925.978,1.3374847222222224,6.492,0.248,1.182055715626952,0.15247916666666667,241.9127847222222,5.6530555555555555,1025.0,4110.0,9461.0,32.09963333333334,17503.633333333335,2010-10-19,19,1,Tuesday,0,10,Oct,2010,4,292,45.2314,26.3282,29.744261904761906
2010-10-20,1727.964,1.199975,4.978,0.256,0.9723050390798932,0.11289166666666667,242.248125,5.033611111111111,2154.0,690.0,10330.0,28.7994,15625.399999999998,2010-10-20,20,2,Wednesday,0,10,Oct,2010,4,293,32.09963333333334,34.564766666666664,28.920638095238097
2010-10-21,1355.198,0.9411097222222223,4.762,0.254,0.881249295896254,0.12599583333333333,243.47242361111108,3.9468055555555552,755.0,691.0,6757.0,22.586633333333335,14383.633333333335,2010-10-21,21,3,Thursday,0,10,Oct,2010,4,294,28.7994,35.585366666666665,27.063676190476194
2010-10-22,1668.892,1.1589527777777777,4.642,0.252,0.7346682652020496,0.10314027777777778,242.79820138888888,4.783194444444445,1106.0,478.0,12697.0,27.814866666666667,13533.866666666669,2010-10-22,22,4,Friday,0,10,Oct,2010,4,295,22.586633333333335,26.6054,27.236457142857144
2010-10-23,2293.236,1.592525,6.234,0.25,1.1505859555331746,0.14799444444444443,242.24353472222222,6.689722222222223,3737.0,3883.0,13465.0,38.2206,17135.6,2010-10-23,23,5,Saturday,1,10,Oct,2010,4,296,27.814866666666667,16.666900000000002,30.31555714285715
2010-10-24,2392.304,1.6613222222222224,6.172,0.29,1.1741969942470225,0.18716597222222223,243.02140972222224,6.971180555555556,1982.0,7563.0,13237.5,39.87173333333333,17089.23333333333,2010-10-24,24,6,Sunday,1,10,Oct,2010,4,297,38.2206,17.456366666666668,33.51775238095238
2010-10-25,1163.292,0.8078416666666666,5.422,0.25,0.6162175616791122,0.11064444444444445,242.40615277777778,3.3922222222222222,0.0,541.0,6748.0,19.388199999999998,12099.199999999997,2010-10-25,25,0,Monday,0,10,Oct,2010,4,298,39.87173333333333,45.2314,29.825866666666666
2010-10-26,945.904,0.6568777777777778,4.616,0.246,0.7143673323562579,0.1203236111111111,244.89095833333332,2.7504166666666667,0.0,2488.0,4989.0,15.765066666666666,8288.066666666666,2010-10-26,26,1,Tuesday,0,10,Oct,2010,4,299,19.388199999999998,32.09963333333334,27.49235714285714
2010-10-27,1260.278,0.8751930555555556,4.29,0.258,0.7441371244558602,0.10682777777777777,246.1087083333333,3.622916666666667,0.0,2058.0,8269.0,21.004633333333334,10677.633333333335,2010-10-27,27,2,Wednesday,0,10,Oct,2010,4,300,15.765066666666666,28.7994,26.37881904761905
2010-10-28,1463.326,1.0161986111111112,5.294,0.258,0.9022337237569763,0.1300277777777778,246.25389583333333,4.200138888888889,1103.0,2627.0,9087.0,24.388766666666665,11571.766666666666,2010-10-28,28,3,Thursday,0,10,Oct,2010,4,301,21.004633333333334,22.586633333333335,26.636266666666668
2010-10-29,1204.422,0.8364041666666667,4.054,0.25,0.586760139473696,0.13591666666666666,245.74310416666668,3.5119444444444445,1075.0,726.0,3911.0,20.0737,14361.699999999997,2010-10-29,29,4,Friday,0,10,Oct,2010,4,302,24.388766666666665,27.814866666666667,25.53038571428571
2010-10-30,2152.7,1.4949305555555554,5.02,0.256,1.0739598944089386,0.1356388888888889,243.26736805555555,6.229027777777778,2353.0,614.0,15303.0,35.87833333333333,17608.33333333333,2010-10-30,30,5,Saturday,1,10,Oct,2010,4,303,20.0737,38.2206,25.195776190476188
2010-10-31,1476.43,1.025298611111111,4.7,0.26,0.8120340197300258,0.1445013888888889,245.49527777777777,4.235138888888889,1430.0,678.0,5589.0,24.607166666666668,16910.166666666668,2010-10-31,31,6,Sunday,1,10,Oct,2010,4,304,35.87833333333333,39.87173333333333,23.015123809523807
2010-11-01,1383.18,0.9605416666666667,2.86,0.256,0.572570824615465,0.12992083333333335,246.37959722222223,3.937638888888889,0.0,634.0,8746.0,23.053,13673.0,2010-11-01,1,0,Monday,0,11,Nov,2010,4,305,24.607166666666668,19.388199999999998,23.538666666666668
2010-11-02,1191.082,0.8271402777777779,3.146,0.25,0.6123411025692168,0.1295277777777778,245.78691666666666,3.4218055555555553,0.0,574.0,5784.0,19.851366666666667,13493.366666666669,2010-11-02,2,1,Tuesday,0,11,Nov,2010,4,306,23.053,15.765066666666666,24.12242380952381
2010-11-03,1293.298,0.8981236111111112,5.026,0.252,0.8200729191790377,0.12240555555555556,244.27853472222225,3.7595833333333335,1021.0,1108.0,6529.0,21.554966666666665,12896.966666666664,2010-11-03,3,2,Wednesday,0,11,Nov,2010,4,307,19.851366666666667,21.004633333333334,24.201042857142856
2010-11-04,2555.146,1.7744069444444446,8.126,0.272,1.7019491923036805,0.17530416666666665,243.15222916666667,7.4961111111111105,6029.0,11193.0,10286.0,42.58576666666667,15077.76666666667,2010-11-04,4,3,Thursday,0,11,Nov,2010,4,308,21.554966666666665,24.388766666666665,26.800614285714286
2010-11-05,1736.088,1.2056166666666666,5.374,0.266,0.7615713120761223,0.12534583333333332,243.77503472222222,5.053333333333334,0.0,790.0,12610.0,28.9348,15534.8,2010-11-05,5,4,Friday,0,11,Nov,2010,4,309,42.58576666666667,20.0737,28.06648571428571
2010-11-06,1805.408,1.2537555555555555,4.896,0.262,0.9177719409629338,0.13469305555555555,238.43022222222223,5.345138888888889,3255.0,680.0,9803.0,30.09013333333333,16352.133333333331,2010-11-06,6,5,Saturday,1,11,Nov,2010,4,310,28.9348,35.87833333333333,27.2396
2010-11-07,1673.816,1.1623722222222221,3.338,0.254,0.7849283481987626,0.12151111111111111,238.4364861111111,4.965972222222222,1026.0,621.0,6943.0,27.896933333333333,19306.933333333334,2010-11-07,7,6,Sunday,1,11,Nov,2010,4,311,30.09013333333333,24.607166666666668,27.709566666666667
2010-11-08,1825.54,1.2677361111111112,5.51,0.254,0.8926426864964169,0.10115,237.7430625,5.373194444444445,1087.0,555.0,13038.0,30.425666666666665,15745.666666666664,2010-11-08,8,0,Monday,0,11,Nov,2010,4,312,27.896933333333333,23.053,28.762804761904764
2010-11-09,2022.098,1.4042347222222222,5.644,0.254,1.1151637531908831,0.10740972222222221,237.78809027777777,5.985972222222221,2097.0,583.0,12500.0,33.701633333333334,18521.63333333333,2010-11-09,9,1,Tuesday,0,11,Nov,2010,4,313,30.425666666666665,19.851366666666667,30.74141428571429
2010-11-10,1946.534,1.3517597222222224,7.638,0.256,1.171759945977182,0.10657777777777779,239.08477083333335,5.716666666666667,1026.0,5858.0,13308.0,32.442233333333334,12250.233333333334,2010-11-10,10,2,Wednesday,0,11,Nov,2010,4,314,33.701633333333334,21.554966666666665,32.2967380952381
2010-11-11,1773.592,1.231661111111111,5.506,0.23,1.0233135575108738,0.1056861111111111,238.72870833333334,5.2555555555555555,3424.0,2216.0,6259.0,29.559866666666668,17660.86666666667,2010-11-11,11,3,Thursday,0,11,Nov,2010,4,315,32.442233333333334,42.58576666666667,30.435895238095238
2010-11-12,1836.822,1.2755708333333333,4.78,0.22,0.9297631143288614,0.10496111111111112,238.83789583333333,5.434861111111111,2054.0,489.0,10308.0,30.613699999999998,17762.699999999997,2010-11-12,12,4,Friday,0,11,Nov,2010,4,316,29.559866666666668,28.9348,30.675738095238096
2010-11-13,2023.174,1.4049819444444445,5.02,0.234,0.9319406308843333,0.112625,239.33274305555557,5.919583333333334,1051.0,589.0,13853.0,33.719566666666665,18226.566666666666,2010-11-13,13,5,Saturday,1,11,Nov,2010,4,317,30.613699999999998,30.09013333333333,31.19422857142857
2010-11-14,2038.392,1.41555,4.946,0.226,1.091845637777539,0.14145416666666666,239.2797986111111,6.032361111111111,5344.0,549.0,8758.0,33.9732,19322.199999999997,2010-11-14,14,6,Sunday,1,11,Nov,2010,4,318,33.719566666666665,27.896933333333333,32.062266666666666
2010-11-15,1747.382,1.2134597222222223,7.656,0.226,1.069142694510781,0.08799722222222221,239.54924305555554,5.125694444444444,1075.0,4222.0,8918.0,29.123033333333336,14908.033333333336,2010-11-15,15,0,Monday,0,11,Nov,2010,4,319,33.9732,30.425666666666665,31.87617619047619
2010-11-16,1509.748,1.0484361111111111,4.27,0.226,0.8575361015593272,0.0927763888888889,241.19761111111112,4.403611111111111,0.0,478.0,7949.0,25.162466666666667,16735.466666666667,2010-11-16,16,1,Tuesday,0,11,Nov,2010,4,320,29.123033333333336,33.701633333333334,30.656295238095243
2010-11-17,1582.032,1.0986333333333334,5.234,0.226,0.8478016695445676,0.09855277777777778,241.45224305555556,4.63125,1153.0,491.0,8915.0,26.3672,15808.2,2010-11-17,17,2,Wednesday,0,11,Nov,2010,4,321,25.162466666666667,32.442233333333334,29.788433333333334
2010-11-18,1652.152,1.1473277777777777,4.602,0.214,0.9210788509566165,0.14319166666666666,241.01675,4.876944444444445,2175.0,489.0,9449.0,27.535866666666667,15422.866666666669,2010-11-18,18,3,Thursday,0,11,Nov,2010,4,322,26.3672,29.559866666666668,29.499290476190478
2010-11-19,1570.4,1.0905555555555557,4.282,0.218,0.6540658083805735,0.08536666666666666,240.04675694444447,4.5784722222222225,0.0,483.0,11914.0,26.173333333333336,13776.333333333336,2010-11-19,19,4,Friday,0,11,Nov,2010,4,323,27.535866666666667,30.613699999999998,28.86495238095238
2010-11-20,2197.006,1.525698611111111,9.724,0.218,1.3604261077752904,0.10678333333333333,240.60833333333332,6.472361111111112,4367.0,2947.0,11433.0,36.61676666666666,17869.766666666663,2010-11-20,20,5,Saturday,1,11,Nov,2010,4,324,26.173333333333336,33.719566666666665,29.278838095238093
2010-11-21,900.91,0.6256319444444445,3.236,0.21,0.5707234092094916,0.08307222222222221,241.18019444444442,2.6379166666666665,0.0,506.0,4778.0,15.015166666666666,9731.166666666666,2010-11-21,21,6,Sunday,1,11,Nov,2010,4,325,36.61676666666666,33.9732,26.57054761904762
2010-11-22,2041.536,1.4177333333333333,5.938,0.222,1.1739191221506433,0.09885694444444446,240.19711805555553,6.014166666666666,4855.0,2110.0,10136.0,34.025600000000004,16924.600000000006,2010-11-22,22,0,Monday,0,11,Nov,2010,4,326,15.015166666666666,29.123033333333336,27.27091428571429
2010-11-23,1577.536,1.095511111111111,4.628,0.216,0.8745303132614786,0.09545138888888888,240.57552777777778,4.674444444444444,1871.0,458.0,7611.0,26.292266666666666,16352.266666666666,2010-11-23,23,1,Tuesday,0,11,Nov,2010,4,327,34.025600000000004,25.162466666666667,27.432314285714284
2010-11-24,1796.248,1.2473944444444445,5.75,0.218,0.8896820960740668,0.09198611111111112,240.0309652777778,5.249583333333333,1096.0,2848.0,12224.0,29.93746666666667,13769.46666666667,2010-11-24,24,2,Wednesday,0,11,Nov,2010,4,328,26.292266666666666,26.3672,27.94235238095238
2010-11-25,1431.164,0.9938638888888889,5.074,0.214,0.8320542481956277,0.08064444444444445,241.53625694444446,4.169444444444444,1076.0,426.0,5072.0,23.852733333333333,17278.733333333334,2010-11-25,25,3,Thursday,0,11,Nov,2010,4,329,29.93746666666667,27.535866666666667,27.416190476190476
2010-11-26,1488.104,1.1782296120348377,4.242,0.214,0.8440189915941233,0.09566587490102929,240.2910292953286,4.9562945368171025,1080.0,385.0,9989.0,24.801733333333335,13347.733333333334,2010-11-26,26,4,Friday,0,11,Nov,2010,4,330,23.852733333333333,26.173333333333336,27.220247619047623
